time,theta_t,theta_t_fit
0.001,6.604076,5.186066564
0.002,5.960071,5.210062938
0.003,5.62061,5.233893442
0.004,5.742759,5.257557316
0.005,5.684399,5.281053808
0.006,5.741204,5.30438217
0.007,5.494041,5.327541658
0.008,5.550079,5.350531536
0.009,5.953931,5.373351072
0.01,6.6282,5.395999539
0.011,7.500892,5.418476216
0.012,8.425732,5.440780387
0.013,9.295372,5.462911343
0.014,10.002418,5.484868378
0.015,10.465262,5.506650795
0.016,10.780157,5.528257899
0.017,10.887992,5.549689002
0.018,10.841602,5.570943422
0.019,10.603269,5.592020483
0.02,10.345635,5.612919513
0.021,9.950406,5.633639848
0.022,9.442929,5.654180827
0.023,8.917567,5.674541796
0.024,8.519503,5.694722108
0.025,7.983364,5.714721119
0.026,7.718168,5.734538193
0.027,7.834885,5.7541727
0.028,7.520641,5.773624014
0.029,7.068613,5.792891515
0.03,6.666254,5.811974591
0.031,6.410567,5.830872634
0.032,6.327863,5.849585043
0.033,5.984512,5.86811122
0.034,6.211643,5.886450577
0.035,6.512911,5.904602531
0.036,6.842986,5.922566502
0.037,7.356007,5.940341919
0.038,7.446232,5.957928216
0.039,7.723958,5.975324833
0.04,7.934037,5.992531217
0.041,8.120134,6.00954682
0.042,8.303723,6.026371099
0.043,8.50091,6.043003519
0.044,8.573033,6.059443552
0.045,8.523975,6.075690672
0.046,8.375605,6.091744364
0.047,8.187463,6.107604115
0.048,7.90427,6.123269422
0.049,7.635969,6.138739785
0.05,7.327756,6.154014712
0.051,7.02235,6.169093716
0.052,6.794816,6.183976318
0.053,6.596059,6.198662043
0.054,6.417427,6.213150425
0.055,6.307061,6.227441001
0.056,6.289943,6.241533317
0.057,6.320317,6.255426925
0.058,6.608873,6.269121381
0.059,6.762445,6.28261625
0.06,6.942925,6.295911103
0.061,7.156577,6.309005515
0.062,7.319632,6.321899071
0.063,7.24117,6.334591359
0.064,7.755354,6.347081976
0.065,7.917673,6.359370524
0.066,8.001338,6.371456611
0.067,8.179914,6.383339854
0.068,8.245054,6.395019873
0.069,8.167835,6.406496297
0.07,7.953575,6.41776876
0.071,7.645671,6.428836903
0.072,7.244925,6.439700375
0.073,6.840807,6.450358829
0.074,6.449834,6.460811926
0.075,6.152638,6.471059333
0.076,5.796873,6.481100724
0.077,5.521385,6.49093578
0.078,5.271461,6.500564186
0.079,5.468206,6.509985637
0.08,5.448212,6.519199832
0.081,5.440431,6.528206479
0.082,5.428927,6.537005291
0.083,5.418282,6.545595986
0.084,5.59934,6.553978293
0.085,5.828603,6.562151944
0.086,6.120122,6.570116679
0.087,6.441937,6.577872243
0.088,6.676236,6.585418392
0.089,6.994988,6.592754883
0.09,7.331249,6.599881484
0.091,7.692784,6.606797967
0.092,7.946367,6.613504113
0.093,8.077474,6.619999708
0.094,8.012132,6.626284546
0.095,7.56963,6.632358425
0.096,7.47628,6.638221153
0.097,7.471872,6.643872543
0.098,7.481884,6.649312415
0.099,7.414594,6.654540596
0.1,7.350566,6.659556919
0.101,7.36971,6.664361226
0.102,7.529915,6.668953362
0.103,7.836576,6.673333182
0.104,8.496969,6.677500546
0.105,8.775917,6.681455322
0.106,8.549371,6.685197383
0.107,8.516745,6.688726611
0.108,8.418603,6.692042892
0.109,8.309472,6.695146123
0.11,8.109275,6.698036203
0.111,7.773703,6.700713041
0.112,7.250879,6.703176551
0.113,6.629011,6.705426656
0.114,5.910116,6.707463283
0.115,5.445103,6.709286368
0.116,5.136007,6.710895852
0.117,5.351476,6.712291685
0.118,5.465653,6.713473821
0.119,5.797018,6.714442224
0.12,6.324443,6.715196862
0.121,6.975378,6.715737712
0.122,7.659106,6.716064755
0.123,8.293422,6.716177983
0.124,8.811895,6.716077391
0.125,9.103608,6.715762982
0.126,9.075809,6.715234767
0.127,8.527892,6.714492761
0.128,8.102713,6.71353699
0.129,7.546672,6.712367483
0.13,7.069185,6.710984277
0.131,6.593763,6.709387417
0.132,6.32745,6.707576953
0.133,6.297966,6.705552944
0.134,6.369601,6.703315452
0.135,6.404969,6.700864551
0.136,6.389429,6.698200317
0.137,6.359866,6.695322836
0.138,6.287209,6.692232198
0.139,6.235848,6.688928504
0.14,6.153881,6.685411857
0.141,6.03603,6.681682369
0.142,5.837023,6.67774016
0.143,5.589455,6.673585355
0.144,5.448951,6.669218087
0.145,5.32719,6.664638493
0.146,5.679007,6.65984672
0.147,5.794755,6.654842921
0.148,5.612809,6.649627255
0.149,5.676939,6.644199888
0.15,5.802032,6.638560992
0.151,5.843236,6.632710748
0.152,5.755177,6.626649341
0.153,5.570035,6.620376965
0.154,5.417983,6.613893819
0.155,5.263609,6.607200109
0.156,5.160441,6.600296049
0.157,4.969038,6.593181859
0.158,4.946319,6.585857764
0.159,5.499949,6.578323999
0.16,5.699878,6.570580802
0.161,6.050808,6.562628421
0.162,6.554619,6.554467109
0.163,7.032324,6.546097125
0.164,7.310167,6.537518737
0.165,6.920252,6.528732216
0.166,6.808504,6.519737843
0.167,6.437971,6.510535904
0.168,5.999043,6.501126692
0.169,5.530829,6.491510507
0.17,5.053159,6.481687655
0.171,4.570699,6.471658449
0.172,4.144295,6.461423207
0.173,3.807007,6.450982256
0.174,3.643392,6.440335927
0.175,3.699006,6.429484561
0.176,4.065945,6.418428503
0.177,4.648162,6.407168104
0.178,5.208937,6.395703723
0.179,5.859483,6.384035725
0.18,6.478373,6.372164481
0.181,7.122102,6.36009037
0.182,7.643807,6.347813776
0.183,8.014888,6.335335089
0.184,8.153761,6.322654707
0.185,8.106036,6.309773033
0.186,8.013292,6.296690479
0.187,7.791833,6.283407459
0.188,7.555769,6.269924398
0.189,7.288964,6.256241724
0.19,7.009691,6.242359873
0.191,6.691083,6.228279287
0.192,6.399292,6.214000414
0.193,6.193643,6.199523709
0.194,6.148383,6.184849632
0.195,7.014273,6.169978651
0.196,7.046301,6.15491124
0.197,7.02667,6.139647878
0.198,6.993034,6.12418905
0.199,6.98894,6.10853525
0.2,6.982957,6.092686974
0.201,7.01891,6.076644729
0.202,6.766815,6.060409025
0.203,6.906484,6.043980378
0.204,6.496324,6.027359312
0.205,6.249696,6.010546356
0.206,6.039652,5.993542044
0.207,5.922372,5.976346919
0.208,5.730519,5.958961528
0.209,5.38195,5.941386424
0.21,5.093082,5.923622167
0.211,4.778758,5.905669323
0.212,4.662472,5.887528462
0.213,4.72911,5.869200163
0.214,4.973723,5.850685009
0.215,5.433658,5.83198359
0.216,6.369761,5.8130965
0.217,6.774204,5.794024341
0.218,7.033329,5.774767721
0.219,7.229555,5.755327253
0.22,7.401436,5.735703554
0.221,7.438556,5.715897251
0.222,7.103822,5.695908973
0.223,6.859045,5.675739357
0.224,6.503499,5.655389046
0.225,6.122249,5.634858686
0.226,5.728327,5.614148933
0.227,5.347791,5.593260444
0.228,5.000496,5.572193885
0.229,4.727597,5.550949926
0.23,4.451044,5.529529245
0.231,4.97019,5.507932523
0.232,4.863855,5.486160447
0.233,4.876419,5.464213711
0.234,4.985287,5.442093013
0.235,5.179889,5.419799058
0.236,5.384177,5.397332555
0.237,5.557658,5.37469422
0.238,5.692265,5.351884774
0.239,5.782038,5.328904942
0.24,5.77888,5.305755456
0.241,5.767239,5.282437053
0.242,5.749436,5.258950475
0.243,5.667198,5.235296471
0.244,5.778856,5.211475794
0.245,5.793528,5.187489201
0.246,5.834474,5.163337456
0.247,4.211172,5.139021328
0.248,4.465839,5.114541592
0.249,4.813635,5.089899027
0.25,5.17573,5.065094417
0.251,5.509937,5.040128552
0.252,5.787279,5.015002226
0.253,6.052005,4.98971624
0.254,6.231831,4.964271399
0.255,6.201789,4.938668513
0.256,5.946961,4.912908397
0.257,5.6641,4.886991871
0.258,5.307464,4.86091976
0.259,4.974747,4.834692894
0.26,4.88527,4.808312108
0.261,4.608541,4.781778243
0.262,4.724723,4.755092142
0.263,4.99102,4.728254655
0.264,5.432167,4.701266637
0.265,5.995251,4.674128947
0.266,6.514493,4.646842449
0.267,7.253963,4.619408012
0.268,7.52019,4.591826509
0.269,7.751404,4.564098818
0.27,7.459195,4.536225822
0.271,7.27205,4.508208408
0.272,6.958899,4.480047468
0.273,6.543528,4.4517439
0.274,5.996748,4.423298603
0.275,5.345042,4.394712483
0.276,4.848364,4.365986452
0.277,4.556007,4.337121422
0.278,4.414863,4.308118314
0.279,4.626537,4.27897805
0.28,4.785929,4.249701558
0.281,5.225164,4.22028977
0.282,5.413691,4.190743623
0.283,5.7955,4.161064057
0.284,6.289606,4.131252018
0.285,6.800126,4.101308453
0.286,7.311373,4.071234317
0.287,7.814128,4.041030568
0.288,8.280213,4.010698165
0.289,8.60596,3.980238077
0.29,8.866883,3.949651271
0.291,8.901032,3.918938722
0.292,8.774295,3.888101407
0.293,8.55352,3.857140309
0.294,8.228251,3.826056413
0.295,7.770845,3.794850708
0.296,7.293215,3.763524189
0.297,6.741536,3.732077852
0.298,6.11347,3.700512698
0.299,5.512086,3.668829734
0.3,4.888669,3.637029966
0.301,4.415527,3.605114408
0.302,4.224571,3.573084075
0.303,4.116478,3.540939988
0.304,4.106497,3.50868317
0.305,4.124935,3.476314647
0.306,4.07624,3.443835451
0.307,4.025166,3.411246615
0.308,3.97132,3.378549176
0.309,3.905416,3.345744176
0.31,3.942003,3.31283266
0.311,4.023525,3.279815674
0.312,4.172472,3.24669427
0.313,4.301413,3.213469503
0.314,3.583202,3.18014243
0.315,3.80313,3.146714112
0.316,4.11018,3.113185614
0.317,4.525352,3.079558003
0.318,4.791704,3.045832349
0.319,4.966665,3.012009727
0.32,5.074162,2.978091213
0.321,4.989437,2.944077886
0.322,4.614222,2.909970831
0.323,4.082987,2.875771132
0.324,3.360533,2.841479878
0.325,2.669491,2.807098162
0.326,1.978533,2.772627077
0.327,1.415305,2.738067722
0.328,0.975142,2.703421195
0.329,0.853179,2.668688602
0.33,0.982744,2.633871046
0.331,1.305439,2.598969637
0.332,1.850439,2.563985486
0.333,2.540798,2.528919707
0.334,3.25933,2.493773416
0.335,3.929659,2.458547731
0.336,4.487856,2.423243775
0.337,4.911577,2.387862671
0.338,5.246412,2.352405546
0.339,5.447919,2.316873528
0.34,5.53653,2.28126775
0.341,5.48379,2.245589343
0.342,5.40957,2.209839445
0.343,5.096085,2.174019193
0.344,4.726004,2.138129728
0.345,4.435696,2.102172192
0.346,4.244566,2.066147731
0.347,4.109168,2.03005749
0.348,3.929713,1.99390262
0.349,3.662757,1.95768427
0.35,3.294305,1.921403595
0.351,2.934108,1.885061749
0.352,2.663217,1.848659889
0.353,2.449614,1.812199174
0.354,2.353874,1.775680765
0.355,2.293433,1.739105824
0.356,2.540472,1.702475516
0.357,2.481326,1.665791008
0.358,2.561125,1.629053466
0.359,2.636604,1.592264061
0.36,2.592243,1.555423964
0.361,2.254024,1.518534347
0.362,2.151766,1.481596386
0.363,1.994589,1.444611256
0.364,1.731251,1.407580134
0.365,1.415835,1.3705042
0.366,1.497633,1.333384634
0.367,1.318784,1.296222617
0.368,1.298108,1.259019333
0.369,1.461624,1.221775967
0.37,1.823213,1.184493703
0.371,2.318397,1.147173729
0.372,2.628331,1.109817233
0.373,3.42028,1.072425404
0.374,4.291526,1.034999433
0.375,5.077101,0.997540512
0.376,5.679374,0.960049831
0.377,6.366913,0.922528587
0.378,6.458101,0.884977972
0.379,5.927258,0.847399183
0.38,5.418915,0.809793415
0.381,4.192717,0.772161866
0.382,3.566241,0.734505735
0.383,2.810656,0.696826219
0.384,1.959701,0.659124519
0.385,1.283384,0.621401834
0.386,1.249719,0.583659366
0.387,1.038494,0.545898317
0.388,1.454,0.508119888
0.389,1.750468,0.470325282
0.39,2.33687,0.432515703
0.391,2.612547,0.394692353
0.392,2.667654,0.356856439
0.393,2.64728,0.319009163
0.394,2.544536,0.281151731
0.395,2.371139,0.243285348
0.396,2.184786,0.20541122
0.397,1.987553,0.167530552
0.398,1.951664,0.129644551
0.399,1.548011,0.091754422
0.4,1.376971,0.053861372
0.401,1.092441,0.015966607
0.402,0.714793,-0.021928666
0.403,0.382768,-0.059823241
0.404,0.371995,-0.097715911
0.405,0.079213,-0.135605471
0.406,-0.444576,-0.173490713
0.407,-1.245069,-0.211370432
0.408,-2.09283,-0.249243421
0.409,-2.819644,-0.287108476
0.41,-3.411538,-0.32496439
0.411,-3.802587,-0.362809958
0.412,-3.770105,-0.400643976
0.413,-4.004745,-0.438465238
0.414,-4.614362,-0.476272541
0.415,-4.62793,-0.514064682
0.416,-4.440105,-0.551840456
0.417,-4.121306,-0.589598662
0.418,-3.823428,-0.627338097
0.419,-3.794421,-0.66505756
0.42,-3.848218,-0.702755849
0.421,-3.841741,-0.740431765
0.422,-3.853963,-0.778084109
0.423,-3.801937,-0.815711681
0.424,-3.748915,-0.853313283
0.425,-3.848089,-0.890887719
0.426,-3.498704,-0.928433792
0.427,-3.046821,-0.965950308
0.428,-2.613607,-1.00343607
0.429,-1.876938,-1.040889887
0.43,-1.418916,-1.078310565
0.431,-1.107648,-1.115696914
0.432,-0.737724,-1.153047743
0.433,-0.43256,-1.190361862
0.434,-0.341903,-1.227638085
0.435,-0.427349,-1.264875224
0.436,-0.662659,-1.302072094
0.437,-0.926896,-1.33922751
0.438,-1.129455,-1.37634029
0.439,-1.276284,-1.413409252
0.44,-1.426313,-1.450433216
0.441,-1.545405,-1.487411003
0.442,-1.576402,-1.524341436
0.443,-1.53627,-1.56122334
0.444,-1.467309,-1.598055539
0.445,-1.372269,-1.634836862
0.446,-1.444639,-1.671566137
0.447,-1.567662,-1.708242196
0.448,-1.829214,-1.74486387
0.449,-2.029843,-1.781429994
0.45,-2.217386,-1.817939403
0.451,-2.411671,-1.854390935
0.452,-2.628475,-1.89078343
0.453,-2.849437,-1.927115729
0.454,-3.017575,-1.963386675
0.455,-3.347244,-1.999595113
0.456,-3.575664,-2.035739892
0.457,-3.835364,-2.07181986
0.458,-4.135179,-2.107833868
0.459,-4.372497,-2.14378077
0.46,-4.467658,-2.179659421
0.461,-4.562306,-2.21546868
0.462,-4.586433,-2.251207405
0.463,-4.502298,-2.28687446
0.464,-4.298994,-2.322468709
0.465,-4.101457,-2.357989019
0.466,-3.92644,-2.393434258
0.467,-3.686719,-2.428803299
0.468,-3.489155,-2.464095015
0.469,-3.207823,-2.499308283
0.47,-2.811177,-2.534441982
0.471,-2.515209,-2.569494993
0.472,-2.396443,-2.604466199
0.473,-2.528281,-2.639354489
0.474,-2.833379,-2.674158751
0.475,-2.956352,-2.708877877
0.476,-3.086432,-2.743510761
0.477,-3.180341,-2.778056302
0.478,-3.356621,-2.812513399
0.479,-3.543054,-2.846880956
0.48,-3.954163,-2.881157877
0.481,-4.454048,-2.915343073
0.482,-4.845261,-2.949435454
0.483,-5.047135,-2.983433935
0.484,-5.186652,-3.017337434
0.485,-5.362642,-3.051144872
0.486,-5.628275,-3.084855171
0.487,-5.785079,-3.11846726
0.488,-5.683066,-3.151980067
0.489,-5.34937,-3.185392526
0.49,-4.938846,-3.218703574
0.491,-4.49411,-3.251912149
0.492,-4.113598,-3.285017194
0.493,-3.799587,-3.318017656
0.494,-3.471709,-3.350912484
0.495,-3.120379,-3.38370063
0.496,-2.762318,-3.416381051
0.497,-2.200662,-3.448952706
0.498,-2.326993,-3.481414559
0.499,-2.603154,-3.513765575
0.5,-2.830995,-3.546004726
0.501,-2.996684,-3.578130983
0.502,-2.983626,-3.610143326
0.503,-2.818613,-3.642040734
0.504,-2.704253,-3.673822192
0.505,-2.775576,-3.705486688
0.506,-3.035804,-3.737033215
0.507,-3.477511,-3.768460767
0.508,-3.896401,-3.799768345
0.509,-3.927097,-3.830954951
0.51,-3.932461,-3.862019593
0.511,-4.044671,-3.892961281
0.512,-3.98148,-3.923779031
0.513,-3.919339,-3.954471862
0.514,-4.155871,-3.985038796
0.515,-4.164581,-4.01547886
0.516,-3.904906,-4.045791085
0.517,-3.582131,-4.075974506
0.518,-3.327183,-4.106028163
0.519,-3.271106,-4.135951097
0.52,-3.35042,-4.165742358
0.521,-3.815215,-4.195400995
0.522,-4.387802,-4.224926066
0.523,-5.088562,-4.254316629
0.524,-5.9286,-4.28357175
0.525,-6.573624,-4.312690497
0.526,-7.107998,-4.341671942
0.527,-7.496312,-4.370515164
0.528,-7.710528,-4.399219244
0.529,-7.719791,-4.427783268
0.53,-7.451242,-4.456206326
0.531,-6.992272,-4.484487515
0.532,-6.473082,-4.512625933
0.533,-6.042651,-4.540620684
0.534,-5.525595,-4.568470878
0.535,-4.884114,-4.596175628
0.536,-4.182241,-4.623734051
0.537,-3.470815,-4.651145271
0.538,-2.545923,-4.678408414
0.539,-2.07293,-4.705522613
0.54,-1.939431,-4.732487005
0.541,-1.99312,-4.75930073
0.542,-2.026288,-4.785962936
0.543,-2.458768,-4.812472774
0.544,-2.577445,-4.838829399
0.545,-2.832578,-4.865031972
0.546,-3.420389,-4.89107966
0.547,-4.181582,-4.916971633
0.548,-4.52232,-4.942707066
0.549,-4.731381,-4.968285141
0.55,-4.810461,-4.993705043
0.551,-4.753347,-5.018965962
0.552,-4.602411,-5.044067095
0.553,-4.421181,-5.069007643
0.554,-4.220632,-5.093786811
0.555,-3.688984,-5.11840381
0.556,-3.448112,-5.142857857
0.557,-3.318075,-5.167148173
0.558,-3.249753,-5.191273985
0.559,-3.136572,-5.215234526
0.56,-3.110149,-5.239029031
0.561,-3.156006,-5.262656743
0.562,-3.325791,-5.286116911
0.563,-3.525491,-5.309408787
0.564,-3.814565,-5.33253163
0.565,-4.02906,-5.355484704
0.566,-4.229495,-5.378267277
0.567,-4.392195,-5.400878626
0.568,-4.529108,-5.423318029
0.569,-4.634557,-5.445584772
0.57,-4.707771,-5.467678147
0.571,-4.646534,-5.48959745
0.572,-4.605528,-5.511341983
0.573,-4.650028,-5.532911054
0.574,-4.702698,-5.554303977
0.575,-4.656527,-5.575520069
0.576,-6.429191,-5.596558657
0.577,-6.277463,-5.617419069
0.578,-6.113643,-5.638100642
0.579,-5.642742,-5.658602718
0.58,-5.424074,-5.678924643
0.581,-5.221866,-5.699065772
0.582,-4.952565,-5.719025461
0.583,-4.754639,-5.738803077
0.584,-4.616536,-5.758397989
0.585,-4.581817,-5.777809574
0.586,-4.685381,-5.797037213
0.587,-4.978392,-5.816080295
0.588,-5.331213,-5.834938213
0.589,-5.707312,-5.853610366
0.59,-6.07658,-5.872096161
0.591,-6.18905,-5.890395009
0.592,-6.166691,-5.908506327
0.593,-6.106442,-5.926429539
0.594,-6.049408,-5.944164074
0.595,-6.023882,-5.961709367
0.596,-6.004417,-5.97906486
0.597,-5.695954,-5.99623
0.598,-5.350485,-6.013204241
0.599,-4.976166,-6.029987043
0.6,-4.712,-6.046577871
0.601,-4.624425,-6.062976196
0.602,-4.715004,-6.079181498
0.603,-4.755946,-6.095193259
0.604,-4.724783,-6.111010971
0.605,-4.521782,-6.126634129
0.606,-4.509977,-6.142062236
0.607,-4.562906,-6.157294802
0.608,-4.48005,-6.17233134
0.609,-4.677983,-6.187171373
0.61,-4.861664,-6.201814428
0.611,-5.011789,-6.216260039
0.612,-5.118463,-6.230507745
0.613,-5.43093,-6.244557094
0.614,-5.475734,-6.258407637
0.615,-5.503474,-6.272058935
0.616,-5.453626,-6.285510552
0.617,-5.34395,-6.29876206
0.618,-5.186328,-6.311813037
0.619,-4.962931,-6.324663069
0.62,-4.734317,-6.337311744
0.621,-4.559683,-6.349758662
0.622,-4.455806,-6.362003426
0.623,-4.141248,-6.374045645
0.624,-4.159264,-6.385884937
0.625,-4.258144,-6.397520924
0.626,-4.421019,-6.408953237
0.627,-4.617955,-6.42018151
0.628,-4.718947,-6.431205388
0.629,-4.99798,-6.442024518
0.63,-4.972496,-6.452638556
0.631,-4.946364,-6.463047165
0.632,-4.845211,-6.473250013
0.633,-4.733147,-6.483246774
0.634,-4.716921,-6.493037132
0.635,-4.62378,-6.502620774
0.636,-4.613016,-6.511997395
0.637,-4.739133,-6.521166697
0.638,-4.837201,-6.530128387
0.639,-4.974054,-6.538882181
0.64,-5.112066,-6.547427799
0.641,-5.243544,-6.55576497
0.642,-5.834858,-6.563893428
0.643,-6.255201,-6.571812915
0.644,-6.678674,-6.579523177
0.645,-6.96825,-6.587023971
0.646,-7.035067,-6.594315057
0.647,-6.624298,-6.601396202
0.648,-6.437122,-6.608267182
0.649,-6.236961,-6.614927777
0.65,-6.393772,-6.621377777
0.651,-6.034249,-6.627616974
0.652,-5.684295,-6.633645171
0.653,-5.32278,-6.639462176
0.654,-4.973551,-6.645067804
0.655,-3.968983,-6.650461875
0.656,-3.884841,-6.655644219
0.657,-3.939842,-6.66061467
0.658,-4.096396,-6.665373071
0.659,-4.616673,-6.669919269
0.66,-4.771233,-6.674253119
0.661,-4.910224,-6.678374485
0.662,-2.791691,-6.682283235
0.663,-3.313993,-6.685979244
0.664,-3.870971,-6.689462394
0.665,-4.554084,-6.692732575
0.666,-5.252772,-6.695789683
0.667,-5.827601,-6.69863362
0.668,-6.200066,-6.701264295
0.669,-6.329381,-6.703681626
0.67,-6.302506,-6.705885535
0.671,-6.096067,-6.707875951
0.672,-5.682313,-6.709652812
0.673,-4.996144,-6.711216061
0.674,-4.128759,-6.712565649
0.675,-3.215028,-6.713701531
0.676,-2.650379,-6.714623672
0.677,-2.252279,-6.715332043
0.678,-2.121642,-6.715826621
0.679,-2.256674,-6.716107391
0.68,-2.5679,-6.716174343
0.681,-2.993781,-6.716027475
0.682,-3.451116,-6.715666792
0.683,-3.728073,-6.715092306
0.684,-4.211412,-6.714304034
0.685,-4.60837,-6.713302002
0.686,-4.687808,-6.712086242
0.687,-4.584481,-6.710656793
0.688,-4.344041,-6.709013699
0.689,-3.938701,-6.707157014
0.69,-3.54741,-6.705086796
0.691,-3.329517,-6.702803111
0.692,-3.312162,-6.700306032
0.693,-3.415238,-6.697595639
0.694,-3.476998,-6.694672018
0.695,-3.472476,-6.691535261
0.696,-3.473406,-6.688185469
0.697,-3.490438,-6.684622749
0.698,-3.645294,-6.680847213
0.699,-3.883765,-6.676858982
0.7,-4.157375,-6.672658183
0.701,-4.326344,-6.66824495
0.702,-4.367771,-6.663619424
0.703,-4.304925,-6.65878175
0.704,-4.231481,-6.653732084
0.705,-4.141989,-6.648470587
0.706,-4.121465,-6.642997425
0.707,-4.21275,-6.637312773
0.708,-3.990461,-6.631416812
0.709,-3.649197,-6.625309729
0.71,-3.228018,-6.61899172
0.711,-2.88756,-6.612462985
0.712,-2.62841,-6.605723733
0.713,-2.486292,-6.598774176
0.714,-2.436469,-6.591614538
0.715,-2.521738,-6.584245046
0.716,-2.528355,-6.576665934
0.717,-2.440441,-6.568877444
0.718,-2.832345,-6.560879823
0.719,-3.295036,-6.552673327
0.72,-3.932579,-6.544258217
0.721,-4.313898,-6.53563476
0.722,-4.676364,-6.526803231
0.723,-4.977088,-6.517763911
0.724,-8.477713,-6.508517088
0.725,-8.747537,-6.499063057
0.726,-9.094102,-6.489402118
0.727,-9.479523,-6.479534579
0.728,-9.817967,-6.469460754
0.729,-9.996032,-6.459180964
0.73,-9.778365,-6.448695536
0.731,-9.902515,-6.438004804
0.732,-9.660989,-6.427109108
0.733,-9.173142,-6.416008795
0.734,-8.718898,-6.404704219
0.735,-8.057458,-6.393195739
0.736,-7.25862,-6.381483722
0.737,-6.565641,-6.36956854
0.738,-6.150473,-6.357450574
0.739,-6.061832,-6.345130209
0.74,-6.123379,-6.332607836
0.741,-6.254072,-6.319883855
0.742,-6.477685,-6.306958671
0.743,-7.188587,-6.293832696
0.744,-7.668625,-6.280506346
0.745,-8.180621,-6.266980047
0.746,-8.631297,-6.25325423
0.747,-8.983248,-6.23932933
0.748,-9.137297,-6.225205791
0.749,-8.92059,-6.210884064
0.75,-9.095308,-6.196364604
0.751,-9.270443,-6.181647872
0.752,-9.546462,-6.166734339
0.753,-9.789594,-6.151624478
0.754,-10.053523,-6.136318771
0.755,-10.443502,-6.120817705
0.756,-10.956883,-6.105121773
0.757,-11.467401,-6.089231475
0.758,-12.008136,-6.073147317
0.759,-12.470872,-6.056869811
0.76,-12.734827,-6.040399476
0.761,-12.780874,-6.023736835
0.762,-12.677392,-6.006882419
0.763,-12.503584,-5.989836765
0.764,-12.244078,-5.972600415
0.765,-11.783558,-5.955173918
0.766,-11.080604,-5.937557829
0.767,-10.237703,-5.919752709
0.768,-9.48336,-5.901759125
0.769,-8.984598,-5.883577649
0.77,-8.741943,-5.86520886
0.771,-8.574792,-5.846653344
0.772,-8.34283,-5.82791169
0.773,-7.984068,-5.808984496
0.774,-7.550353,-5.789872364
0.775,-7.209542,-5.770575902
0.776,-7.085405,-5.751095725
0.777,-7.077378,-5.731432454
0.778,-7.290393,-5.711586713
0.779,-7.483585,-5.691559135
0.78,-7.54503,-5.671350358
0.781,-7.78491,-5.650961024
0.782,-8.047266,-5.630391784
0.783,-8.397899,-5.609643291
0.784,-8.709638,-5.588716207
0.785,-9.010338,-5.567611198
0.786,-9.019058,-5.546328935
0.787,-9.063195,-5.524870096
0.788,-8.940306,-5.503235365
0.789,-9.072871,-5.481425429
0.79,-8.771978,-5.459440984
0.791,-8.559095,-5.437282729
0.792,-8.226889,-5.41495137
0.793,-7.874283,-5.392447618
0.794,-7.599779,-5.369772189
0.795,-7.508719,-5.346925805
0.796,-7.538008,-5.323909194
0.797,-7.619583,-5.300723087
0.798,-7.713065,-5.277368224
0.799,-7.867715,-5.253845348
0.8,-8.101642,-5.230155208
0.801,-8.293852,-5.206298558
0.802,-8.71549,-5.182276157
0.803,-9.249434,-5.15808877
0.804,-9.760529,-5.133737168
0.805,-10.111049,-5.109222126
0.806,-10.356458,-5.084544423
0.807,-10.510772,-5.059704846
0.808,-10.566799,-5.034704186
0.809,-10.635595,-5.009543238
0.81,-10.365996,-4.984222804
0.811,-10.240299,-4.95874369
0.812,-9.727958,-4.933106706
0.813,-9.132343,-4.907312669
0.814,-8.263006,-4.8813624
0.815,-7.630946,-4.855256726
0.816,-6.99238,-4.828996477
0.817,-6.341644,-4.80258249
0.818,-5.710116,-4.776015605
0.819,-5.108024,-4.749296668
0.82,-4.681078,-4.72242653
0.821,-4.616893,-4.695406047
0.822,-4.486728,-4.668236078
0.823,-4.475917,-4.640917489
0.824,-4.549603,-4.613451148
0.825,-4.715654,-4.585837932
0.826,-4.995903,-4.558078718
0.827,-5.379054,-4.530174391
0.828,-5.841395,-4.502125839
0.829,-6.31619,-4.473933955
0.83,-6.653891,-4.445599637
0.831,-6.801409,-4.417123785
0.832,-6.827387,-4.388507308
0.833,-6.665792,-4.359751116
0.834,-6.517123,-4.330856125
0.835,-6.364751,-4.301823254
0.836,-6.189751,-4.272653429
0.837,-5.873472,-4.243347576
0.838,-5.563045,-4.21390663
0.839,-5.32475,-4.184331528
0.84,-4.902763,-4.154623212
0.841,-4.930464,-4.124782627
0.842,-5.121443,-4.094810722
0.843,-5.313197,-4.064708454
0.844,-5.387343,-4.034476779
0.845,-5.379041,-4.00411666
0.846,-5.287572,-3.973629064
0.847,-5.214299,-3.943014962
0.848,-5.169671,-3.912275327
0.849,-5.16097,-3.88141114
0.85,-5.050955,-3.850423381
0.851,-4.754402,-3.819313039
0.852,-4.367427,-3.788081103
0.853,-4.085957,-3.756728567
0.854,-3.943112,-3.72525643
0.855,-3.942772,-3.693665694
0.856,-4.181647,-3.661957365
0.857,-4.59961,-3.630132451
0.858,-5.028522,-3.598191967
0.859,-5.491765,-3.566136929
0.86,-5.79784,-3.533968357
0.861,-5.994543,-3.501687276
0.862,-6.125108,-3.469294713
0.863,-6.215159,-3.4367917
0.864,-6.195561,-3.404179272
0.865,-6.232847,-3.371458466
0.866,-6.144741,-3.338630325
0.867,-5.942115,-3.305695893
0.868,-5.733177,-3.27265622
0.869,-5.601915,-3.239512356
0.87,-5.632978,-3.206265358
0.871,-5.809404,-3.172916283
0.872,-6.167371,-3.139466193
0.873,-6.449862,-3.105916154
0.874,-6.709104,-3.072267233
0.875,-7.0877,-3.038520502
0.876,-7.145542,-3.004677035
0.877,-7.190495,-2.970737909
0.878,-7.172476,-2.936704206
0.879,-7.135016,-2.902577008
0.88,-6.798696,-2.868357402
0.881,-6.407337,-2.834046477
0.882,-5.648649,-2.799645326
0.883,-5.178819,-2.765155045
0.884,-4.78991,-2.73057673
0.885,-4.41453,-2.695911483
0.886,-4.280015,-2.661160408
0.887,-4.175674,-2.62632461
0.888,-4.08354,-2.5914052
0.889,-4.02702,-2.556403288
0.89,-3.979578,-2.521319989
0.891,-3.987508,-2.48615642
0.892,-4.125787,-2.4509137
0.893,-4.325434,-2.415592952
0.894,-4.616782,-2.3801953
0.895,-4.893245,-2.34472187
0.896,-5.063606,-2.309173793
0.897,-5.023239,-2.2735522
0.898,-4.991739,-2.237858225
0.899,-4.868105,-2.202093004
0.9,-4.654762,-2.166257675
0.901,-4.401491,-2.130353381
0.902,-4.068481,-2.094381264
0.903,-3.58942,-2.058342469
0.904,-3.016192,-2.022238144
0.905,-2.521366,-1.986069437
0.906,-2.166189,-1.949837501
0.907,-1.919611,-1.913543489
0.908,-1.808538,-1.877188556
0.909,-1.807408,-1.84077386
0.91,-1.85936,-1.80430056
0.911,-2.151026,-1.767769817
0.912,-2.233726,-1.731182795
0.913,-2.331362,-1.694540658
0.914,-2.326222,-1.657844573
0.915,-2.079485,-1.621095708
0.916,-1.736123,-1.584295232
0.917,-1.469568,-1.547444318
0.918,-1.029103,-1.510544139
0.919,-0.797619,-1.47359587
0.92,-0.629758,-1.436600686
0.921,-0.70142,-1.399559766
0.922,-0.666678,-1.362474288
0.923,-0.629489,-1.325345434
0.924,-0.568197,-1.288174386
0.925,-0.363596,-1.250962327
0.926,-0.322198,-1.213710442
0.927,-0.297009,-1.176419916
0.928,-0.32592,-1.139091937
0.929,-0.414806,-1.101727693
0.93,-0.569191,-1.064328374
0.931,-0.544639,-1.026895171
0.932,-0.523092,-0.989429275
0.933,-0.48345,-0.951931878
0.934,-0.866102,-0.914404176
0.935,-1.005645,-0.876847362
0.936,-1.164138,-0.839262632
0.937,-1.21385,-0.801651184
0.938,-1.094439,-0.764014213
0.939,-0.865005,-0.726352919
0.94,-0.576858,-0.6886685
0.941,-0.4417,-0.650962156
0.942,-0.446139,-0.613235088
0.943,-0.542232,-0.575488497
0.944,-0.615671,-0.537723584
0.945,-0.561908,-0.499941552
0.946,-0.482847,-0.462143604
0.947,-0.396186,-0.424330942
0.948,-0.389348,-0.386504772
0.949,-0.438473,-0.348666296
0.95,-0.471455,-0.31081672
0.951,-0.416461,-0.272957248
0.952,-0.176095,-0.235089087
0.953,0.092545,-0.197213441
0.954,0.368223,-0.159331517
0.955,0.668657,-0.12144452
0.956,0.942378,-0.083553657
0.957,1.177722,-0.045660133
0.958,1.475128,-0.007765156
0.959,1.747327,0.030130068
0.96,2.008025,0.068024333
0.961,2.240532,0.105916432
0.962,2.418178,0.14380516
0.963,2.459864,0.181689309
0.964,2.34031,0.219567674
0.965,2.233156,0.257439048
0.966,2.421406,0.295302227
0.967,2.507706,0.333156004
0.968,2.763232,0.370999174
0.969,3.001312,0.408830533
0.97,3.127493,0.446648877
0.971,3.574773,0.484453001
0.972,3.983621,0.522241701
0.973,4.424174,0.560013775
0.974,7.867495,0.59776802
0.975,8.444735,0.635503235
0.976,8.719643,0.673218217
0.977,9.236078,0.710911766
0.978,8.802228,0.748582682
0.979,7.948941,0.786229766
0.98,4.263397,0.823851819
0.981,3.637644,0.861447644
0.982,3.094125,0.899016043
0.983,2.642149,0.93655582
0.984,2.270039,0.974065781
0.985,2.040748,1.011544731
0.986,2.05694,1.048991476
0.987,2.31273,1.086404826
0.988,2.633529,1.123783588
0.989,2.990475,1.161126573
0.99,3.304439,1.198432592
0.991,3.592345,1.235700456
0.992,3.81667,1.27292898
0.993,4.024033,1.310116979
0.994,4.215071,1.347263268
0.995,4.327549,1.384366665
0.996,4.223411,1.421425988
0.997,4.049291,1.458440058
0.998,3.810457,1.495407697
0.999,3.573167,1.532327726
1,3.422251,1.569198972
1.001,3.356951,1.60602026
1.002,3.427755,1.642790418
1.003,3.405968,1.679508275
1.004,3.356868,1.716172662
1.005,3.201505,1.752782413
1.006,2.965695,1.789336361
1.007,3.040826,1.825833342
1.008,2.864793,1.862272196
1.009,2.758632,1.898651761
1.01,2.413587,1.934970879
1.011,2.339049,1.971228395
1.012,2.28008,2.007423154
1.013,2.51143,2.043554004
1.014,2.575583,2.079619793
1.015,2.683934,2.115619375
1.016,2.938475,2.151551603
1.017,3.335069,2.187415333
1.018,3.847282,2.223209423
1.019,4.407618,2.258932734
1.02,4.978309,2.294584128
1.021,5.411463,2.330162471
1.022,5.545889,2.365666629
1.023,5.805186,2.401095473
1.024,6.117266,2.436447874
1.025,6.092882,2.471722708
1.026,5.966889,2.50691885
1.027,7.858228,2.54203518
1.028,7.540613,2.577070581
1.029,7.194899,2.612023937
1.03,6.855882,2.646894135
1.031,6.541481,2.681680065
1.032,6.239834,2.71638062
1.033,5.947103,2.750994695
1.034,5.768855,2.785521188
1.035,5.737442,2.819958999
1.036,5.808254,2.854307032
1.037,5.798558,2.888564194
1.038,5.639016,2.922729395
1.039,5.377256,2.956801546
1.04,5.142879,2.990779562
1.041,5.063203,3.024662363
1.042,4.88741,3.058448868
1.043,5.247488,3.092138004
1.044,5.637137,3.125728696
1.045,5.914143,3.159219876
1.046,6.502185,3.192610477
1.047,6.738002,3.225899437
1.048,7.02227,3.259085695
1.049,7.178648,3.292168196
1.05,7.379332,3.325145885
1.051,7.37517,3.358017713
1.052,7.177068,3.390782633
1.053,6.915902,3.423439602
1.054,6.812891,3.455987582
1.055,6.851263,3.488425534
1.056,6.997482,3.520752427
1.057,7.211969,3.552967232
1.058,7.573111,3.585068922
1.059,7.67757,3.617056476
1.06,8.055689,3.648928876
1.061,8.434919,3.680685106
1.062,8.847353,3.712324156
1.063,9.238386,3.743845019
1.064,9.479857,3.775246691
1.065,9.581291,3.806528171
1.066,9.293226,3.837688466
1.067,8.807436,3.868726581
1.068,8.182588,3.89964153
1.069,7.58348,3.930432327
1.07,7.084053,3.961097993
1.071,6.749655,3.991637552
1.072,6.485159,4.022050031
1.073,6.331613,4.052334461
1.074,6.284893,4.08248988
1.075,6.378255,4.112515326
1.076,6.596637,4.142409843
1.077,6.942687,4.172172481
1.078,7.391786,4.201802291
1.079,7.914928,4.231298331
1.08,8.384477,4.26065966
1.081,9.009812,4.289885345
1.082,9.162111,4.318974455
1.083,9.181467,4.347926064
1.084,9.036076,4.37673925
1.085,8.820324,4.405413096
1.086,8.640395,4.433946688
1.087,8.502312,4.462339119
1.088,8.374221,4.490589485
1.089,8.110634,4.518696886
1.09,7.741465,4.546660427
1.091,7.455706,4.574479218
1.092,6.991162,4.602152374
1.093,6.478659,4.629679013
1.094,5.994952,4.657058259
1.095,5.546904,4.684289241
1.096,5.095281,4.711371091
1.097,4.467212,4.738302948
1.098,3.813051,4.765083953
1.099,3.490422,4.791713254
1.1,3.035576,4.818190004
1.101,3.262923,4.84451336
1.102,3.702348,4.870682483
1.103,4.230104,4.89669654
1.104,4.865908,4.922554704
1.105,5.348,4.94825615
1.106,5.783675,4.973800062
1.107,6.190832,4.999185624
1.108,6.515391,5.02441203
1.109,6.888376,5.049478476
1.11,7.53303,5.074384164
1.111,7.690676,5.099128302
1.112,7.659197,5.1237101
1.113,7.14732,5.148128778
1.114,6.860545,5.172383557
1.115,6.606981,5.196473665
1.116,6.378845,5.220398336
1.117,6.251877,5.244156807
1.118,6.207825,5.267748322
1.119,6.232437,5.291172131
1.12,6.291719,5.314427487
1.121,6.71621,5.33751365
1.122,6.498029,5.360429885
1.123,6.582721,5.383175463
1.124,6.571245,5.405749659
1.125,6.567323,5.428151755
1.126,6.323679,5.450381037
1.127,6.170237,5.472436798
1.128,6.004342,5.494318335
1.129,5.848032,5.516024953
1.13,5.77494,5.537555959
1.131,5.522096,5.558910669
1.132,5.266397,5.580088402
1.133,5.055053,5.601088485
1.134,4.947693,5.621910248
1.135,4.883235,5.642553029
1.136,4.812532,5.663016171
1.137,4.731032,5.683299022
1.138,4.58259,5.703400937
1.139,4.314517,5.723321275
1.14,3.989879,5.743059403
1.141,3.710489,5.762614691
1.142,3.334686,5.781986518
1.143,2.954216,5.801174266
1.144,2.693728,5.820177325
1.145,2.545138,5.83899509
1.146,2.566726,5.857626961
1.147,2.654347,5.876072346
1.148,2.933142,5.894330657
1.149,3.281606,5.912401313
1.15,3.737582,5.930283738
1.151,4.205508,5.947977364
1.152,4.794003,5.965481627
1.153,5.464883,5.98279597
1.154,6.119575,5.999919841
1.155,6.598485,6.016852696
1.156,7.175843,6.033593995
1.157,7.496546,6.050143205
1.158,7.518024,6.0664998
1.159,7.502074,6.082663258
1.16,7.518301,6.098633065
1.161,7.077882,6.114408713
1.162,6.959948,6.1299897
1.163,6.759,6.145375529
1.164,6.648971,6.16056571
1.165,6.77415,6.175559761
1.166,7.488767,6.190357202
1.167,7.898727,6.204957565
1.168,8.475134,6.219360383
1.169,9.007286,6.233565198
1.17,9.51324,6.247571558
1.171,9.925905,6.261379018
1.172,10.282392,6.274987136
1.173,10.410587,6.288395481
1.174,10.309409,6.301603625
1.175,10.039249,6.314611148
1.176,9.654102,6.327417635
1.177,9.255943,6.340022679
1.178,8.814532,6.352425879
1.179,8.378427,6.36462684
1.18,7.588534,6.376625174
1.181,7.264932,6.388420497
1.182,7.114049,6.400012436
1.183,7.107161,6.41140062
1.184,7.327782,6.422584687
1.185,7.706081,6.433564282
1.186,8.144189,6.444339054
1.187,8.640642,6.454908661
1.188,9.147695,6.465272766
1.189,9.569755,6.475431039
1.19,9.819304,6.485383157
1.191,9.868965,6.495128802
1.192,9.810006,6.504667666
1.193,9.667746,6.513999443
1.194,9.865419,6.523123837
1.195,9.79713,6.532040557
1.196,9.549881,6.54074932
1.197,9.566254,6.549249848
1.198,9.62688,6.557541871
1.199,8.715297,6.565625124
1.2,8.230112,6.573499351
1.201,7.827231,6.5811643
1.202,7.457192,6.588619728
1.203,7.355256,6.595865397
1.204,7.203844,6.602901076
1.205,6.824719,6.609726542
1.206,6.293352,6.616341577
1.207,6.403344,6.622745971
1.208,5.960411,6.62893952
1.209,5.710578,6.634922026
1.21,5.691362,6.640693299
1.211,5.745872,6.646253155
1.212,5.680565,6.651601418
1.213,5.132089,6.656737917
1.214,4.949409,6.661662489
1.215,4.706666,6.666374976
1.216,4.591312,6.670875229
1.217,4.357703,6.675163104
1.218,4.222968,6.679238466
1.219,4.277823,6.683101183
1.22,4.348878,6.686751134
1.221,4.31648,6.690188202
1.222,4.381767,6.693412277
1.223,4.363053,6.696423258
1.224,4.567919,6.699221047
1.225,4.904359,6.701805557
1.226,5.324541,6.704176704
1.227,5.736452,6.706334414
1.228,6.031352,6.708278617
1.229,6.156288,6.710009252
1.23,6.17128,6.711526263
1.231,6.094704,6.712829603
1.232,6.042891,6.713919229
1.233,6.107356,6.714795108
1.234,6.170604,6.715457211
1.235,6.311387,6.715905516
1.236,6.448217,6.716140011
1.237,6.576502,6.716160687
1.238,6.714079,6.715967544
1.239,6.889041,6.715560588
1.24,7.003732,6.714939831
1.241,7.390057,6.714105295
1.242,7.522576,6.713057004
1.243,7.580453,6.711794993
1.244,7.600977,6.710319301
1.245,7.441336,6.708629977
1.246,7.201926,6.706727072
1.247,6.934817,6.704610649
1.248,6.80861,6.702280774
1.249,6.752038,6.699737522
1.25,6.648819,6.696980974
1.251,6.848575,6.694011217
1.252,6.937835,6.690828345
1.253,6.890289,6.687432461
1.254,6.745935,6.683823673
1.255,6.545924,6.680002094
1.256,6.398491,6.675967848
1.257,6.467824,6.671721061
1.258,6.317473,6.667261871
1.259,6.042266,6.662590417
1.26,5.672642,6.65770685
1.261,5.594286,6.652611325
1.262,5.284123,6.647304004
1.263,5.136673,6.641785055
1.264,5.127998,6.636054655
1.265,5.229713,6.630112986
1.266,5.033021,6.623960238
1.267,5.13921,6.617596605
1.268,5.200648,6.611022291
1.269,5.283226,6.604237505
1.27,5.463635,6.597242463
1.271,5.666108,6.590037388
1.272,5.841164,6.582622509
1.273,5.985265,6.574998062
1.274,6.088465,6.567164289
1.275,6.120697,6.559121441
1.276,6.082253,6.550869774
1.277,5.95968,6.542409549
1.278,6.146555,6.533741037
1.279,6.41697,6.524864513
1.28,6.650289,6.51578026
1.281,6.799751,6.506488567
1.282,7.209547,6.49698973
1.283,7.541129,6.487284052
1.284,7.966426,6.47737184
1.285,8.539152,6.467253412
1.286,9.290106,6.456929089
1.287,10.064299,6.4463992
1.288,10.712595,6.435664079
1.289,11.198645,6.42472407
1.29,11.575148,6.413579519
1.291,11.796598,6.402230783
1.292,11.871618,6.390678221
1.293,11.878124,6.378922203
1.294,11.816076,6.366963101
1.295,11.611147,6.354801298
1.296,11.210111,6.34243718
1.297,10.644482,6.32987114
1.298,10.087804,6.31710358
1.299,9.656281,6.304134905
1.3,9.240003,6.290965528
1.301,8.865013,6.277595868
1.302,8.48182,6.264026352
1.303,8.05075,6.25025741
1.304,7.396986,6.236289483
1.305,6.597831,6.222123013
1.306,5.79201,6.207758452
1.307,5.181733,6.193196258
1.308,5.136387,6.178436895
1.309,4.860179,6.163480831
1.31,4.730671,6.148328543
1.311,4.732894,6.132980514
1.312,4.841818,6.117437232
1.313,4.798125,6.101699192
1.314,5.12911,6.085766895
1.315,5.690338,6.069640848
1.316,6.475846,6.053321565
1.317,6.483468,6.036809565
1.318,6.9385,6.020105375
1.319,7.009406,6.003209524
1.32,6.936517,5.986122553
1.321,6.789479,5.968845004
1.322,7.183162,5.951377428
1.323,7.37581,5.93372038
1.324,7.146146,5.915874424
1.325,6.682839,5.897840126
1.326,6.186029,5.879618062
1.327,5.426939,5.861208811
1.328,5.047065,5.84261296
1.329,4.774833,5.8238311
1.33,4.958287,5.804863829
1.331,4.772615,5.785711752
1.332,4.661886,5.766375478
1.333,4.692001,5.746855622
1.334,4.851902,5.727152806
1.335,5.032827,5.707267658
1.336,5.217682,5.68720081
1.337,4.988575,5.666952901
1.338,5.032302,5.646524576
1.339,5.016448,5.625916486
1.34,5.232,5.605129285
1.341,5.282427,5.584163637
1.342,5.386979,5.563020209
1.343,5.543118,5.541699673
1.344,5.666107,5.520202708
1.345,5.810853,5.49853
1.346,6.079369,5.476682237
1.347,6.230852,5.454660116
1.348,6.667554,5.432464337
1.349,7.344355,5.410095608
1.35,7.481923,5.38755464
1.351,7.608151,5.364842151
1.352,7.596911,5.341958863
1.353,7.4958,5.318905507
1.354,7.493193,5.295682815
1.355,7.573302,5.272291526
1.356,7.650762,5.248732387
1.357,7.603135,5.225006145
1.358,7.559385,5.201113558
1.359,7.506821,5.177055385
1.36,7.549355,5.152832393
1.361,7.775807,5.128445352
1.362,7.886379,5.10389504
1.363,8.296545,5.079182237
1.364,8.515386,5.054307731
1.365,8.553592,5.029272313
1.366,8.691371,5.00407678
1.367,8.447294,4.978721935
1.368,8.140153,4.953208585
1.369,7.728427,4.927537542
1.37,7.236899,4.901709623
1.371,6.420005,4.87572565
1.372,5.359378,4.849586452
1.373,4.185454,4.823292859
1.374,3.131099,4.79684571
1.375,2.323504,4.770245845
1.376,1.812,4.743494113
1.377,1.50584,4.716591364
1.378,1.358713,4.689538455
1.379,1.330506,4.662336247
1.38,1.355172,4.634985607
1.381,1.376141,4.607487405
1.382,1.102873,4.579842517
1.383,1.13851,4.552051822
1.384,1.171345,4.524116206
1.385,1.252065,4.496036557
1.386,1.318223,4.467813771
1.387,1.475938,4.439448744
1.388,1.698257,4.410942381
1.389,1.918528,4.382295589
1.39,2.193497,4.35350928
1.391,2.598096,4.32458437
1.392,2.979815,4.29552178
1.393,3.380839,4.266322436
1.394,3.877639,4.236987267
1.395,4.338965,4.207517207
1.396,4.679135,4.177913194
1.397,4.891769,4.148176171
1.398,5.117988,4.118307084
1.399,5.425782,4.088306885
1.4,5.6809,4.058176528
1.401,5.890051,4.027916973
1.402,6.058678,3.997529184
1.403,6.187884,3.967014126
1.404,6.236519,3.936372773
1.405,6.12886,3.905606099
1.406,5.994958,3.874715084
1.407,5.84838,3.843700712
1.408,5.647959,3.812563969
1.409,5.341607,3.781305848
1.41,5.048296,3.749927343
1.411,4.831813,3.718429454
1.412,4.684464,3.686813182
1.413,4.539568,3.655079535
1.414,4.32985,3.623229524
1.415,4.438763,3.591264161
1.416,4.182501,3.559184464
1.417,3.954632,3.526991456
1.418,3.724057,3.49468616
1.419,3.594851,3.462269606
1.42,3.448074,3.429742825
1.421,3.325508,3.397106853
1.422,3.237814,3.364362729
1.423,3.235344,3.331511495
1.424,3.373182,3.298554197
1.425,3.518821,3.265491885
1.426,3.707845,3.232325611
1.427,3.817056,3.199056431
1.428,3.899324,3.165685404
1.429,3.98911,3.132213593
1.43,4.116065,3.098642062
1.431,4.305915,3.064971882
1.432,4.244052,3.031204124
1.433,4.107683,2.997339862
1.434,3.947138,2.963380176
1.435,3.883521,2.929326146
1.436,3.986464,2.895178857
1.437,4.098481,2.860939394
1.438,4.187766,2.82660885
1.439,4.22356,2.792188316
1.44,4.218309,2.757678889
1.441,4.266283,2.723081666
1.442,4.290695,2.68839775
1.443,4.201563,2.653628245
1.444,3.890567,2.618774258
1.445,3.359079,2.583836898
1.446,2.664127,2.548817277
1.447,1.962229,2.513716511
1.448,1.501109,2.478535717
1.449,1.170125,2.443276015
1.45,0.984754,2.407938527
1.451,0.951414,2.372524379
1.452,1.12646,2.337034698
1.453,1.422621,2.301470615
1.454,1.505063,2.26583326
1.455,2.007542,2.230123769
1.456,2.516551,2.194343278
1.457,3.047562,2.158492927
1.458,3.303215,2.122573858
1.459,3.315225,2.086587213
1.46,3.146012,2.050534138
1.461,2.734082,2.014415781
1.462,2.172619,1.978233292
1.463,1.592214,1.941987824
1.464,1.170747,1.905680529
1.465,1.167624,1.869312564
1.466,0.867009,1.832885086
1.467,0.591016,1.796399256
1.468,0.147345,1.759856234
1.469,0.153704,1.723257185
1.47,0.404206,1.686603273
1.471,0.686071,1.649895666
1.472,1.088057,1.613135532
1.473,1.587775,1.576324041
1.474,2.009595,1.539462365
1.475,2.533668,1.502551678
1.476,3.048357,1.465593156
1.477,3.52586,1.428587973
1.478,3.813137,1.39153731
1.479,3.834459,1.354442345
1.48,3.58938,1.317304259
1.481,3.114058,1.280124234
1.482,2.513861,1.242903455
1.483,1.907848,1.205643106
1.484,1.381364,1.168344374
1.485,1.019554,1.131008446
1.486,0.701757,1.09363651
1.487,0.427852,1.056229757
1.488,0.226826,1.018789377
1.489,0.075993,0.981316562
1.49,0.089791,0.943812506
1.491,0.181971,0.906278401
1.492,0.303997,0.868715445
1.493,0.704066,0.831124831
1.494,0.734326,0.793507757
1.495,0.72581,0.75586542
1.496,1.255425,0.71819902
1.497,1.266214,0.680509754
1.498,1.259087,0.642798823
1.499,1.17248,0.605067428
1.5,0.954019,0.56731677
1.501,0.223007,0.52954805
1.502,-0.170751,0.491762471
1.503,-0.603167,0.453961237
1.504,-1.012404,0.416145549
1.505,-1.362917,0.378316613
1.506,-1.625629,0.340475633
1.507,-1.737134,0.302623813
1.508,-1.575536,0.264762359
1.509,-0.909128,0.226892476
1.51,-0.316428,0.189015369
1.511,0.393616,0.151132244
1.512,1.018305,0.113244308
1.513,1.522828,0.075352767
1.514,1.800877,0.037458827
1.515,1.744823,-0.000436306
1.516,1.619982,-0.038331425
1.517,1.385117,-0.076225324
1.518,1.091176,-0.114116796
1.519,0.523811,-0.152004634
1.52,0.418411,-0.189887634
1.521,0.490437,-0.227764588
1.522,0.364642,-0.265634291
1.523,0.562402,-0.303495537
1.524,0.591735,-0.341347121
1.525,1.13468,-0.379187837
1.526,1.126267,-0.417016482
1.527,1.166141,-0.45483185
1.528,1.282669,-0.492632737
1.529,1.430765,-0.530417942
1.53,1.514447,-0.568186259
1.531,1.059357,-0.605936487
1.532,0.79904,-0.643667425
1.533,0.411085,-0.68137787
1.534,0.199187,-0.719066623
1.535,0.14634,-0.756732483
1.536,0.166908,-0.794374251
1.537,0.651108,-0.831990729
1.538,0.851984,-0.869580719
1.539,0.96374,-0.907143025
1.54,0.958949,-0.944676451
1.541,0.983771,-0.982179801
1.542,1.143114,-1.019651883
1.543,1.367841,-1.057091502
1.544,1.65101,-1.094497467
1.545,1.929863,-1.131868587
1.546,2.101809,-1.169203672
1.547,1.743479,-1.206501534
1.548,1.63869,-1.243760985
1.549,1.414774,-1.280980839
1.55,1.21515,-1.318159911
1.551,1.106345,-1.355297017
1.552,1.113974,-1.392390975
1.553,1.288764,-1.429440605
1.554,1.392709,-1.466444726
1.555,1.833667,-1.50340216
1.556,1.863446,-1.540311732
1.557,1.760927,-1.577172265
1.558,1.571443,-1.613982586
1.559,1.377003,-1.650741524
1.56,1.248019,-1.687447908
1.561,1.040574,-1.72410057
1.562,0.708836,-1.760698342
1.563,0.316322,-1.79724006
1.564,-0.202865,-1.833724559
1.565,-0.679023,-1.87015068
1.566,-1.199833,-1.906517261
1.567,-1.507551,-1.942823145
1.568,-1.618272,-1.979067176
1.569,-1.811274,-2.015248201
1.57,-2.423169,-2.051365068
1.571,-2.633155,-2.087416626
1.572,-2.754774,-2.123401728
1.573,-2.853005,-2.159319228
1.574,-2.839915,-2.195167983
1.575,-2.699297,-2.230946851
1.576,-2.451967,-2.266654694
1.577,-2.145483,-2.302290374
1.578,-1.762448,-2.337852758
1.579,-1.355939,-2.373340712
1.58,-0.899801,-2.408753107
1.581,-0.672591,-2.444088816
1.582,-0.448733,-2.479346714
1.583,-0.763195,-2.514525678
1.584,-1.128318,-2.549624588
1.585,-1.573584,-2.584642327
1.586,-1.945946,-2.61957778
1.587,-2.156934,-2.654429834
1.588,-2.295148,-2.689197381
1.589,-2.303918,-2.723879313
1.59,-2.373579,-2.758474526
1.591,-2.360401,-2.792981919
1.592,-2.231026,-2.827400393
1.593,-2.058735,-2.861728852
1.594,-1.851451,-2.895966204
1.595,-1.921165,-2.930111359
1.596,-2.026844,-2.964163228
1.597,-2.331801,-2.998120729
1.598,-2.71081,-3.031982781
1.599,-2.980179,-3.065748304
1.6,-3.260454,-3.099416225
1.601,-3.348858,-3.132985471
1.602,-3.401494,-3.166454974
1.603,-3.450141,-3.199823667
1.604,-3.496906,-3.23309049
1.605,-3.550287,-3.266254382
1.606,-3.648893,-3.299314288
1.607,-3.708087,-3.332269155
1.608,-3.786337,-3.365117934
1.609,-3.892038,-3.397859579
1.61,-4.155554,-3.430493049
1.611,-4.540051,-3.463017303
1.612,-4.990628,-3.495431307
1.613,-5.357194,-3.527734029
1.614,-5.810256,-3.559924439
1.615,-6.130448,-3.592001514
1.616,-6.255957,-3.623964233
1.617,-6.172148,-3.655811576
1.618,-5.864732,-3.687542532
1.619,-5.458745,-3.719156088
1.62,-5.135146,-3.75065124
1.621,-4.884479,-3.782026984
1.622,-4.668115,-3.813282322
1.623,-4.427357,-3.844416257
1.624,-4.156084,-3.8754278
1.625,-3.766567,-3.906315963
1.626,-3.286445,-3.937079762
1.627,-3.004413,-3.967718218
1.628,-2.845242,-3.998230356
1.629,-2.928435,-4.028615204
1.63,-3.121424,-4.058871795
1.631,-3.086529,-4.088999165
1.632,-3.290117,-4.118996356
1.633,-3.308757,-4.148862412
1.634,-3.322735,-4.178596383
1.635,-3.642661,-4.208197322
1.636,-3.759759,-4.237664286
1.637,-4.012861,-4.266996338
1.638,-4.305013,-4.296192544
1.639,-4.566073,-4.325251974
1.64,-4.700557,-4.354173702
1.641,-4.880308,-4.382956809
1.642,-4.620489,-4.411600378
1.643,-4.527733,-4.440103497
1.644,-4.366303,-4.468465258
1.645,-4.819392,-4.496684759
1.646,-5.187832,-4.5247611
1.647,-5.711544,-4.55269339
1.648,-5.871363,-4.580480737
1.649,-6.301851,-4.608122257
1.65,-6.663959,-4.635617071
1.651,-6.915019,-4.662964303
1.652,-7.092881,-4.690163083
1.653,-7.577194,-4.717212543
1.654,-7.302974,-4.744111825
1.655,-7.32039,-4.77086007
1.656,-7.158988,-4.797456427
1.657,-6.825198,-4.82390005
1.658,-6.279367,-4.850190097
1.659,-5.622526,-4.87632573
1.66,-5.090782,-4.902306119
1.661,-4.536647,-4.928130434
1.662,-4.161028,-4.953797856
1.663,-3.981051,-4.979307565
1.664,-3.865592,-5.004658751
1.665,-3.667316,-5.029850605
1.666,-3.413628,-5.054882327
1.667,-3.22318,-5.079753119
1.668,-3.224166,-5.104462189
1.669,-3.400295,-5.12900875
1.67,-3.617016,-5.153392022
1.671,-3.813928,-5.177611228
1.672,-3.917694,-5.201665596
1.673,-3.880488,-5.225554361
1.674,-5.114955,-5.249276763
1.675,-5.022019,-5.272832046
1.676,-4.980807,-5.296219461
1.677,-5.029959,-5.319438262
1.678,-5.102874,-5.342487711
1.679,-5.034122,-5.365367073
1.68,-5.111189,-5.388075621
1.681,-5.157109,-5.410612631
1.682,-5.183686,-5.432977386
1.683,-5.237893,-5.455169174
1.684,-5.457228,-5.477187288
1.685,-5.774956,-5.499031027
1.686,-6.1585,-5.520699697
1.687,-6.475622,-5.542192606
1.688,-6.67981,-5.563509071
1.689,-6.713634,-5.584648414
1.69,-6.741393,-5.60560996
1.691,-6.940434,-5.626393044
1.692,-7.220677,-5.646997002
1.693,-7.547232,-5.66742118
1.694,-7.697973,-5.687664927
1.695,-7.695675,-5.707727598
1.696,-7.744998,-5.727608555
1.697,-7.945037,-5.747307164
1.698,-8.207115,-5.7668228
1.699,-8.514007,-5.786154839
1.7,-8.575073,-5.805302668
1.701,-8.638871,-5.824265676
1.702,-8.876025,-5.843043259
1.703,-8.82745,-5.861634821
1.704,-8.772036,-5.880039768
1.705,-8.733776,-5.898257515
1.706,-8.667286,-5.916287482
1.707,-8.494278,-5.934129095
1.708,-8.272959,-5.951781786
1.709,-7.990787,-5.969244992
1.71,-7.592323,-5.986518159
1.711,-7.130405,-6.003600736
1.712,-6.659126,-6.020492178
1.713,-6.1845,-6.03719195
1.714,-5.799307,-6.053699518
1.715,-5.588214,-6.070014357
1.716,-5.565232,-6.086135948
1.717,-5.681712,-6.102063777
1.718,-6.03322,-6.117797338
1.719,-6.292651,-6.13333613
1.72,-6.511604,-6.148679657
1.721,-7.054868,-6.163827432
1.722,-7.641226,-6.178778972
1.723,-8.099102,-6.193533801
1.724,-8.463993,-6.208091449
1.725,-8.605819,-6.222451453
1.726,-8.522075,-6.236613356
1.727,-8.267789,-6.250576707
1.728,-7.894672,-6.264341061
1.729,-7.189354,-6.27790598
1.73,-6.541871,-6.291271032
1.731,-5.749831,-6.304435792
1.732,-4.968224,-6.317399841
1.733,-4.306839,-6.330162766
1.734,-3.882483,-6.34272416
1.735,-3.674056,-6.355083624
1.736,-3.684337,-6.367240764
1.737,-4.26381,-6.379195193
1.738,-4.806158,-6.390946531
1.739,-5.293482,-6.402494403
1.74,-5.771122,-6.413838442
1.741,-6.161804,-6.424978287
1.742,-6.519381,-6.435913582
1.743,-6.562737,-6.44664398
1.744,-6.383919,-6.45716914
1.745,-5.947548,-6.467488726
1.746,-5.232614,-6.477602409
1.747,-4.328004,-6.487509868
1.748,-3.46333,-6.497210787
1.749,-2.870178,-6.506704857
1.75,-2.531256,-6.515991777
1.751,-2.530869,-6.52507125
1.752,-2.82647,-6.533942987
1.753,-3.313028,-6.542606706
1.754,-3.818603,-6.551062131
1.755,-4.250468,-6.559308993
1.756,-4.848282,-6.56734703
1.757,-5.099116,-6.575175985
1.758,-5.242881,-6.582795609
1.759,-5.315869,-6.59020566
1.76,-5.358726,-6.597405901
1.761,-5.273631,-6.604396104
1.762,-5.249844,-6.611176046
1.763,-5.296023,-6.617745511
1.764,-5.197628,-6.62410429
1.765,-5.107802,-6.63025218
1.766,-5.100553,-6.636188986
1.767,-5.141865,-6.641914519
1.768,-5.337277,-6.647428596
1.769,-2.674014,-6.652731042
1.77,-2.563607,-6.657821689
1.771,-2.358918,-6.662700373
1.772,-2.046284,-6.66736694
1.773,-1.666469,-6.671821241
1.774,-1.267188,-6.676063135
1.775,-0.871093,-6.680092486
1.776,-0.445241,-6.683909166
1.777,-0.045848,-6.687513053
1.778,0.275493,-6.690904034
1.779,0.537707,-6.694081999
1.78,0.556616,-6.697046847
1.781,0.571064,-6.699798485
1.782,0.669887,-6.702336825
1.783,0.764409,-6.704661785
1.784,0.842961,-6.706773292
1.785,0.82991,-6.708671279
1.786,0.625955,-6.710355685
1.787,0.353433,-6.711826457
1.788,-0.077074,-6.713083547
1.789,-0.337832,-6.714126916
1.79,-0.584898,-6.71495653
1.791,-0.861957,-6.715572364
1.792,-1.119031,-6.715974397
1.793,-1.570535,-6.716162616
1.794,-2.060936,-6.716137017
1.795,-2.516698,-6.715897598
1.796,-5.700551,-6.715444369
1.797,-5.90321,-6.714777344
1.798,-6.097248,-6.713896543
1.799,-6.227982,-6.712801995
1.8,-6.168223,-6.711493734
1.801,-6.046074,-6.709971803
1.802,-5.70276,-6.70823625
1.803,-5.605454,-6.70628713
1.804,-5.536613,-6.704124505
1.805,-5.550683,-6.701748443
1.806,-5.470016,-6.699159022
1.807,-5.346617,-6.696356322
1.808,-5.034453,-6.693340434
1.809,-4.751009,-6.690111452
1.81,-4.476653,-6.686669481
1.811,-3.952688,-6.68301463
1.812,-3.550027,-6.679147014
1.813,-3.433583,-6.675066758
1.814,-3.165228,-6.67077399
1.815,-2.558864,-6.666268849
1.816,-2.274377,-6.661551476
1.817,-2.397839,-6.656622023
1.818,-2.464306,-6.651480646
1.819,-2.835227,-6.646127508
1.82,-3.10621,-6.640562782
1.821,-3.357691,-6.634786642
1.822,-3.641092,-6.628799274
1.823,-3.883654,-6.622600868
1.824,-4.256422,-6.616191622
1.825,-4.499604,-6.609571739
1.826,-4.814116,-6.60274143
1.827,-5.129356,-6.595700912
1.828,-5.421832,-6.588450411
1.829,-5.391184,-6.580990156
1.83,-5.65471,-6.573320385
1.831,-5.621563,-6.565441342
1.832,-5.494932,-6.557353279
1.833,-5.358575,-6.549056452
1.834,-5.244377,-6.540551125
1.835,-5.058163,-6.531837571
1.836,-4.954659,-6.522916065
1.837,-4.588129,-6.513786892
1.838,-4.50543,-6.504450343
1.839,-4.488235,-6.494906715
1.84,-4.66679,-6.485156311
1.841,-4.829823,-6.475199443
1.842,-5.214431,-6.465036426
1.843,-5.721889,-6.454667586
1.844,-5.953218,-6.444093251
1.845,-6.063088,-6.433313758
1.846,-6.137135,-6.422329451
1.847,-6.144184,-6.41114068
1.848,-6.163131,-6.399747799
1.849,-6.115811,-6.388151173
1.85,-5.878436,-6.376351171
1.851,-5.693905,-6.364348168
1.852,-5.531269,-6.352142545
1.853,-5.409279,-6.339734693
1.854,-5.067821,-6.327125005
1.855,-5.355654,-6.314313884
1.856,-5.38317,-6.301301737
1.857,-5.348631,-6.288088978
1.858,-5.354221,-6.274676029
1.859,-5.208112,-6.261063315
1.86,-5.115951,-6.247251271
1.861,-5.030905,-6.233240336
1.862,-4.915125,-6.219030956
1.863,-4.672234,-6.204623584
1.864,-4.494244,-6.190018678
1.865,-4.35516,-6.175216703
1.866,-4.128693,-6.160218131
1.867,-4.022555,-6.145023439
1.868,-4.082092,-6.129633111
1.869,-4.26004,-6.114047637
1.87,-4.476779,-6.098267512
1.871,-4.730347,-6.08229324
1.872,-4.612506,-6.066125328
1.873,-4.861603,-6.049764292
1.874,-5.0704,-6.033210653
1.875,-5.171119,-6.016464937
1.876,-5.092408,-5.999527678
1.877,-4.844636,-5.982399415
1.878,-4.645046,-5.965080692
1.879,-4.397932,-5.947572063
1.88,-4.588288,-5.929874083
1.881,-4.585832,-5.911987316
1.882,-4.654196,-5.893912333
1.883,-4.746322,-5.875649707
1.884,-4.860841,-5.857200022
1.885,-5.019236,-5.838563863
1.886,-5.203,-5.819741825
1.887,-5.323769,-5.800734506
1.888,-5.32394,-5.781542512
1.889,-5.123578,-5.762166454
1.89,-4.782623,-5.742606949
1.891,-4.299195,-5.722864618
1.892,-3.626257,-5.702940092
1.893,-3.003781,-5.682834004
1.894,-2.594875,-5.662546994
1.895,-2.404951,-5.642079708
1.896,-2.434072,-5.621432798
1.897,-2.666511,-5.600606921
1.898,-2.989917,-5.57960274
1.899,-3.625522,-5.558420924
1.9,-3.918409,-5.537062147
1.901,-4.003215,-5.515527089
1.902,-4.320938,-5.493816436
1.903,-4.626323,-5.471930878
1.904,-4.829105,-5.449871114
1.905,-4.946982,-5.427637845
1.906,-4.97968,-5.405231778
1.907,-5.227374,-5.382653627
1.908,-5.369939,-5.359904112
1.909,-5.718901,-5.336983956
1.91,-6.066982,-5.313893888
1.911,-6.898157,-5.290634645
1.912,-7.889408,-5.267206966
1.913,-8.710253,-5.243611598
1.914,-9.301485,-5.219849291
1.915,-9.839676,-5.195920802
1.916,-10.248771,-5.171826894
1.917,-10.493815,-5.147568332
1.918,-10.369752,-5.123145889
1.919,-9.950752,-5.098560343
1.92,-9.342977,-5.073812477
1.921,-8.727976,-5.048903078
1.922,-8.209818,-5.02383294
1.923,-7.78481,-4.99860286
1.924,-7.155902,-4.973213642
1.925,-6.618212,-4.947666094
1.926,-6.056521,-4.92196103
1.927,-5.751065,-4.896099267
1.928,-5.543452,-4.87008163
1.929,-5.452518,-4.843908946
1.93,-5.608292,-4.817582049
1.931,-5.46388,-4.791101776
1.932,-5.342277,-4.764468972
1.933,-5.25262,-4.737684484
1.934,-5.318004,-4.710749164
1.935,-5.36977,-4.68366387
1.936,-5.374784,-4.656429464
1.937,-5.277643,-4.629046814
1.938,-5.074328,-4.601516791
1.939,-4.905524,-4.573840272
1.94,-4.432094,-4.546018138
1.941,-3.873837,-4.518051274
1.942,-3.343178,-4.489940571
1.943,-2.906221,-4.461686924
1.944,-2.402986,-4.433291232
1.945,-2.235674,-4.404754399
1.946,-2.26463,-4.376077335
1.947,-2.497139,-4.347260951
1.948,-2.845923,-4.318306166
1.949,-3.297982,-4.289213901
1.95,-3.793951,-4.259985082
1.951,-4.289287,-4.23062064
1.952,-4.752724,-4.201121509
1.953,-5.040845,-4.17148863
1.954,-5.384827,-4.141722945
1.955,-5.612771,-4.111825401
1.956,-5.659084,-4.081796952
1.957,-5.487957,-4.051638552
1.958,-5.12379,-4.021351162
1.959,-4.654369,-3.990935746
1.96,-4.24922,-3.960393272
1.961,-3.923185,-3.929724714
1.962,-3.667634,-3.898931046
1.963,-3.505935,-3.868013251
1.964,-3.560845,-3.836972311
1.965,-3.595651,-3.805809215
1.966,-3.753861,-3.774524955
1.967,-4.122863,-3.743120528
1.968,-4.651234,-3.711596932
1.969,-5.217031,-3.679955172
1.97,-5.685645,-3.648196255
1.971,-6.135378,-3.616321193
1.972,-6.26355,-3.584330999
1.973,-6.227373,-3.552226692
1.974,-5.913869,-3.520009295
1.975,-5.579637,-3.487679833
1.976,-5.305177,-3.455239336
1.977,-5.199406,-3.422688835
1.978,-5.12192,-3.390029368
1.979,-5.103674,-3.357261974
1.98,-5.092675,-3.324387697
1.981,-4.96551,-3.291407583
1.982,-4.816942,-3.258322681
1.983,-4.805735,-3.225134046
1.984,-4.923505,-3.191842734
1.985,-4.967134,-3.158449805
1.986,-4.853815,-3.124956321
1.987,-4.746791,-3.09136335
1.988,-4.659555,-3.05767196
1.989,-4.818367,-3.023883225
1.99,-4.630633,-2.98999822
1.991,-4.276707,-2.956018024
1.992,-4.170763,-2.921943718
1.993,-3.897227,-2.887776388
1.994,-3.566931,-2.853517121
1.995,-3.214269,-2.819167008
1.996,-2.888311,-2.784727142
1.997,-2.557773,-2.75019862
1.998,-2.499198,-2.715582542
1.999,-2.214774,-2.680880009
2,-1.978489,-2.646092126
2.001,-1.942093,-2.61122
2.002,-1.920212,-2.576264742
2.003,-2.029053,-2.541227465
2.004,-2.199352,-2.506109285
2.005,-2.424612,-2.470911318
2.006,-2.720474,-2.435634686
2.007,-2.963685,-2.400280512
2.008,-3.049927,-2.364849921
2.009,-2.835349,-2.329344042
2.01,-2.884241,-2.293764004
2.011,-2.945268,-2.258110941
2.012,-2.938613,-2.222385987
2.013,-3.164778,-2.186590281
2.014,-3.372407,-2.150724961
2.015,-3.566862,-2.114791169
2.016,-3.71694,-2.07879005
2.017,-3.818311,-2.042722749
2.018,-3.917866,-2.006590415
2.019,-4.02405,-1.970394198
2.02,-4.141618,-1.934135251
2.021,-4.227736,-1.897814727
2.022,-4.287883,-1.861433784
2.023,-4.351393,-1.824993579
2.024,-4.300617,-1.788495272
2.025,-4.372754,-1.751940026
2.026,-4.450459,-1.715329005
2.027,-4.607724,-1.678663373
2.028,-4.609501,-1.641944298
2.029,-4.712105,-1.60517295
2.03,-4.659743,-1.568350499
2.031,-4.839508,-1.531478116
2.032,-4.733362,-1.494556977
2.033,-4.594559,-1.457588256
2.034,-4.40668,-1.420573131
2.035,-3.912913,-1.383512779
2.036,-3.55766,-1.346408381
2.037,-3.141999,-1.309261119
2.038,-2.782986,-1.272072174
2.039,-2.286335,-1.23484273
2.04,-1.922228,-1.197573974
2.041,-1.577628,-1.16026709
2.042,-1.14467,-1.122923268
2.043,-0.78208,-1.085543696
2.044,-0.411693,-1.048129564
2.045,-0.171151,-1.010682064
2.046,-0.120556,-0.973202386
2.047,-0.174248,-0.935691726
2.048,-0.280261,-0.898151276
2.049,-0.216839,-0.860582232
2.05,-0.036758,-0.82298579
2.051,0.183894,-0.785363147
2.052,0.366089,-0.747715501
2.053,0.510835,-0.71004405
2.054,0.691849,-0.672349993
2.055,0.678858,-0.634634532
2.056,1.017324,-0.596898866
2.057,1.307773,-0.559144197
2.058,1.497052,-0.521371726
2.059,1.520962,-0.483582657
2.06,1.384785,-0.445778192
2.061,1.153196,-0.407959536
2.062,0.897902,-0.370127891
2.063,0.642997,-0.332284463
2.064,0.380577,-0.294430455
2.065,-0.041398,-0.256567075
2.066,-0.528206,-0.218695526
2.067,-0.955764,-0.180817014
2.068,-1.262098,-0.142932746
2.069,-1.364552,-0.105043927
2.07,-1.222495,-0.067151765
2.071,-0.693991,-0.029257464
2.072,-0.297674,0.008637768
2.073,0.169449,0.046532725
2.074,0.613696,0.084426201
2.075,0.738989,0.122316989
2.076,0.970687,0.160203883
2.077,1.062607,0.198085676
2.078,1.034431,0.235961163
2.079,0.823285,0.273829138
2.08,0.449729,0.311688395
2.081,0.090865,0.349537729
2.082,-0.276018,0.387375935
2.083,-0.557285,0.425201808
2.084,-0.401715,0.463014144
2.085,-0.254372,0.50081174
2.086,0.088824,0.538593391
2.087,0.719446,0.576357895
2.088,1.520922,0.614104051
2.089,2.289493,0.651830655
2.09,2.830528,0.689536507
2.091,3.143888,0.727220407
2.092,3.29196,0.764881155
2.093,3.467544,0.802517551
2.094,3.243158,0.840128398
2.095,3.195594,0.877712498
2.096,3.058059,0.915268655
2.097,2.933388,0.952795673
2.098,2.610251,0.990292358
2.099,2.563647,1.027757514
2.1,2.341997,1.065189951
2.101,2.226392,1.102588475
2.102,2.175355,1.139951897
2.103,2.104386,1.177279027
2.104,1.952424,1.214568677
2.105,1.893847,1.251819659
2.106,1.824236,1.289030787
2.107,1.831554,1.326200877
2.108,1.954727,1.363328745
2.109,2.179705,1.400413209
2.11,2.496939,1.43745309
2.111,2.752049,1.474447206
2.112,3.137876,1.511394382
2.113,3.583503,1.54829344
2.114,4.129546,1.585143206
2.115,4.730383,1.621942506
2.116,5.266158,1.658690169
2.117,5.650885,1.695385025
2.118,9.071341,1.732025906
2.119,9.14816,1.768611645
2.12,8.704805,1.805141078
2.121,5.367227,1.841613042
2.122,5.096975,1.878026375
2.123,4.769714,1.914379918
2.124,4.367299,1.950672513
2.125,3.819946,1.986903006
2.126,3.358991,2.023070243
2.127,2.871584,2.059173073
2.128,2.385721,2.095210346
2.129,3.240799,2.131180914
2.13,2.922403,2.167083633
2.131,2.797557,2.202917359
2.132,2.867801,2.238680952
2.133,3.064286,2.274373274
2.134,3.38034,2.309993187
2.135,3.829235,2.345539558
2.136,4.31836,2.381011255
2.137,4.8295,2.416407149
2.138,5.358984,2.451726114
2.139,5.777168,2.486967023
2.14,6.228298,2.522128756
2.141,6.639287,2.557210194
2.142,6.95816,2.592210218
2.143,7.103431,2.627127716
2.144,7.132651,2.661961575
2.145,7.056363,2.696710686
2.146,6.916172,2.731373944
2.147,6.748837,2.765950244
2.148,6.566579,2.800438486
2.149,6.31451,2.834837571
2.15,5.956216,2.869146405
2.151,5.441795,2.903363896
2.152,4.882152,2.937488953
2.153,4.430367,2.971520491
2.154,3.848189,3.005457426
2.155,3.226663,3.039298678
2.156,2.80619,3.073043169
2.157,2.701732,3.106689824
2.158,2.850564,3.140237574
2.159,3.179343,3.173685349
2.16,3.648637,3.207032086
2.161,4.146203,3.240276721
2.162,4.756659,3.273418197
2.163,5.404003,3.306455459
2.164,6.101802,3.339387455
2.165,6.763138,3.372213137
2.166,7.237056,3.404931459
2.167,7.420263,3.437541379
2.168,7.480013,3.47004186
2.169,7.543463,3.502431868
2.17,7.66672,3.534710369
2.171,7.916363,3.566876338
2.172,8.175156,3.59892875
2.173,8.322574,3.630866585
2.174,8.384664,3.662688825
2.175,8.425885,3.694394458
2.176,8.466267,3.725982474
2.177,8.394024,3.757451868
2.178,8.295993,3.788801638
2.179,8.10128,3.820030786
2.18,7.88809,3.851138316
2.181,7.567669,3.88212324
2.182,7.267913,3.912984571
2.183,7.068157,3.943721326
2.184,6.984175,3.974332526
2.185,6.943065,4.004817198
2.186,6.864975,4.035174369
2.187,6.794013,4.065403075
2.188,6.714659,4.095502353
2.189,6.586866,4.125471244
2.19,6.407633,4.155308794
2.191,6.30426,4.185014054
2.192,6.334505,4.214586077
2.193,6.471052,4.244023923
2.194,6.744597,4.273326653
2.195,7.119651,4.302493336
2.196,7.548462,4.331523042
2.197,7.968733,4.360414848
2.198,8.268927,4.389167833
2.199,8.478777,4.417781082
2.2,8.479087,4.446253684
2.201,8.255633,4.474584733
2.202,7.74506,4.502773327
2.203,7.05073,4.530818568
2.204,6.241852,4.558719563
2.205,5.432597,4.586475425
2.206,4.694882,4.614085269
2.207,4.043875,4.641548217
2.208,3.463879,4.668863394
2.209,2.982546,4.69602993
2.21,2.568793,4.723046961
2.211,2.259513,4.749913627
2.212,2.161835,4.776629072
2.213,2.261593,4.803192446
2.214,2.473279,4.829602902
2.215,2.697998,4.855859601
2.216,2.992071,4.881961706
2.217,3.421928,4.907908387
2.218,3.981221,4.933698816
2.219,4.607327,4.959332174
2.22,5.275323,4.984807644
2.221,5.998464,5.010124414
2.222,6.618535,5.03528168
2.223,6.918569,5.06027864
2.224,7.093105,5.085114498
2.225,7.055665,5.109788464
2.226,6.857202,5.134299752
2.227,6.55897,5.158647581
2.228,6.244111,5.182831177
2.229,6.049742,5.20684977
2.23,6.149878,5.230702595
2.231,5.929815,5.254388892
2.232,5.686989,5.277907908
2.233,5.366052,5.301258893
2.234,4.891256,5.324441105
2.235,4.517735,5.347453805
2.236,3.890963,5.37029626
2.237,3.662301,5.392967744
2.238,3.559392,5.415467535
2.239,3.390879,5.437794916
2.24,3.136255,5.459949176
2.241,2.905163,5.48192961
2.242,2.828119,5.503735519
2.243,2.996617,5.525366208
2.244,3.468748,5.546820989
2.245,4.190053,5.568099178
2.246,5.016774,5.589200098
2.247,5.714691,5.610123077
2.248,6.248351,5.630867449
2.249,6.720386,5.651432554
2.25,7.151345,5.671817737
2.251,7.544155,5.692022349
2.252,7.864324,5.712045747
2.253,7.867962,5.731887293
2.254,7.763815,5.751546356
2.255,7.503133,5.771022309
2.256,7.29315,5.790314533
2.257,6.969548,5.809422413
2.258,6.613746,5.828345342
2.259,6.291482,5.847082716
2.26,6.050634,5.86563394
2.261,5.896119,5.883998422
2.262,5.725938,5.902175577
2.263,5.577958,5.920164829
2.264,5.423868,5.937965602
2.265,5.377833,5.955577331
2.266,5.522634,5.972999456
2.267,5.894409,5.990231421
2.268,6.425778,6.007272677
2.269,7.072832,6.024122683
2.27,7.711764,6.040780902
2.271,8.256084,6.057246803
2.272,8.880999,6.073519862
2.273,9.480035,6.089599562
2.274,10.057188,6.10548539
2.275,10.49667,6.12117684
2.276,10.634966,6.136673414
2.277,10.494714,6.151974617
2.278,10.157759,6.167079962
2.279,9.529696,6.181988969
2.28,8.944359,6.196701163
2.281,8.315849,6.211216075
2.282,7.60641,6.225533244
2.283,6.951784,6.239652213
2.284,6.311395,6.253572534
2.285,5.938975,6.267293762
2.286,5.736477,6.280815462
2.287,5.807525,6.294137202
2.288,6.069808,6.307258559
2.289,6.435454,6.320179114
2.29,6.738965,6.332898457
2.291,6.893118,6.345416182
2.292,6.812407,6.357731892
2.293,6.580899,6.369845193
2.294,6.924596,6.3817557
2.295,6.611189,6.393463034
2.296,6.190651,6.404966823
2.297,5.637383,6.4162667
2.298,4.989951,6.427362305
2.299,4.320653,6.438253285
2.3,3.790606,6.448939294
2.301,3.500906,6.45941999
2.302,3.600832,6.469695041
2.303,3.814973,6.47976412
2.304,4.04303,6.489626905
2.305,3.982431,6.499283083
2.306,4.168617,6.508732346
2.307,4.271279,6.517974394
2.308,4.23223,6.527008932
2.309,4.13973,6.535835673
2.31,4.042885,6.544454335
2.311,3.812047,6.552864645
2.312,3.730132,6.561066334
2.313,4.280944,6.569059142
2.314,4.288598,6.576842814
2.315,4.321751,6.584417101
2.316,4.135354,6.591781764
2.317,4.320848,6.598936567
2.318,4.709616,6.605881283
2.319,5.034492,6.612615691
2.32,5.097294,6.619139576
2.321,5.093644,6.62545273
2.322,5.044705,6.631554953
2.323,4.956585,6.63744605
2.324,4.915957,6.643125834
2.325,4.931933,6.648594124
2.326,4.938877,6.653850746
2.327,4.895449,6.658895532
2.328,4.779724,6.663728322
2.329,4.724677,6.668348962
2.33,4.702351,6.672757305
2.331,4.740927,6.67695321
2.332,4.781594,6.680936545
2.333,4.83007,6.684707181
2.334,4.551851,6.688265
2.335,4.568161,6.691609888
2.336,4.664051,6.694741737
2.337,4.828199,6.69766045
2.338,5.016274,6.700365932
2.339,5.228326,6.702858098
2.34,5.462798,6.705136868
2.341,5.695515,6.70720217
2.342,5.901868,6.709053937
2.343,6.097129,6.710692112
2.344,6.293174,6.712116641
2.345,6.422592,6.71332748
2.346,6.451437,6.71432459
2.347,6.445055,6.715107939
2.348,6.422273,6.715677503
2.349,6.447998,6.716033262
2.35,6.461008,6.716175206
2.351,6.403501,6.716103331
2.352,6.263113,6.715817638
2.353,6.059012,6.715318136
2.354,5.852338,6.714604843
2.355,5.683361,6.713677779
2.356,5.56705,6.712536975
2.357,5.431339,6.711182468
2.358,5.307325,6.709614299
2.359,5.29794,6.70783252
2.36,5.437266,6.705837187
2.361,5.743223,6.703628363
2.362,6.233481,6.701206119
2.363,6.538411,6.698570531
2.364,7.066925,6.695721684
2.365,7.401849,6.692659669
2.366,7.586045,6.689384583
2.367,7.94732,6.68589653
2.368,8.095872,6.682195621
2.369,8.282499,6.678281974
2.37,8.477853,6.674155714
2.371,8.655504,6.669816972
2.372,8.838865,6.665265886
2.373,8.960244,6.660502601
2.374,9.095591,6.655527268
2.375,9.302258,6.650340047
2.376,9.521529,6.644941102
2.377,9.663336,6.639330605
2.378,9.699532,6.633508735
2.379,9.538401,6.627475677
2.38,9.161706,6.621231623
2.381,8.591603,6.614776773
2.382,7.655037,6.60811133
2.383,6.573757,6.601235508
2.384,5.432781,6.594149526
2.385,4.557698,6.586853609
2.386,3.972583,6.579347989
2.387,3.706996,6.571632906
2.388,3.688001,6.563708604
2.389,3.882102,6.555575337
2.39,4.213375,6.547233364
2.391,4.645186,6.538682949
2.392,5.19243,6.529924364
2.393,5.69603,6.52095789
2.394,6.397391,6.511783811
2.395,6.990811,6.50240242
2.396,7.449293,6.492814014
2.397,7.791467,6.4830189
2.398,8.093903,6.473017389
2.399,8.298,6.4628098
2.4,8.463125,6.452396457
2.401,8.581857,6.441777692
2.402,8.550152,6.430953844
2.403,8.269522,6.419925256
2.404,7.811991,6.40869228
2.405,7.211837,6.397255273
2.406,6.623154,6.3856146
2.407,6.072845,6.373770631
2.408,5.532944,6.361723743
2.409,5.136123,6.34947432
2.41,4.656958,6.337022752
2.411,4.239026,6.324369435
2.412,3.947543,6.311514772
2.413,3.686938,6.298459173
2.414,3.685519,6.285203052
2.415,3.521795,6.271746832
2.416,4.280709,6.258090942
2.417,4.54528,6.244235815
2.418,4.637781,6.230181894
2.419,4.73666,6.215929625
2.42,4.811805,6.201479463
2.421,5.089957,6.186831867
2.422,5.374911,6.171987304
2.423,5.298312,6.156946246
2.424,5.890024,6.141709172
2.425,6.193089,6.126276568
2.426,6.421344,6.110648924
2.427,6.658913,6.094826738
2.428,6.927583,6.078810515
2.429,7.23169,6.062600763
2.43,7.512621,6.046197998
2.431,7.84918,6.029602744
2.432,8.204553,6.012815528
2.433,8.627581,5.995836885
2.434,8.981587,5.978667355
2.435,9.225983,5.961307486
2.436,9.224145,5.943757828
2.437,8.936185,5.926018943
2.438,8.448979,5.908091393
2.439,7.890285,5.88997575
2.44,7.396688,5.871672591
2.441,6.702117,5.853182498
2.442,5.97787,5.83450606
2.443,5.300282,5.815643872
2.444,4.755337,5.796596533
2.445,4.33273,5.777364651
2.446,4.158589,5.757948838
2.447,4.129783,5.738349712
2.448,4.14978,5.718567897
2.449,4.147346,5.698604022
2.45,4.28406,5.678458723
2.451,4.446855,5.658132642
2.452,4.708879,5.637626426
2.453,4.948799,5.616940727
2.454,5.136043,5.596076204
2.455,5.155491,5.575033522
2.456,5.087373,5.55381335
2.457,4.972547,5.532416364
2.458,4.842497,5.510843244
2.459,4.640992,5.489094679
2.46,4.411631,5.46717136
2.461,4.162682,5.445073985
2.462,3.886929,5.422803258
2.463,3.506132,5.400359887
2.464,3.223917,5.377744588
2.465,3.127414,5.35495808
2.466,3.148426,5.332001089
2.467,3.153445,5.308874346
2.468,3.17328,5.285578586
2.469,3.191,5.262114551
2.47,3.12058,5.23848299
2.471,3.038153,5.214684653
2.472,2.930425,5.190720298
2.473,2.843303,5.16659069
2.474,2.650461,5.142296594
2.475,2.321341,5.117838786
2.476,1.948248,5.093218044
2.477,1.752136,5.068435151
2.478,1.885603,5.043490897
2.479,2.22586,5.018386075
2.48,2.691933,4.993121486
2.481,3.143634,4.967697933
2.482,3.506489,4.942116225
2.483,3.789392,4.916377178
2.484,4.104147,4.890481611
2.485,4.426956,4.864430347
2.486,4.699831,4.838224217
2.487,4.739035,4.811864054
2.488,4.535379,4.785350699
2.489,4.266885,4.758684994
2.49,3.992576,4.73186779
2.491,3.779881,4.704899939
2.492,3.631052,4.6777823
2.493,3.698434,4.650515737
2.494,3.952346,4.623101118
2.495,4.215084,4.595539315
2.496,4.654788,4.567831207
2.497,5.175846,4.539977674
2.498,6.223921,4.511979604
2.499,6.825403,4.483837889
2.5,7.379796,4.455553423
2.501,7.792066,4.427127108
2.502,7.992798,4.398559849
2.503,7.934944,4.369852555
2.504,7.445677,4.34100614
2.505,7.201338,4.312021522
2.506,6.900093,4.282899625
2.507,6.587958,4.253641375
2.508,6.281335,4.224247704
2.509,6.083154,4.194719547
2.51,5.806079,4.165057845
2.511,5.52011,4.135263542
2.512,5.318744,4.105337586
2.513,5.226698,4.075280931
2.514,5.138763,4.045094533
2.515,4.991157,4.014779353
2.516,4.878203,3.984336357
2.517,4.801243,3.953766513
2.518,4.751981,3.923070795
2.519,5.098814,3.89225018
2.52,5.177707,3.861305649
2.521,5.285691,3.830238188
2.522,5.476047,3.799048785
2.523,5.496053,3.767738433
2.524,5.501679,3.73630813
2.525,5.610862,3.704758876
2.526,5.762521,3.673091675
2.527,5.883658,3.641307535
2.528,5.845356,3.609407469
2.529,5.602511,3.577392492
2.53,5.156192,3.545263623
2.531,4.752678,3.513021886
2.532,4.569513,3.480668305
2.533,4.187041,3.448203913
2.534,4.651375,3.415629741
2.535,5.19051,3.382946828
2.536,5.897421,3.350156213
2.537,6.607737,3.317258942
2.538,7.333607,3.28425606
2.539,7.867612,3.251148618
2.54,8.315487,3.217937672
2.541,8.600228,3.184624277
2.542,8.59694,3.151209495
2.543,8.276703,3.11769439
2.544,7.940808,3.084080028
2.545,7.073716,3.050367479
2.546,6.1171,3.016557817
2.547,5.194139,2.982652119
2.548,3.92774,2.948651463
2.549,3.17233,2.914556933
2.55,2.620898,2.880369613
2.551,2.217236,2.846090592
2.552,1.825834,2.811720962
2.553,1.624288,2.777261816
2.554,1.438115,2.742714251
2.555,1.273189,2.708079368
2.556,1.125512,2.67335827
2.557,0.984361,2.63855206
2.558,0.82054,2.603661849
2.559,0.914872,2.568688746
2.56,0.698214,2.533633864
2.561,0.565946,2.498498321
2.562,0.624986,2.463283234
2.563,0.920103,2.427989725
2.564,1.397737,2.392618917
2.565,2.140033,2.357171936
2.566,2.749184,2.321649911
2.567,3.32467,2.286053973
2.568,3.805781,2.250385254
2.569,4.16467,2.214644892
2.57,4.384617,2.178834022
2.571,4.247476,2.142953787
2.572,3.879792,2.107005326
2.573,3.395583,2.070989787
2.574,2.940821,2.034908314
2.575,2.461533,1.998762056
2.576,2.068546,1.962552165
2.577,1.704124,1.926279793
2.578,1.488533,1.889946095
2.579,1.654982,1.853552228
2.58,1.765994,1.81709935
2.581,1.717685,1.780588622
2.582,2.158792,1.744021206
2.583,2.579416,1.707398267
2.584,2.969254,1.67072097
2.585,3.260006,1.633990483
2.586,3.38407,1.597207975
2.587,3.342931,1.560374618
2.588,3.171553,1.523491584
2.589,2.822831,1.486560047
2.59,2.615496,1.449581183
2.591,2.524746,1.41255617
2.592,2.497123,1.375486185
2.593,2.420598,1.33837241
2.594,2.220909,1.301216026
2.595,1.897835,1.264018216
2.596,1.538801,1.226780164
2.597,1.440306,1.189503055
2.598,1.533464,1.152188077
2.599,1.72301,1.114836416
2.6,1.913419,1.077449264
2.601,2.074083,1.040027809
2.602,2.141346,1.002573243
2.603,1.999855,0.965086759
2.604,2.004639,0.92756955
2.605,1.900164,0.89002281
2.606,1.841883,0.852447735
2.607,1.752696,0.814845521
2.608,1.657503,0.777217365
2.609,1.526792,0.739564466
2.61,1.359987,0.701888021
2.611,1.091051,0.66418923
2.612,0.688411,0.626469294
2.613,0.357726,0.588729413
2.614,0.300966,0.55097079
2.615,0.648974,0.513194625
2.616,1.024633,0.475402122
2.617,1.799333,0.437594483
2.618,2.095994,0.399772914
2.619,2.364335,0.361938617
2.62,2.596885,0.324092797
2.621,2.83274,0.286236658
2.622,2.979495,0.248371408
2.623,3.038114,0.21049825
2.624,3.110764,0.17261839
2.625,2.719358,0.134733035
2.626,2.884912,0.09684339
2.627,2.59997,0.058950662
2.628,2.371883,0.021056058
2.629,2.215306,-0.016839217
2.63,2.13659,-0.054733956
2.631,2.183698,-0.092626952
2.632,2.471106,-0.130517
2.633,2.664844,-0.168402892
2.634,2.413748,-0.206283422
2.635,2.524123,-0.244157386
2.636,2.526035,-0.282023576
2.637,2.634347,-0.319880788
2.638,2.429903,-0.357727816
2.639,2.095788,-0.395563455
2.64,1.651156,-0.4333865
2.641,1.034476,-0.471195748
2.642,0.27679,-0.508989995
2.643,-0.575177,-0.546768037
2.644,-1.416964,-0.584528673
2.645,-2.196298,-0.622270698
2.646,-2.872254,-0.659992913
2.647,-3.478735,-0.697694116
2.648,-4.061606,-0.735373107
2.649,-4.495713,-0.773028686
2.65,-4.602774,-0.810659654
2.651,-4.307411,-0.848264814
2.652,-3.742735,-0.885842968
2.653,-2.904991,-0.92339292
2.654,-1.973493,-0.960913475
2.655,-0.984877,-0.998403437
2.656,0.072887,-1.035861613
2.657,1.232171,-1.073286811
2.658,2.26603,-1.11067784
2.659,3.156839,-1.148033508
2.66,3.704468,-1.185352627
2.661,3.891326,-1.222634009
2.662,3.53844,-1.259876466
2.663,3.592365,-1.297078813
2.664,3.237475,-1.334239865
2.665,2.666643,-1.37135844
2.666,2.147843,-1.408433355
2.667,1.579495,-1.445463431
2.668,1.052014,-1.482447489
2.669,0.477778,-1.51938435
2.67,0.074661,-1.556272839
2.671,-0.752273,-1.593111782
2.672,-1.558357,-1.629900006
2.673,-2.132352,-1.66663634
2.674,-2.502125,-1.703319614
2.675,-2.760238,-1.73994866
2.676,-3.058382,-1.776522311
2.677,-3.853016,-1.813039405
2.678,-4.112071,-1.849498778
2.679,-4.237719,-1.885899269
2.68,-4.059149,-1.92223972
2.681,-3.559399,-1.958518973
2.682,-2.984584,-1.994735873
2.683,-2.873155,-2.030889269
2.684,-2.664564,-2.066978007
2.685,-2.613313,-2.103000941
2.686,-2.792269,-2.138956922
2.687,-2.835481,-2.174844806
2.688,-2.872275,-2.210663451
2.689,-2.851881,-2.246411715
2.69,-2.773319,-2.282088462
2.691,-2.648024,-2.317692555
2.692,-2.551742,-2.353222861
2.693,-1.951874,-2.388678248
2.694,-1.761805,-2.424057588
2.695,-1.476359,-2.459359755
2.696,-1.384767,-2.494583624
2.697,-1.111267,-2.529728074
2.698,-0.879517,-2.564791986
2.699,-0.823207,-2.599774244
2.7,-0.975591,-2.634673735
2.701,-1.251059,-2.669489346
2.702,-1.556881,-2.70421997
2.703,-1.588265,-2.738864502
2.704,-1.633157,-2.773421837
2.705,-1.699713,-2.807890876
2.706,-1.897891,-2.842270522
2.707,-2.316383,-2.876559679
2.708,-2.603917,-2.910757257
2.709,-2.765501,-2.944862167
2.71,-2.821249,-2.978873322
2.711,-2.826139,-3.012789641
2.712,-2.851545,-3.046610042
2.713,-3.240084,-3.08033345
2.714,-3.319384,-3.113958791
2.715,-3.249816,-3.147484994
2.716,-2.793241,-3.180910993
2.717,-2.523036,-3.214235722
2.718,-2.448182,-3.247458121
2.719,-2.288154,-3.280577132
2.72,-2.0884,-3.313591701
2.721,-1.773483,-3.346500776
2.722,-1.570754,-3.379303311
2.723,-1.099267,-3.411998261
2.724,-0.9913,-3.444584584
2.725,-1.06121,-3.477061243
2.726,-1.213994,-3.509427205
2.727,-1.279671,-3.541681439
2.728,-1.23094,-3.573822919
2.729,-1.236012,-3.60585062
2.73,-1.729339,-3.637763523
2.731,-1.833483,-3.669560612
2.732,-1.926875,-3.701240876
2.733,-2.105908,-3.732803304
2.734,-1.988819,-3.764246894
2.735,-1.87368,-3.795570642
2.736,-1.791444,-3.826773553
2.737,-1.729861,-3.857854633
2.738,-1.570964,-3.888812891
2.739,-1.35735,-3.919647344
2.74,-1.12103,-3.950357009
2.741,-1.031947,-3.980940908
2.742,-1.115406,-4.011398067
2.743,-1.265583,-4.041727518
2.744,-1.503773,-4.071928294
2.745,-1.706792,-4.101999434
2.746,-1.858287,-4.13193998
2.747,-2.029997,-4.16174898
2.748,-2.270535,-4.191425484
2.749,-2.663201,-4.220968548
2.75,-3.192052,-4.25037723
2.751,-3.732102,-4.279650596
2.752,-4.136601,-4.308787712
2.753,-4.388037,-4.337787651
2.754,-4.459711,-4.366649491
2.755,-4.553234,-4.395372311
2.756,-4.639774,-4.423955198
2.757,-4.754881,-4.452397241
2.758,-4.56026,-4.480697536
2.759,-4.261429,-4.50885518
2.76,-3.543679,-4.536869279
2.761,-3.195328,-4.564738939
2.762,-3.018302,-4.592463274
2.763,-3.077757,-4.6200414
2.764,-3.201521,-4.647472441
2.765,-3.664393,-4.674755522
2.766,-3.689881,-4.701889775
2.767,-3.836197,-4.728874336
2.768,-3.803309,-4.755708346
2.769,-3.751304,-4.782390951
2.77,-3.607276,-4.808921302
2.771,-3.291697,-4.835298552
2.772,-2.705268,-4.861521864
2.773,-1.804911,-4.887590402
2.774,-1.243099,-4.913503336
2.775,-0.818839,-4.939259841
2.776,-0.615455,-4.964859097
2.777,-0.389771,-4.990300289
2.778,-0.335149,-5.015582607
2.779,-0.440407,-5.040705246
2.78,-0.621855,-5.065667407
2.781,-1.058523,-5.090468295
2.782,-1.477852,-5.11510712
2.783,-1.90474,-5.139583097
2.784,-2.268523,-5.163895448
2.785,-2.7136,-5.188043398
2.786,-2.737561,-5.21202618
2.787,-2.698753,-5.235843028
2.788,-2.540911,-5.259493185
2.789,-2.476858,-5.282975898
2.79,-2.555454,-5.30629042
2.791,-2.385286,-5.329436007
2.792,-2.480801,-5.352411924
2.793,-2.464225,-5.375217439
2.794,-2.345038,-5.397851825
2.795,-2.472018,-5.420314363
2.796,-2.741605,-5.442604336
2.797,-3.082757,-5.464721036
2.798,-3.413741,-5.486663758
2.799,-3.721187,-5.508431804
2.8,-3.810885,-5.53002448
2.801,-3.683869,-5.5514411
2.802,-3.628357,-5.572680981
2.803,-3.670001,-5.593743447
2.804,-3.790855,-5.614627827
2.805,-3.645745,-5.635333458
2.806,-3.772573,-5.655859679
2.807,-3.847394,-5.676205836
2.808,-3.961735,-5.696371284
2.809,-4.032778,-5.716355378
2.81,-4.045901,-5.736157484
2.811,-4.050264,-5.75577697
2.812,-4.085035,-5.775213212
2.813,-4.099018,-5.794465592
2.814,-4.397267,-5.813533495
2.815,-4.180132,-5.832416316
2.816,-3.877504,-5.851113454
2.817,-3.502634,-5.869624312
2.818,-3.107829,-5.887948301
2.819,-2.759343,-5.906084839
2.82,-2.560805,-5.924033347
2.821,-2.500243,-5.941793255
2.822,-2.590533,-5.959363996
2.823,-2.753965,-5.976745012
2.824,-2.985739,-5.99393575
2.825,-3.540214,-6.010935661
2.826,-3.910569,-6.027744204
2.827,-3.965628,-6.044360846
2.828,-4.268746,-6.060785055
2.829,-4.498068,-6.077016311
2.83,-4.692026,-6.093054095
2.831,-4.883336,-6.108897898
2.832,-4.992548,-6.124547214
2.833,-5.097404,-6.140001546
2.834,-5.2546,-6.155260402
2.835,-5.37906,-6.170323296
2.836,-5.535916,-6.185189747
2.837,-5.756318,-6.199859284
2.838,-6.048911,-6.214331439
2.839,-6.316233,-6.228605751
2.84,-6.4255,-6.242681766
2.841,-6.338708,-6.256559036
2.842,-6.036353,-6.270237118
2.843,-5.683506,-6.283715578
2.844,-5.147432,-6.296993986
2.845,-4.567882,-6.31007192
2.846,-4.292842,-6.322948963
2.847,-3.780739,-6.335624705
2.848,-3.335441,-6.348098742
2.849,-2.759496,-6.360370679
2.85,-2.487088,-6.372440123
2.851,-2.38052,-6.38430669
2.852,-2.415092,-6.395970004
2.853,-2.400169,-6.407429692
2.854,-2.541321,-6.41868539
2.855,-2.735051,-6.429736739
2.856,-2.925967,-6.440583387
2.857,-3.166688,-6.45122499
2.858,-3.440807,-6.461661208
2.859,-3.729626,-6.471891709
2.86,-4.02474,-6.481916168
2.861,-4.360906,-6.491734264
2.862,-4.739125,-6.501345687
2.863,-4.997981,-6.510750129
2.864,-5.152006,-6.519947291
2.865,-5.134643,-6.528936881
2.866,-5.014589,-6.537718613
2.867,-4.765137,-6.546292206
2.868,-4.763812,-6.554657387
2.869,-4.348801,-6.562813891
2.87,-4.001426,-6.570761458
2.871,-3.687423,-6.578499835
2.872,-3.392802,-6.586028775
2.873,-3.137952,-6.593348039
2.874,-2.866302,-6.600457393
2.875,-2.801581,-6.607356612
2.876,-2.813157,-6.614045475
2.877,-2.899393,-6.62052377
2.878,-3.056126,-6.626791291
2.879,-3.284553,-6.632847837
2.88,-3.778693,-6.638693217
2.881,-4.031976,-6.644327243
2.882,-4.229963,-6.649749738
2.883,-4.367031,-6.654960527
2.884,-4.434829,-6.659959446
2.885,-4.369273,-6.664746334
2.886,-4.13165,-6.66932104
2.887,-3.96658,-6.673683418
2.888,-3.701463,-6.677833329
2.889,-3.477928,-6.681770641
2.89,-3.291698,-6.685495229
2.891,-3.207997,-6.689006973
2.892,-3.2318,-6.692305763
2.893,-3.383477,-6.695391493
2.894,-3.654143,-6.698264065
2.895,-4.010835,-6.700923387
2.896,-4.382373,-6.703369376
2.897,-4.733172,-6.705601952
2.898,-5.071854,-6.707621045
2.899,-5.124891,-6.709426591
2.9,-5.244237,-6.711018532
2.901,-5.210921,-6.712396817
2.902,-5.062665,-6.713561403
2.903,-4.813863,-6.714512252
2.904,-4.49412,-6.715249335
2.905,-4.201963,-6.715772627
2.906,-4.268517,-6.716082112
2.907,-4.159148,-6.716177781
2.908,-4.103582,-6.71605963
2.909,-4.00782,-6.715727662
2.91,-3.675258,-6.71518189
2.911,-3.584993,-6.714422329
2.912,-3.431497,-6.713449004
2.913,-3.264948,-6.712261946
2.914,-3.093141,-6.710861193
2.915,-2.875261,-6.70924679
2.916,-2.621406,-6.707418788
2.917,-2.253097,-6.705377244
2.918,-1.962492,-6.703122225
2.919,-1.81021,-6.700653801
2.92,-1.771583,-6.697972052
2.921,-1.93322,-6.695077062
2.922,-2.198591,-6.691968925
2.923,-2.375313,-6.688647738
2.924,-2.613283,-6.685113608
2.925,-2.891959,-6.681366647
2.926,-2.869539,-6.677406975
2.927,-3.527565,-6.673234717
2.928,-3.973072,-6.668850007
2.929,-4.266088,-6.664252983
2.93,-4.481138,-6.659443793
2.931,-4.586461,-6.654422589
2.932,-4.766312,-6.649189532
2.933,-5.022829,-6.643744787
2.934,-5.591178,-6.638088529
2.935,-5.800522,-6.632220936
2.936,-6.08824,-6.626142197
2.937,-6.35161,-6.619852505
2.938,-6.491106,-6.613352059
2.939,-6.263266,-6.606641067
2.94,-6.022621,-6.599719743
2.941,-5.623002,-6.592588306
2.942,-5.065675,-6.585246985
2.943,-4.407745,-6.577696011
2.944,-3.740248,-6.569935627
2.945,-3.156216,-6.561966079
2.946,-2.706817,-6.55378762
2.947,-2.448559,-6.545400512
2.948,-2.270359,-6.536805021
2.949,-2.268798,-6.528001421
2.95,-2.396054,-6.518989991
2.951,-2.579944,-6.50977102
2.952,-2.81419,-6.5003448
2.953,-3.17666,-6.490711632
2.954,-3.640908,-6.480871822
2.955,-4.008415,-6.470825683
2.956,-4.150767,-6.460573536
2.957,-4.097471,-6.450115706
2.958,-3.987258,-6.439452528
2.959,-3.878511,-6.428584339
2.96,-3.740524,-6.417511487
2.961,-3.649149,-6.406234323
2.962,-3.570752,-6.394753207
2.963,-3.596012,-6.383068504
2.964,-6.298567,-6.371180586
2.965,-6.258062,-6.359089832
2.966,-6.324818,-6.346796627
2.967,-6.344006,-6.334301362
2.968,-6.325244,-6.321604434
2.969,-6.273699,-6.308706249
2.97,-6.256854,-6.295607216
2.971,-6.316745,-6.282307753
2.972,-6.451545,-6.268808283
2.973,-6.66431,-6.255109236
2.974,-6.918984,-6.241211048
2.975,-7.183717,-6.227114161
2.976,-7.438739,-6.212819025
2.977,-7.721955,-6.198326094
2.978,-8.032583,-6.18363583
2.979,-8.368875,-6.1687487
2.98,-8.673677,-6.153665179
2.981,-8.840806,-6.138385747
2.982,-8.839645,-6.122910889
2.983,-8.65453,-6.107241099
2.984,-8.312134,-6.091376876
2.985,-7.893243,-6.075318725
2.986,-7.494793,-6.059067156
2.987,-7.107652,-6.042622688
2.988,-6.719347,-6.025985844
2.989,-6.270876,-6.009157153
2.99,-5.795276,-5.992137151
2.991,-5.277953,-5.974926381
2.992,-4.774807,-5.957525389
2.993,-4.356833,-5.939934731
2.994,-4.072489,-5.922154966
2.995,-3.97117,-5.904186659
2.996,-3.812454,-5.886030384
2.997,-3.674256,-5.867686719
2.998,-3.582044,-5.849156246
2.999,-3.559002,-5.830439557
3,-3.618732,-5.811537246
3.001,-3.618359,-5.792449916
3.002,-3.762147,-5.773178175
3.003,-3.86915,-5.753722636
3.004,-4.011321,-5.734083918
3.005,-4.244965,-5.714262647
3.006,-4.600233,-5.694259454
3.007,-5.02867,-5.674074975
3.008,-5.47353,-5.653709853
3.009,-5.904205,-5.633164737
3.01,-6.297577,-5.612440281
3.011,-6.635898,-5.591537143
3.012,-6.915568,-5.570455991
3.013,-7.08486,-5.549197494
3.014,-6.880729,-5.527762331
3.015,-6.745488,-5.506151182
3.016,-6.608079,-5.484364737
3.017,-6.209662,-5.462403689
3.018,-5.787163,-5.440268736
3.019,-5.50687,-5.417960585
3.02,-5.283656,-5.395479944
3.021,-5.088939,-5.37282753
3.022,-5.256176,-5.350004064
3.023,-5.308487,-5.327010272
3.024,-5.263915,-5.303846886
3.025,-5.551485,-5.280514645
3.026,-5.957767,-5.25701429
3.027,-6.427143,-5.23334657
3.028,-6.899546,-5.209512239
3.029,-7.21213,-5.185512054
3.03,-7.42255,-5.161346781
3.031,-7.580343,-5.137017189
3.032,-7.690366,-5.112524051
3.033,-7.691971,-5.087868149
3.034,-7.599093,-5.063050267
3.035,-7.437731,-5.038071195
3.036,-7.219318,-5.012931728
3.037,-6.952735,-4.987632666
3.038,-6.630711,-4.962174816
3.039,-6.23954,-4.936558987
3.04,-5.964348,-4.910785995
3.041,-5.597614,-4.884856661
3.042,-5.278808,-4.85877181
3.043,-5.09322,-4.832532273
3.044,-4.997364,-4.806138884
3.045,-5.019363,-4.779592485
3.046,-5.143053,-4.75289392
3.047,-5.338406,-4.726044039
3.048,-5.575358,-4.699043698
3.049,-5.783301,-4.671893755
3.05,-6.098934,-4.644595076
3.051,-6.530465,-4.617148528
3.052,-6.853532,-4.589554987
3.053,-7.178903,-4.56181533
3.054,-7.453251,-4.53393044
3.055,-7.402759,-4.505901206
3.056,-7.101543,-4.47772852
3.057,-6.606247,-4.449413279
3.058,-6.121982,-4.420956383
3.059,-5.782483,-4.39235874
3.06,-5.536079,-4.363621259
3.061,-5.362111,-4.334744855
3.062,-5.282282,-4.305730449
3.063,-5.288377,-4.276578963
3.064,-5.381298,-4.247291325
3.065,-5.598179,-4.217868468
3.066,-6.05866,-4.188311329
3.067,-6.599754,-4.158620849
3.068,-7.128017,-4.128797973
3.069,-7.53541,-4.09884365
3.07,-7.853015,-4.068758834
3.071,-8.069664,-4.038544483
3.072,-8.207809,-4.008201558
3.073,-8.345135,-3.977731027
3.074,-8.391046,-3.947133858
3.075,-8.44209,-3.916411026
3.076,-8.330464,-3.885563509
3.077,-8.070828,-3.85459229
3.078,-7.632154,-3.823498353
3.079,-7.09933,-3.79228269
3.08,-6.583257,-3.760946293
3.081,-6.217534,-3.729490161
3.082,-5.815435,-3.697915295
3.083,-5.381711,-3.6662227
3.084,-4.951317,-3.634413385
3.085,-4.585656,-3.602488363
3.086,-4.328726,-3.570448651
3.087,-4.276611,-3.538295268
3.088,-4.403244,-3.506029237
3.089,-4.541211,-3.473651587
3.09,-4.601517,-3.441163348
3.091,-4.715704,-3.408565554
3.092,-4.496659,-3.375859243
3.093,-4.242505,-3.343045457
3.094,-3.8612,-3.310125239
3.095,-3.420907,-3.277099639
3.096,-3.009048,-3.243969707
3.097,-2.604321,-3.210736499
3.098,-2.240229,-3.177401072
3.099,-1.921422,-3.143964487
3.1,-1.665908,-3.110427809
3.101,-1.470699,-3.076792106
3.102,-1.335089,-3.043058449
3.103,-1.469444,-3.009227911
3.104,-1.677507,-2.97530157
3.105,-1.871156,-2.941280506
3.106,-2.101865,-2.907165801
3.107,-2.280446,-2.872958543
3.108,-2.477116,-2.838659819
3.109,-2.688822,-2.804270722
3.11,-2.863939,-2.769792347
3.111,-2.967889,-2.735225792
3.112,-3.02085,-2.700572156
3.113,-3.105051,-2.665832544
3.114,-3.367048,-2.63100806
3.115,-3.312888,-2.596099815
3.116,-3.140232,-2.561108918
3.117,-2.911239,-2.526036485
3.118,-2.528748,-2.490883632
3.119,-2.030423,-2.455651477
3.12,-1.481788,-2.420341143
3.121,-0.949211,-2.384953754
3.122,-0.42141,-2.349490436
3.123,0.06938,-2.313952318
3.124,0.405895,-2.278340533
3.125,0.583971,-2.242656212
3.126,0.583946,-2.206900494
3.127,0.450686,-2.171074515
3.128,0.140522,-2.135179417
3.129,-0.216754,-2.099216342
3.13,-0.747943,-2.063186435
3.131,-1.253382,-2.027090844
3.132,-1.620026,-1.990930717
3.133,-1.647884,-1.954707206
3.134,-1.563084,-1.918421464
3.135,-1.178992,-1.882074645
3.136,-0.78755,-1.845667909
3.137,-0.019857,-1.809202412
3.138,0.656216,-1.772679317
3.139,6.207876,-1.736099785
3.14,6.779938,-1.699464983
3.141,6.789944,-1.662776075
3.142,6.486875,-1.62603423
3.143,6.066995,-1.589240618
3.144,5.602164,-1.55239641
3.145,5.182628,-1.515502779
3.146,1.070979,-1.4785609
3.147,0.784344,-1.441571948
3.148,0.519828,-1.404537102
3.149,0.277818,-1.36745754
3.15,0.032681,-1.330334443
3.151,-0.025854,-1.293168993
3.152,-0.00413,-1.255962373
3.153,-0.009874,-1.218715768
3.154,-0.070429,-1.181430362
3.155,-0.342992,-1.144107344
3.156,-0.775759,-1.106747902
3.157,-1.23644,-1.069353225
3.158,-1.59693,-1.031924503
3.159,-1.810787,-0.994462928
3.16,-1.894795,-0.956969693
3.161,-1.909124,-0.919445991
3.162,-2.086503,-0.881893018
3.163,-1.989623,-0.844311968
3.164,-2.036653,-0.806704038
3.165,-1.8591,-0.769070425
3.166,-1.79618,-0.731412328
3.167,-1.637666,-0.693730945
3.168,-1.457187,-0.656027477
3.169,-1.237787,-0.618303122
3.17,-1.043139,-0.580559083
3.171,-0.881899,-0.542796561
3.172,-0.71033,-0.505016758
3.173,-0.482545,-0.467220877
3.174,-0.119124,-0.429410122
3.175,0.013808,-0.391585696
3.176,0.386267,-0.353748802
3.177,0.642517,-0.315900647
3.178,0.776042,-0.278042435
3.179,0.729498,-0.24017537
3.18,0.794299,-0.20230066
3.181,0.879075,-0.164419508
3.182,1.204706,-0.126533123
3.183,1.256298,-0.088642708
3.184,1.23678,-0.050749472
3.185,1.158465,-0.01285462
3.186,0.823571,0.025040641
3.187,0.778924,0.062935105
3.188,0.844357,0.100827565
3.189,0.767696,0.138716816
3.19,0.577562,0.17660165
3.191,0.325188,0.214480861
3.192,0.075968,0.252353245
3.193,-0.150101,0.290217594
3.194,-0.22825,0.328072704
3.195,-0.243341,0.365917369
3.196,-0.284744,0.403750385
3.197,-0.228823,0.441570546
3.198,-0.141953,0.47937665
3.199,-0.02462,0.517167491
3.2,0.154833,0.554941868
3.201,0.346698,0.592698578
3.202,0.424346,0.630436418
3.203,0.446421,0.668154187
3.204,0.572196,0.705850685
3.205,0.706475,0.74352471
3.206,0.861441,0.781175065
3.207,1.031056,0.818800549
3.208,1.197284,0.856399966
3.209,1.346174,0.893972118
3.21,1.883023,0.931515808
3.211,2.026012,0.969029843
3.212,2.261859,1.006513027
3.213,2.483517,1.043964168
3.214,2.693227,1.081382072
3.215,2.899023,1.118765548
3.216,3.063033,1.156113407
3.217,3.188536,1.193424459
3.218,3.305583,1.230697517
3.219,3.370931,1.267931394
3.22,3.389017,1.305124904
3.221,3.578984,1.342276864
3.222,3.68996,1.37938609
3.223,3.817345,1.416451401
3.224,3.893107,1.453471617
3.225,6.522043,1.49044556
3.226,6.484327,1.527372052
3.227,6.375994,1.564249918
3.228,6.191611,1.601077984
3.229,5.974135,1.637855077
3.23,5.626292,1.674580026
3.231,5.470238,1.711251662
3.232,5.456667,1.747868818
3.233,5.634281,1.784430328
3.234,5.926858,1.820935028
3.235,6.216122,1.857381756
3.236,6.400005,1.893769351
3.237,6.455588,1.930096655
3.238,6.55654,1.966362512
3.239,6.665576,2.002565766
3.24,6.631315,2.038705266
3.241,6.737726,2.07477986
3.242,6.919538,2.1107884
3.243,7.080193,2.14672974
3.244,7.163483,2.182602736
3.245,7.271808,2.218406246
3.246,7.448404,2.254139129
3.247,7.50168,2.289800248
3.248,7.528523,2.325388467
3.249,7.572804,2.360902655
3.25,7.60756,2.396341679
3.251,7.553383,2.431704412
3.252,7.372212,2.466989729
3.253,7.113145,2.502196504
3.254,6.737002,2.537323619
3.255,6.305247,2.572369954
3.256,5.964423,2.607334393
3.257,5.766524,2.642215824
3.258,5.56531,2.677013137
3.259,5.566834,2.711725222
3.26,5.465644,2.746350975
3.261,5.256571,2.780889294
3.262,4.978207,2.81533908
3.263,4.425555,2.849699234
3.264,4.236774,2.883968664
3.265,4.1367,2.918146279
3.266,4.034306,2.952230989
3.267,4.275145,2.986221712
3.268,4.281295,3.020117363
3.269,4.241054,3.053916864
3.27,4.464317,3.087619138
3.271,5.003611,3.121223114
3.272,5.754159,3.154727721
3.273,6.479001,3.188131892
3.274,7.154909,3.221434565
3.275,7.717489,3.254634678
3.276,8.165874,3.287731174
3.277,8.530017,3.320723001
3.278,8.772092,3.353609107
3.279,8.733773,3.386388446
3.28,8.191066,3.419059975
3.281,7.74154,3.451622652
3.282,7.178705,3.484075441
3.283,6.537698,3.51641731
3.284,5.950551,3.548647228
3.285,5.395061,3.580764169
3.286,4.811308,3.612767112
3.287,4.337866,3.644655036
3.288,4.028836,3.676426927
3.289,3.712022,3.708081774
3.29,3.661327,3.739618568
3.291,3.906281,3.771036305
3.292,4.345126,3.802333986
3.293,5.121936,3.833510614
3.294,5.842127,3.864565196
3.295,6.73536,3.895496744
3.296,7.662966,3.926304272
3.297,8.036291,3.956986801
3.298,8.955073,3.987543353
3.299,9.592171,4.017972955
3.3,9.830055,4.048274639
3.301,9.527541,4.07844744
3.302,8.816557,4.108490397
3.303,7.931994,4.138402555
3.304,6.905592,4.168182959
3.305,6.666279,4.197830664
3.306,5.870582,4.227344724
3.307,5.010957,4.2567242
3.308,4.504493,4.285968157
3.309,4.050097,4.315075663
3.31,3.738228,4.344045792
3.311,3.595204,4.372877622
3.312,3.523427,4.401570235
3.313,3.484369,4.430122717
3.314,3.466908,4.458534159
3.315,3.463573,4.486803657
3.316,3.505247,4.51493031
3.317,3.492573,4.542913224
3.318,3.438496,4.570751508
3.319,3.464208,4.598444274
3.32,3.634724,4.625990642
3.321,3.844767,4.653389734
3.322,4.198433,4.680640679
3.323,4.549826,4.707742608
3.324,4.865888,4.734694659
3.325,5.096756,4.761495974
3.326,5.283543,4.788145699
3.327,5.427157,4.814642986
3.328,5.471003,4.840986992
3.329,5.36799,4.867176878
3.33,5.141212,4.893211809
3.331,4.916688,4.919090958
3.332,4.701973,4.9448135
3.333,4.567091,4.970378616
3.334,4.596845,4.995785492
3.335,4.745645,5.02103332
3.336,4.927871,5.046121296
3.337,5.061112,5.07104862
3.338,5.185191,5.095814501
3.339,5.261054,5.120418147
3.34,5.293014,5.144858778
3.341,5.231041,5.169135614
3.342,5.310198,5.193247883
3.343,5.448124,5.217194817
3.344,5.494881,5.240975653
3.345,5.679263,5.264589635
3.346,5.976392,5.288036011
3.347,6.446258,5.311314034
3.348,7.02688,5.334422963
3.349,7.598689,5.357362063
3.35,8.016346,5.380130602
3.351,8.137639,5.402727857
3.352,8.002055,5.425153108
3.353,7.739093,5.447405641
3.354,7.290705,5.469484747
3.355,6.736792,5.491389724
3.356,6.087744,5.513119874
3.357,5.367276,5.534674506
3.358,4.67694,5.556052932
3.359,4.085891,5.577254474
3.36,3.522463,5.598278454
3.361,3.332427,5.619124205
3.362,3.814598,5.639791063
3.363,4.514602,5.660278369
3.364,5.365933,5.680585471
3.365,6.414084,5.700711724
3.366,7.552613,5.720656485
3.367,8.565408,5.740419121
3.368,9.415105,5.759999001
3.369,10.177311,5.779395504
3.37,10.938534,5.79860801
3.371,11.561896,5.817635908
3.372,11.905283,5.836478594
3.373,11.797303,5.855135466
3.374,11.404202,5.873605931
3.375,10.822274,5.8918894
3.376,10.244872,5.909985293
3.377,9.928846,5.927893031
3.378,9.655206,5.945612047
3.379,9.481754,5.963141774
3.38,9.259426,5.980481656
3.381,9.100041,5.99763114
3.382,9.092842,6.014589681
3.383,8.942718,6.031356737
3.384,9.027304,6.047931776
3.385,8.820426,6.06431427
3.386,8.525262,6.080503697
3.387,8.139224,6.096499542
3.388,7.694959,6.112301296
3.389,7.26947,6.127908455
3.39,6.786324,6.143320523
3.391,6.324297,6.158537009
3.392,5.742794,6.173557428
3.393,5.268992,6.188381303
3.394,4.953281,6.203008161
3.395,4.719164,6.217437537
3.396,4.45935,6.231668971
3.397,4.267184,6.24570201
3.398,4.118141,6.259536208
3.399,3.910979,6.273171124
3.4,4.111324,6.286606324
3.401,3.9297,6.29984138
3.402,3.569905,6.312875871
3.403,2.970319,6.325709382
3.404,2.89692,6.338341504
3.405,2.99692,6.350771836
3.406,3.245724,6.362999981
3.407,3.764605,6.37502555
3.408,4.190524,6.386848161
3.409,5.111398,6.398467436
3.41,5.335607,6.409883006
3.411,5.400779,6.421094508
3.412,5.571192,6.432101585
3.413,5.347806,6.442903885
3.414,5.123665,6.453501066
3.415,5.001419,6.46389279
3.416,4.917263,6.474078726
3.417,4.464095,6.48405855
3.418,4.138326,6.493831943
3.419,3.651813,6.503398596
3.42,3.119776,6.512758203
3.421,2.709319,6.521910466
3.422,2.909448,6.530855095
3.423,3.027641,6.539591803
3.424,3.212559,6.548120314
3.425,3.477446,6.556440355
3.426,3.804934,6.564551662
3.427,4.145988,6.572453976
3.428,4.104026,6.580147046
3.429,4.531064,6.587630628
3.43,4.834463,6.594904481
3.431,5.237876,6.601968376
3.432,5.514636,6.608822087
3.433,5.694581,6.615465396
3.434,5.789662,6.621898092
3.435,5.713682,6.628119969
3.436,5.460985,6.63413083
3.437,5.149253,6.639930484
3.438,4.817445,6.645518745
3.439,4.556298,6.650895435
3.44,4.411487,6.656060384
3.441,4.39499,6.661013428
3.442,4.538009,6.665754408
3.443,4.569649,6.670283173
3.444,4.55652,6.674599579
3.445,4.479678,6.67870349
3.446,4.483048,6.682594773
3.447,4.684683,6.686273306
3.448,4.908113,6.689738972
3.449,5.1163,6.692991659
3.45,5.122589,6.696031264
3.451,4.941464,6.698857692
3.452,4.69044,6.70147085
3.453,4.468519,6.703870657
3.454,4.341843,6.706057037
3.455,4.288636,6.708029918
3.456,4.171778,6.709789239
3.457,3.822448,6.711334944
3.458,3.349766,6.712666983
3.459,2.903518,6.713785314
3.46,2.643492,6.714689901
3.461,2.47841,6.715380716
3.462,2.338229,6.715857737
3.463,2.169444,6.716120948
3.464,2.043931,6.71617034
3.465,2.045017,6.716005914
3.466,2.48975,6.715627673
3.467,3.100711,6.715035629
3.468,4.207101,6.714229802
3.469,4.910632,6.713210218
3.47,5.188849,6.711976908
3.471,5.819597,6.710529912
3.472,6.295665,6.708869276
3.473,6.746735,6.706995053
3.474,7.162768,6.704907302
3.475,7.36298,6.70260609
3.476,7.342216,6.700091491
3.477,7.246869,6.697363584
3.478,7.210597,6.694422456
3.479,7.273077,6.691268201
3.48,7.403989,6.687900919
3.481,7.550133,6.684320718
3.482,7.584298,6.680527711
3.483,7.618699,6.676522019
3.484,7.484933,6.67230377
3.485,7.253525,6.667873098
3.486,7.047011,6.663230143
3.487,6.884183,6.658375055
3.488,6.696392,6.653307987
3.489,6.507051,6.648029101
3.49,6.40804,6.642538565
3.491,6.39103,6.636836553
3.492,6.34285,6.630923248
3.493,6.226018,6.624798836
3.494,6.098381,6.618463515
3.495,5.92866,6.611917484
3.496,5.806666,6.605160953
3.497,5.771009,6.598194136
3.498,5.831709,6.591017256
3.499,5.947104,6.58363054
3.5,6.054239,6.576034225
3.501,6.152801,6.568228551
3.502,6.653721,6.560213768
3.503,7.253121,6.55199013
3.504,7.953115,6.5435579
3.505,8.768401,6.534917346
3.506,9.566677,6.526068742
3.507,10.218376,6.517012371
3.508,10.68773,6.507748521
3.509,10.930977,6.498277487
3.51,10.836332,6.48859957
3.511,10.695992,6.478715079
3.512,10.199857,6.468624328
3.513,9.879518,6.458327638
3.514,9.464385,6.447825337
3.515,9.001501,6.437117761
3.516,8.512147,6.426205248
3.517,7.949491,6.415088148
3.518,7.32611,6.403766813
3.519,6.676908,6.392241605
3.52,6.066506,6.38051289
3.521,5.476741,6.368581041
3.522,5.204508,6.356446439
3.523,4.662941,6.344109469
3.524,4.064355,6.331570526
3.525,3.528607,6.318830007
3.526,3.303366,6.305888318
3.527,3.255587,6.292745872
3.528,3.027379,6.279403086
3.529,3.240454,6.265860386
3.53,3.516209,6.252118203
3.531,3.855579,6.238176974
3.532,4.221498,6.224037143
3.533,4.656851,6.20969916
3.534,5.17049,6.195163483
3.535,5.67652,6.180430572
3.536,6.069157,6.165500898
3.537,6.323972,6.150374936
3.538,6.549353,6.135053167
3.539,6.735493,6.11953608
3.54,6.947589,6.103824167
3.541,7.173398,6.08791793
3.542,7.351435,6.071817875
3.543,7.373278,6.055524515
3.544,7.349705,6.039038367
3.545,7.430968,6.022359957
3.546,7.852924,6.005489816
3.547,8.671576,5.988428482
3.548,9.772672,5.971176496
3.549,10.305724,5.953734409
3.55,10.534972,5.936102776
3.551,10.697247,5.918282157
3.552,10.83092,5.900273121
3.553,10.985958,5.882076241
3.554,11.138236,5.863692096
3.555,11.071396,5.845121272
3.556,10.715952,5.826364359
3.557,10.068626,5.807421954
3.558,9.296638,5.788294662
3.559,8.861165,5.76898309
3.56,8.703142,5.749487854
3.561,8.640158,5.729809574
3.562,8.642482,5.709948877
3.563,8.686333,5.689906395
3.564,8.687659,5.669682766
3.565,8.696973,5.649278634
3.566,8.971824,5.628694648
3.567,8.897896,5.607931465
3.568,8.943321,5.586989744
3.569,8.982317,5.565870153
3.57,8.721932,5.544573364
3.571,8.713057,5.523100055
3.572,8.823201,5.501450909
3.573,8.983702,5.479626617
3.574,9.166825,5.457627872
3.575,9.321287,5.435455375
3.576,9.505528,5.413109832
3.577,9.348555,5.390591955
3.578,9.552537,5.367902459
3.579,9.538411,5.345042069
3.58,9.517011,5.32201151
3.581,9.448515,5.298811518
3.582,9.247887,5.275442829
3.583,8.901814,5.251906189
3.584,8.563181,5.228202346
3.585,8.212432,5.204332056
3.586,7.746812,5.180296077
3.587,7.179045,5.156095176
3.588,6.25656,5.131730123
3.589,5.87041,5.107201693
3.59,5.278269,5.082510668
3.591,4.842243,5.057657833
3.592,4.565764,5.032643979
3.593,4.444155,5.007469904
3.594,4.109415,4.982136409
3.595,4.02378,4.956644299
3.596,4.279094,4.930994387
3.597,4.725508,4.905187489
3.598,5.302931,4.879224427
3.599,5.888507,4.853106028
3.6,6.47004,4.826833122
3.601,6.789826,4.800406547
3.602,6.993622,4.773827144
3.603,7.142323,4.747095758
3.604,7.23957,4.720213242
3.605,7.314292,4.69318045
3.606,7.325127,4.665998243
3.607,7.135983,4.638667488
3.608,6.829899,4.611189053
3.609,6.538842,4.583563814
3.61,6.288013,4.55579265
3.611,6.010041,4.527876446
3.612,5.774945,4.499816089
3.613,5.569605,4.471612475
3.614,5.391213,4.443266499
3.615,5.284243,4.414779065
3.616,5.355878,4.38615108
3.617,5.423968,4.357383456
3.618,5.47751,4.328477107
3.619,5.397984,4.299432954
3.62,5.109634,4.270251923
3.621,4.700282,4.240934941
3.622,4.486102,4.211482943
3.623,3.932046,4.181896866
3.624,3.391417,4.152177652
3.625,2.827583,4.122326246
3.626,2.280846,4.092343601
3.627,1.824527,4.062230669
3.628,1.449598,4.03198841
3.629,1.262026,4.001617786
3.63,1.344541,3.971119765
3.631,1.620647,3.940495316
3.632,2.001886,3.909745417
3.633,2.362659,3.878871044
3.634,2.615646,3.847873182
3.635,2.791711,3.816752817
3.636,2.945786,3.785510939
3.637,3.132964,3.754148544
3.638,3.372388,3.72266663
3.639,3.616013,3.6910662
3.64,3.757525,3.659348258
3.641,3.834894,3.627513816
3.642,3.858099,3.595563886
3.643,3.871928,3.563499485
3.644,4.151686,3.531321636
3.645,4.309424,3.499031361
3.646,4.326119,3.466629689
3.647,4.27355,3.434117652
3.648,4.039571,3.401496284
3.649,3.683648,3.368766624
3.65,3.26022,3.335929715
3.651,2.918832,3.302986601
3.652,2.480571,3.269938332
3.653,2.072825,3.236785959
3.654,1.741024,3.203530538
3.655,1.4212,3.170173128
3.656,1.409365,3.13671479
3.657,1.259375,3.10315659
3.658,1.882436,3.069499597
3.659,2.182314,3.035744881
3.66,2.448572,3.001893518
3.661,2.757294,2.967946585
3.662,2.822345,2.933905162
3.663,3.197602,2.899770335
3.664,3.532616,2.865543188
3.665,3.750153,2.831224813
3.666,3.840764,2.796816302
3.667,3.863071,2.762318749
3.668,3.854715,2.727733254
3.669,3.832632,2.693060917
3.67,3.830538,2.658302843
3.671,3.796115,2.623460137
3.672,3.67794,2.588533909
3.673,3.475984,2.553525272
3.674,3.255947,2.518435339
3.675,3.054527,2.483265228
3.676,2.885958,2.448016058
3.677,2.731083,2.412688952
3.678,2.638983,2.377285035
3.679,2.489374,2.341805432
3.68,3.756064,2.306251275
3.681,3.786223,2.270623695
3.682,2.780156,2.234923826
3.683,3.155893,2.199152805
3.684,3.500052,2.16331177
3.685,3.718599,2.127401863
3.686,4.049994,2.091424227
3.687,4.056065,2.055380008
3.688,4.074604,2.019270352
3.689,4.169291,1.983096409
3.69,4.379183,1.946859332
3.691,4.312157,1.910560273
3.692,4.203496,1.874200389
3.693,4.179816,1.837780837
3.694,3.701722,1.801302776
3.695,2.950173,1.764767368
3.696,2.421465,1.728175776
3.697,1.843813,1.691529164
3.698,1.234792,1.654828701
3.699,0.620667,1.618075553
3.7,-0.069436,1.581270891
3.701,-0.673574,1.544415887
3.702,-1.144271,1.507511715
3.703,-1.436991,1.470559548
3.704,-1.56954,1.433560564
3.705,-1.416993,1.39651594
3.706,-0.990132,1.359426856
3.707,-0.441535,1.322294493
3.708,-0.269237,1.285120032
3.709,-0.025767,1.247904658
3.71,0.238657,1.210649554
3.711,0.43437,1.173355908
3.712,0.627686,1.136024906
3.713,0.826523,1.098657737
3.714,1.06294,1.061255591
3.715,1.382548,1.023819658
3.716,1.203405,0.98635113
3.717,1.100548,0.9488512
3.718,1.236737,0.911321062
3.719,1.515002,0.87376191
3.72,1.845182,0.836174941
3.721,2.235129,0.798561352
3.722,2.61004,0.760922338
3.723,2.905004,0.7232591
3.724,3.137622,0.685572835
3.725,3.352013,0.647864745
3.726,3.46842,0.610136028
3.727,3.372449,0.572387887
3.728,3.131658,0.534621523
3.729,2.848364,0.496838139
3.73,2.671635,0.459038936
3.731,2.515832,0.42122512
3.732,2.238994,0.383397894
3.733,1.713243,0.345558461
3.734,1.12081,0.307708027
3.735,0.551803,0.269847796
3.736,-0.065644,0.231978975
3.737,-0.653304,0.194102768
3.738,-1.162238,0.156220382
3.739,-1.567947,0.118333022
3.74,-1.902161,0.080441895
3.741,-2.081184,0.042548206
3.742,-1.963486,0.004653163
3.743,-1.665514,-0.033242027
3.744,-1.361717,-0.07113616
3.745,-1.100483,-0.109028028
3.746,-0.783199,-0.146916425
3.747,-0.353996,-0.184800144
3.748,0.108809,-0.222677981
3.749,0.462165,-0.260548727
3.75,0.629842,-0.298411179
3.751,0.587388,-0.336264131
3.752,0.361659,-0.374106377
3.753,0.070577,-0.411936712
3.754,-0.239498,-0.449753934
3.755,-0.954616,-0.487556836
3.756,-1.115258,-0.525344217
3.757,-1.61338,-0.563114872
3.758,-2.026323,-0.600867599
3.759,-2.449381,-0.638601198
3.76,-2.816183,-0.676314465
3.761,-3.190026,-0.714006201
3.762,-3.398814,-0.751675205
3.763,-3.43932,-0.789320278
3.764,-3.20609,-0.826940223
3.765,-2.915303,-0.86453384
3.766,-2.691988,-0.902099934
3.767,-2.602263,-0.939637308
3.768,-2.535066,-0.977144767
3.769,-2.454321,-1.014621117
3.77,-2.314046,-1.052065165
3.771,-2.084532,-1.089475719
3.772,-1.977265,-1.126851588
3.773,-1.925561,-1.164191582
3.774,-2.07724,-1.201494512
3.775,-2.233185,-1.238759191
3.776,-2.367886,-1.275984432
3.777,-1.617941,-1.31316905
3.778,-1.346805,-1.350311861
3.779,-1.048455,-1.387411683
3.78,-0.875845,-1.424467334
3.781,-1.028248,-1.461477636
3.782,-0.987643,-1.498441409
3.783,-0.839006,-1.535357477
3.784,-0.504571,-1.572224664
3.785,-0.56489,-1.609041797
3.786,-0.15918,-1.645807704
3.787,0.181675,-1.682521215
3.788,0.4375,-1.719181159
3.789,0.982331,-1.755786371
3.79,1.229051,-1.792335684
3.791,1.426918,-1.828827936
3.792,1.362764,-1.865261965
3.793,1.17278,-1.901636609
3.794,0.865347,-1.937950713
3.795,0.494971,-1.974203118
3.796,-0.002021,-2.010392672
3.797,-0.545212,-2.046518222
3.798,-1.027318,-2.082578618
3.799,-1.82403,-2.118572712
3.8,-2.303684,-2.154499358
3.801,-2.636939,-2.190357412
3.802,-2.466492,-2.226145732
3.803,-2.377067,-2.26186318
3.804,-2.119837,-2.297508618
3.805,-1.822036,-2.333080912
3.806,-1.62342,-2.368578928
3.807,-1.553299,-2.404001537
3.808,-1.581172,-2.43934761
3.809,-1.719775,-2.474616023
3.81,-1.926731,-2.509805654
3.811,-2.060485,-2.54491538
3.812,-2.17073,-2.579944086
3.813,-2.229508,-2.614890654
3.814,-2.175024,-2.649753974
3.815,-2.006878,-2.684532935
3.816,-1.80353,-2.71922643
3.817,-1.639761,-2.753833354
3.818,-1.442692,-2.788352605
3.819,-1.209486,-2.822783085
3.82,-0.948939,-2.857123697
3.821,-0.629424,-2.891373348
3.822,-0.419483,-2.925530948
3.823,-0.440789,-2.95959541
3.824,-0.770025,-2.993565648
3.825,-1.063671,-3.027440581
3.826,-1.346225,-3.061219131
3.827,-1.456726,-3.094900222
3.828,-1.540499,-3.128482783
3.829,-1.592997,-3.161965744
3.83,-1.707945,-3.195348038
3.831,-1.915723,-3.228628604
3.832,-2.194749,-3.261806381
3.833,-2.501262,-3.294880314
3.834,-2.694259,-3.327849349
3.835,-2.844202,-3.360712437
3.836,-2.557086,-3.393468532
3.837,-2.493472,-3.42611659
3.838,-2.371009,-3.458655573
3.839,-2.148494,-3.491084444
3.84,-2.009709,-3.523402171
3.841,-1.871348,-3.555607725
3.842,-1.744847,-3.587700081
3.843,-1.687566,-3.619678216
3.844,-1.809273,-3.651541114
3.845,-3.078442,-3.68328776
3.846,-2.83516,-3.714917142
3.847,-3.20432,-3.746428255
3.848,-3.223201,-3.777820094
3.849,-3.497895,-3.80909166
3.85,-3.730989,-3.840241958
3.851,-3.938987,-3.871269996
3.852,-4.064622,-3.902174787
3.853,-4.083835,-3.932955345
3.854,-3.92104,-3.963610692
3.855,-3.60921,-3.994139851
3.856,-3.468405,-4.024541851
3.857,-3.487863,-4.054815723
3.858,-3.642138,-4.084960504
3.859,-3.902549,-4.114975234
3.86,-4.219542,-4.144858958
3.861,-4.587725,-4.174610723
3.862,-5.063104,-4.204229584
3.863,-5.681388,-4.233714596
3.864,-6.325505,-4.263064822
3.865,-6.732757,-4.292279326
3.866,-6.847648,-4.321357179
3.867,-6.660263,-4.350297455
3.868,-6.234357,-4.379099233
3.869,-5.672302,-4.407761595
3.87,-5.274571,-4.436283629
3.871,-4.85078,-4.464664428
3.872,-4.509282,-4.492903087
3.873,-4.367129,-4.520998708
3.874,-4.302664,-4.548950395
3.875,-4.450632,-4.57675726
3.876,-4.722787,-4.604418417
3.877,-5.035444,-4.631932985
3.878,-5.225829,-4.659300089
3.879,-5.194557,-4.686518856
3.88,-5.03415,-4.713588421
3.881,-4.736697,-4.740507922
3.882,-4.348157,-4.767276501
3.883,-3.749357,-4.793893307
3.884,-3.330106,-4.820357492
3.885,-2.915538,-4.846668213
3.886,-2.25689,-4.872824633
3.887,-2.452925,-4.89882592
3.888,-2.51319,-4.924671245
3.889,-2.709612,-4.950359785
3.89,-2.979913,-4.975890723
3.891,-3.221203,-5.001263246
3.892,-3.301319,-5.026476546
3.893,-3.272418,-5.05152982
3.894,-3.169356,-5.076422272
3.895,-2.924466,-5.101153107
3.896,-2.545041,-5.12572154
3.897,-2.120929,-5.150126787
3.898,-1.817889,-5.174368072
3.899,-1.690546,-5.198444624
3.9,-1.685059,-5.222355674
3.901,-3.430766,-5.246100463
3.902,-3.541358,-5.269678235
3.903,-3.63123,-5.293088238
3.904,-3.645087,-5.316329728
3.905,-1.985643,-5.339401964
3.906,-2.289773,-5.362304212
3.907,-4.348189,-5.385035743
3.908,-2.969089,-5.407595833
3.909,-3.126542,-5.429983763
3.91,-4.659342,-5.452198822
3.911,-4.648985,-5.474240302
3.912,-4.934601,-5.496107502
3.913,-4.935037,-5.517799724
3.914,-4.974473,-5.539316278
3.915,-4.887088,-5.56065648
3.916,-4.843578,-5.58181965
3.917,-4.787133,-5.602805114
3.918,-4.838001,-5.623612204
3.919,-4.801085,-5.644240258
3.92,-4.748377,-5.664688619
3.921,-4.690796,-5.684956636
3.922,-4.536322,-5.705043663
3.923,-4.387456,-5.724949062
3.924,-4.159852,-5.744672198
3.925,-3.904388,-5.764212443
3.926,-3.702656,-5.783569177
3.927,-3.600228,-5.802741781
3.928,-3.538279,-5.821729646
3.929,-3.452398,-5.840532168
3.93,-3.347038,-5.859148747
3.931,-3.271666,-5.877578791
3.932,-3.220255,-5.895821714
3.933,-3.372102,-5.913876934
3.934,-3.625443,-5.931743876
3.935,-3.962306,-5.949421973
3.936,-4.136771,-5.96691066
3.937,-4.371661,-5.984209382
3.938,-4.598419,-6.001317587
3.939,-4.873927,-6.018234731
3.94,-5.224266,-6.034960276
3.941,-5.562394,-6.051493688
3.942,-5.835327,-6.067834442
3.943,-5.700454,-6.083982017
3.944,-5.326927,-6.099935898
3.945,-4.881524,-6.11569558
3.946,-4.507223,-6.131260558
3.947,-4.2041,-6.146630339
3.948,-3.916103,-6.161804432
3.949,-3.709376,-6.176782354
3.95,-3.651795,-6.19156363
3.951,-3.777187,-6.206147787
3.952,-4.224543,-6.220534362
3.953,-4.893424,-6.234722897
3.954,-5.720989,-6.24871294
3.955,-6.492547,-6.262504046
3.956,-7.178652,-6.276095775
3.957,-7.669143,-6.289487695
3.958,-8.03255,-6.30267938
3.959,-8.358226,-6.315670409
3.96,-8.504193,-6.328460369
3.961,-8.512951,-6.341048853
3.962,-8.369336,-6.353435459
3.963,-8.131555,-6.365619795
3.964,-7.729619,-6.377601471
3.965,-7.364117,-6.389380107
3.966,-6.989194,-6.400955326
3.967,-6.609546,-6.412326762
3.968,-6.070918,-6.423494051
3.969,-5.473457,-6.434456839
3.97,-4.963376,-6.445214775
3.971,-4.630302,-6.455767519
3.972,-4.402612,-6.466114733
3.973,-4.366382,-6.476256089
3.974,-4.497832,-6.486191263
3.975,-4.671787,-6.495919939
3.976,-2.692697,-6.505441807
3.977,-2.916237,-6.514756565
3.978,-3.152943,-6.523863916
3.979,-3.350567,-6.532763569
3.98,-3.470879,-6.541455242
3.981,-3.539253,-6.549938658
3.982,-3.205603,-6.558213546
3.983,-3.01006,-6.566279643
3.984,-2.732854,-6.574136693
3.985,-2.517116,-6.581784446
3.986,-2.225669,-6.589222657
3.987,-1.902802,-6.59645109
3.988,-1.53575,-6.603469514
3.989,-1.158583,-6.610277708
3.99,-0.813681,-6.616875453
3.991,-0.598601,-6.623262539
3.992,-0.498126,-6.629438764
3.993,-0.547985,-6.635403931
3.994,-0.642775,-6.641157849
3.995,-0.846127,-6.646700336
3.996,-1.366533,-6.652031215
3.997,-1.643512,-6.657150316
3.998,-2.037179,-6.662057477
3.999,-2.528912,-6.666752541
4,-3.087951,-6.671235359
4.001,-3.602109,-6.675505787
4.002,-4.079261,-6.679563691
4.003,-4.419405,-6.683408941
4.004,-4.648375,-6.687041414
4.005,-4.727902,-6.690460994
4.006,-4.716983,-6.693667574
4.007,-4.679048,-6.696661051
4.008,-4.493066,-6.699441329
4.009,-4.170059,-6.70200832
4.01,-3.720329,-6.704361942
4.011,-3.084907,-6.706502121
4.012,-1.939873,-6.708428788
4.013,-1.332478,-6.710141882
4.014,-0.716147,-6.711641348
4.015,-0.270441,-6.712927139
4.016,0.029014,-6.713999213
4.017,0.201924,-6.714857537
4.018,0.201264,-6.715502084
4.019,-0.039017,-6.715932832
4.02,-0.502695,-6.716149768
4.021,-1.150408,-6.716152885
4.022,-1.907792,-6.715942183
4.023,-2.687075,-6.715517668
4.024,-3.361847,-6.714879355
4.025,-3.7372,-6.714027264
4.026,-4.131715,-6.712961421
4.027,-4.438728,-6.71168186
4.028,-4.682897,-6.710188623
4.029,-4.83885,-6.708481757
4.03,-4.93731,-6.706561316
4.031,-4.936322,-6.704427362
4.032,-4.824146,-6.702079961
4.033,-4.617733,-6.69951919
4.034,-4.412773,-6.696745129
4.035,-4.266261,-6.693757867
4.036,-4.185201,-6.690557499
4.037,-4.116229,-6.687144127
4.038,-4.012743,-6.68351786
4.039,-3.883743,-6.679678812
4.04,-3.822549,-6.675627107
4.041,-3.853065,-6.671362872
4.042,-3.796731,-6.666886245
4.043,-3.853353,-6.662197367
4.044,-3.988607,-6.657296388
4.045,-4.076404,-6.652183464
4.046,-4.676526,-6.646858757
4.047,-4.960605,-6.641322437
4.048,-5.18094,-6.635574681
4.049,-5.38471,-6.629615671
4.05,-5.016006,-6.623445596
4.051,-5.474001,-6.617064655
4.052,-5.799643,-6.610473049
4.053,-6.067056,-6.603670988
4.054,-6.211715,-6.59665869
4.055,-6.199426,-6.589436376
4.056,-6.185659,-6.582004278
4.057,-6.317992,-6.574362632
4.058,-6.098696,-6.566511681
4.059,-5.926484,-6.558451675
4.06,-5.644096,-6.55018287
4.061,-5.143346,-6.54170553
4.062,-4.909877,-6.533019926
4.063,-4.748442,-6.524126332
4.064,-4.849925,-6.515025033
4.065,-4.833043,-6.505716318
4.066,-4.928847,-6.496200484
4.067,-5.139128,-6.486477833
4.068,-5.321416,-6.476548675
4.069,-5.434236,-6.466413326
4.07,-5.542732,-6.456072109
4.071,-5.494867,-6.445525353
4.072,-5.381312,-6.434773394
4.073,-5.300813,-6.423816575
4.074,-5.290677,-6.412655243
4.075,-8.11918,-6.401289754
4.076,-8.160284,-6.38972047
4.077,-8.116465,-6.37794776
4.078,-8.117845,-6.365971999
4.079,-8.179997,-6.353793566
4.08,-8.264191,-6.341412851
4.081,-5.570934,-6.328830248
4.082,-5.541619,-6.316046156
4.083,-8.321052,-6.303060983
4.084,-8.198634,-6.289875143
4.085,-8.066353,-6.276489055
4.086,-7.93504,-6.262903145
4.087,-7.800877,-6.249117847
4.088,-7.654113,-6.235133598
4.089,-7.474028,-6.220950843
4.09,-7.317765,-6.206570036
4.091,-7.069805,-6.191991633
4.092,-6.935874,-6.177216098
4.093,-6.859684,-6.162243902
4.094,-6.76374,-6.147075521
4.095,-6.678814,-6.131711439
4.096,-6.626802,-6.116152145
4.097,-6.626666,-6.100398133
4.098,-6.647593,-6.084449906
4.099,-6.66719,-6.068307972
4.1,-6.726431,-6.051972843
4.101,-7.006011,-6.03544504
4.102,-7.098811,-6.01872509
4.103,-7.105721,-6.001813525
4.104,-7.049891,-5.984710882
4.105,-6.978027,-5.967417707
4.106,-6.946238,-5.94993455
4.107,-6.96119,-5.932261968
4.108,-7.019223,-5.914400524
4.109,-7.049945,-5.896350785
4.11,-7.013189,-5.878113327
4.111,-7.094682,-5.85968873
4.112,-7.252398,-5.841077581
4.113,-7.49507,-5.822280472
4.114,-7.884903,-5.803298002
4.115,-8.366885,-5.784130776
4.116,-8.723094,-5.764779402
4.117,-8.80707,-5.745244498
4.118,-8.700598,-5.725526685
4.119,-8.135116,-5.705626592
4.12,-7.692274,-5.685544851
4.121,-7.237899,-5.665282102
4.122,-7.115063,-5.64483899
4.123,-6.772723,-5.624216166
4.124,-6.404875,-5.603414286
4.125,-6.027493,-5.582434013
4.126,-5.497288,-5.561276015
4.127,-5.585405,-5.539940965
4.128,-5.865541,-5.518429543
4.129,-6.255909,-5.496742433
4.13,-6.603226,-5.474880325
4.131,-6.768709,-5.452843917
4.132,-6.712423,-5.430633908
4.133,-6.51229,-5.408251008
4.134,-6.215899,-5.385695927
4.135,-5.89889,-5.362969384
4.136,-5.541742,-5.340072103
4.137,-5.381053,-5.317004813
4.138,-5.299106,-5.293768248
4.139,-5.444642,-5.270363147
4.14,-5.752033,-5.246790256
4.141,-6.125145,-5.223050326
4.142,-6.473645,-5.199144112
4.143,-6.760049,-5.175072375
4.144,-6.990911,-5.150835882
4.145,-7.14751,-5.126435404
4.146,-7.207868,-5.101871718
4.147,-7.255417,-5.077145607
4.148,-7.105465,-5.052257856
4.149,-6.942129,-5.027209259
4.15,-6.730505,-5.002000614
4.151,-6.494305,-4.976632722
4.152,-6.262264,-4.951106391
4.153,-6.022065,-4.925422434
4.154,-5.755982,-4.899581669
4.155,-5.547746,-4.873584918
4.156,-5.462883,-4.847433009
4.157,-5.483914,-4.821126774
4.158,-5.592853,-4.794667052
4.159,-5.694582,-4.768054684
4.16,-5.763254,-4.741290518
4.161,-5.916195,-4.714375405
4.162,-6.01242,-4.687310203
4.163,-6.100677,-4.660095774
4.164,-6.191133,-4.632732983
4.165,-6.253069,-4.605222702
4.166,-6.239066,-4.577565806
4.167,-6.201603,-4.549763177
4.168,-6.113709,-4.521815699
4.169,-6.043828,-4.493724262
4.17,-6.005821,-4.465489761
4.171,-6.008151,-4.437113094
4.172,-6.177847,-4.408595164
4.173,-6.389128,-4.37993688
4.174,-6.61458,-4.351139155
4.175,-6.790276,-4.322202904
4.176,-6.658951,-4.293129049
4.177,-6.314828,-4.263918515
4.178,-5.944492,-4.234572234
4.179,-5.507167,-4.205091138
4.18,-5.131819,-4.175476167
4.181,-4.775339,-4.145728263
4.182,-4.4254,-4.115848373
4.183,-4.108962,-4.085837449
4.184,-3.794607,-4.055696446
4.185,-3.739102,-4.025426324
4.186,-3.835502,-3.995028046
4.187,-3.997942,-3.964502581
4.188,-4.09707,-3.933850899
4.189,-4.122999,-3.903073977
4.19,-4.107827,-3.872172795
4.191,-4.060119,-3.841148336
4.192,-4.021921,-3.810001589
4.193,-4.013777,-3.778733544
4.194,-4.214108,-3.747345198
4.195,-4.090444,-3.715837549
4.196,-3.921762,-3.6842116
4.197,-3.711864,-3.652468359
4.198,-3.470452,-3.620608836
4.199,-3.300631,-3.588634046
4.2,-3.214362,-3.556545006
4.201,-3.319735,-3.524342737
4.202,-3.533815,-3.492028266
4.203,-3.441999,-3.459602621
4.204,-3.538888,-3.427066834
4.205,-3.490362,-3.394421942
4.206,-3.50503,-3.361668982
4.207,-3.580279,-3.328808999
4.208,-3.694486,-3.295843038
4.209,-3.678701,-3.262772148
4.21,-3.454725,-3.229597384
4.211,-3.053061,-3.1963198
4.212,-2.674494,-3.162940456
4.213,-2.346307,-3.129460416
4.214,-2.130591,-3.095880744
4.215,-2.05154,-3.06220251
4.216,-2.055615,-3.028426786
4.217,-2.202089,-2.994554648
4.218,-2.313649,-2.960587173
4.219,-2.66403,-2.926525444
4.22,-2.679153,-2.892370544
4.221,-2.736256,-2.858123561
4.222,-2.649466,-2.823785585
4.223,-2.629504,-2.78935771
4.224,-2.61404,-2.754841031
4.225,-2.60161,-2.720236648
4.226,-2.59393,-2.685545662
4.227,-2.545263,-2.650769177
4.228,-2.53226,-2.615908301
4.229,-2.547167,-2.580964144
4.23,-2.621632,-2.545937818
4.231,-2.739995,-2.510830437
4.232,-2.768061,-2.475643121
4.233,-2.815612,-2.440376989
4.234,-2.851188,-2.405033163
4.235,-2.739994,-2.36961277
4.236,-2.751431,-2.334116937
4.237,-2.831406,-2.298546793
4.238,-3.012699,-2.262903471
4.239,-3.234566,-2.227188107
4.24,-3.363667,-2.191401837
4.241,-3.549131,-2.1555458
4.242,-3.639665,-2.119621137
4.243,-3.726543,-2.083628994
4.244,-3.587087,-2.047570515
4.245,-3.407845,-2.011446848
4.246,-2.814372,-1.975259144
4.247,-2.581069,-1.939008554
4.248,-2.30752,-1.902696234
4.249,-1.972643,-1.866323338
4.25,-1.670322,-1.829891024
4.251,-1.405367,-1.793400454
4.252,-1.183062,-1.756852787
4.253,-1.047136,-1.720249189
4.254,-1.001746,-1.683590823
4.255,-0.654202,-1.646878858
4.256,-0.75876,-1.610114463
4.257,-0.812805,-1.573298806
4.258,-1.023124,-1.536433062
4.259,-0.970637,-1.499518402
4.26,-1.004951,-1.462556003
4.261,-1.082279,-1.425547042
4.262,-1.183471,-1.388492696
4.263,-1.244951,-1.351394145
4.264,-1.388223,-1.31425257
4.265,-1.87495,-1.277069155
4.266,-2.148696,-1.239845081
4.267,-2.351014,-1.202581536
4.268,-2.578439,-1.165279704
4.269,-2.826045,-1.127940774
4.27,-3.008562,-1.090565934
4.271,-2.953975,-1.053156374
4.272,-2.727724,-1.015713286
4.273,-2.316719,-0.978237861
4.274,-1.647643,-0.940731292
4.275,-1.191573,-0.903194773
4.276,-0.761817,-0.8656295
4.277,-0.404229,-0.828036668
4.278,-0.063511,-0.790417474
4.279,0.248735,-0.752773116
4.28,0.53367,-0.715104793
4.281,0.708943,-0.677413703
4.282,0.83488,-0.639701047
4.283,0.764343,-0.601968024
4.284,0.638778,-0.564215837
4.285,0.43217,-0.526445688
4.286,0.179182,-0.488658778
4.287,0.077831,-0.450856311
4.288,0.075448,-0.41303949
4.289,0.180028,-0.37520952
4.29,0.198465,-0.337367604
4.291,0.265195,-0.299514948
4.292,0.289471,-0.261652756
4.293,0.027745,-0.223782234
4.294,0.033464,-0.185904587
4.295,0.078936,-0.148021022
4.296,0.157491,-0.110132744
4.297,0.279832,-0.072240961
4.298,0.325837,-0.034346877
4.299,0.389776,0.0035483
4.3,0.546032,0.041443364
4.301,0.717091,0.079337109
4.302,0.925102,0.117228328
4.303,1.420976,0.155115815
4.304,1.621633,0.192998363
4.305,1.804522,0.230874768
4.306,1.96395,0.268743821
4.307,2.130393,0.306604319
4.308,2.302486,0.344455056
4.309,2.17925,0.382294827
4.31,1.795479,0.420122426
4.311,1.256401,0.45793665
4.312,0.710662,0.495736296
4.313,0.316221,0.533520158
4.314,0.070388,0.571287036
4.315,0.043088,0.609035725
4.316,0.100866,0.646765025
4.317,0.225186,0.684473734
4.318,0.415016,0.722160652
4.319,0.660145,0.759824578
4.32,1.10564,0.797464315
4.321,1.281053,0.835078663
4.322,1.655481,0.872666425
4.323,1.840154,0.910226404
4.324,1.849474,0.947757405
4.325,1.758562,0.985258233
4.326,1.657361,1.022727693
4.327,1.639163,1.060164594
4.328,1.820407,1.097567742
4.329,2.023047,1.134935948
4.33,2.188872,1.172268021
4.331,2.65159,1.209562773
4.332,2.848218,1.246819017
4.333,3.109938,1.284035566
4.334,3.492698,1.321211237
4.335,3.965063,1.358344844
4.336,4.424862,1.395435207
4.337,4.787645,1.432481143
4.338,4.935128,1.469481475
4.339,4.891166,1.506435023
4.34,4.778672,1.543340612
4.341,4.670927,1.580197066
4.342,4.623469,1.617003212
4.343,4.617766,1.653757878
4.344,4.660713,1.690459894
4.345,4.618978,1.727108092
4.346,4.445678,1.763701305
4.347,4.197721,1.800238368
4.348,3.922412,1.836718117
4.349,3.667786,1.873139391
4.35,3.50985,1.909501032
4.351,3.436529,1.94580188
4.352,3.442666,1.982040781
4.353,3.379505,2.018216581
4.354,3.317344,2.054328127
4.355,3.268856,2.090374271
4.356,5.188549,2.126353864
4.357,5.237277,2.162265762
4.358,5.480971,2.198108821
4.359,6.005355,2.2338819
4.36,6.545887,2.269583859
4.361,6.776947,2.305213563
4.362,6.857561,2.340769877
4.363,6.808885,2.376251669
4.364,6.561306,2.411657809
4.365,6.731844,2.44698717
4.366,7.083856,2.482238628
4.367,7.847046,2.51741106
4.368,8.295032,2.552503347
4.369,8.28754,2.58751437
4.37,8.440113,2.622443016
4.371,8.520665,2.657288173
4.372,8.422477,2.69204873
4.373,8.201126,2.726723582
4.374,7.755538,2.761311625
4.375,7.456263,2.795811757
4.376,6.698456,2.830222881
4.377,5.468528,2.864543899
4.378,4.796921,2.898773721
4.379,4.133812,2.932911255
4.38,3.669126,2.966955416
4.381,3.338659,3.00090512
4.382,3.325435,3.034759285
4.383,3.633926,3.068516834
4.384,4.139998,3.102176691
4.385,4.54725,3.135737787
4.386,5.062181,3.169199051
4.387,5.515225,3.202559419
4.388,5.787034,3.235817828
4.389,5.928045,3.268973221
4.39,5.99746,3.30202454
4.391,6.013812,3.334970735
4.392,5.955449,3.367810755
4.393,6.055167,3.400543557
4.394,6.019856,3.433168096
4.395,6.270995,3.465683336
4.396,6.568814,3.49808824
4.397,6.870313,3.530381777
4.398,7.15283,3.562562919
4.399,7.284794,3.594630642
4.4,7.393459,3.626583924
4.401,7.125643,3.658421748
4.402,6.93526,3.6901431
4.403,6.684917,3.721746971
4.404,6.447003,3.753232355
4.405,6.236453,3.784598249
4.406,6.18882,3.815843654
4.407,6.097237,3.846967576
4.408,6.140694,3.877969024
4.409,6.327414,3.908847011
4.41,6.669311,3.939600553
4.411,7.048996,3.970228673
4.412,7.533887,4.000730394
4.413,7.800449,4.031104746
4.414,7.900362,4.061350761
4.415,7.88714,4.091467477
4.416,7.794965,4.121453935
4.417,7.611824,4.15130918
4.418,7.507025,4.181032262
4.419,7.404001,4.210622234
4.42,7.326173,4.240078155
4.421,7.312717,4.269399086
4.422,7.231298,4.298584095
4.423,7.256501,4.327632251
4.424,6.994358,4.356542631
4.425,6.999476,4.385314313
4.426,6.990644,4.413946382
4.427,6.887498,4.442437927
4.428,6.709456,4.470788039
4.429,6.452581,4.498995817
4.43,6.188221,4.527060363
4.431,5.978789,4.554980783
4.432,5.755731,4.582756188
4.433,5.513536,4.610385694
4.434,5.212045,4.637868421
4.435,4.829157,4.665203495
4.436,4.410529,4.692390045
4.437,3.96104,4.719427205
4.438,3.545667,4.746314115
4.439,3.33961,4.773049919
4.44,3.309678,4.799633766
4.441,3.269212,4.826064809
4.442,3.215518,4.852342207
4.443,3.159294,4.878465123
4.444,3.118488,4.904432725
4.445,3.121439,4.930244188
4.446,3.21008,4.955898688
4.447,3.476854,4.98139541
4.448,3.726949,5.006733542
4.449,3.988362,5.031912276
4.45,4.412407,5.056930812
4.451,4.465258,5.081788353
4.452,4.577651,5.106484107
4.453,4.795844,5.131017289
4.454,5.094315,5.155387116
4.455,5.415667,5.179592814
4.456,5.732325,5.203633612
4.457,5.71777,5.227508744
4.458,5.248358,5.25121745
4.459,5.140343,5.274758976
4.46,5.098211,5.298132572
4.461,5.166815,5.321337494
4.462,5.255757,5.344373002
4.463,5.309478,5.367238365
4.464,5.31885,5.389932853
4.465,5.332923,5.412455744
4.466,5.392667,5.434806322
4.467,5.543693,5.456983874
4.468,5.712056,5.478987694
4.469,5.763781,5.500817083
4.47,5.623498,5.522471345
4.471,5.403133,5.54394979
4.472,5.152103,5.565251735
4.473,4.988682,5.586376502
4.474,4.987047,5.607323418
4.475,5.129637,5.628091817
4.476,5.379753,5.648681036
4.477,5.658933,5.669090421
4.478,6.273149,5.689319322
4.479,6.340205,5.709367095
4.48,6.525136,5.729233101
4.481,6.40575,5.748916708
4.482,6.557915,5.76841729
4.483,6.672804,5.787734225
4.484,6.69377,5.806866899
4.485,6.624906,5.825814702
4.486,6.44375,5.844577032
4.487,6.156514,5.863153291
4.488,5.907284,5.881542887
4.489,5.76984,5.899745235
4.49,5.709158,5.917759756
4.491,5.701944,5.935585875
4.492,5.695543,5.953223027
4.493,5.504219,5.970670648
4.494,5.262422,5.987928184
4.495,4.961234,6.004995085
4.496,4.758501,6.021870808
4.497,4.578902,6.038554815
4.498,4.381911,6.055046576
4.499,4.146253,6.071345565
4.5,3.905187,6.087451263
4.501,3.549911,6.103363158
4.502,3.197595,6.119080743
4.503,2.906608,6.134603518
4.504,2.620644,6.149930989
4.505,2.391198,6.165062666
4.506,2.334415,6.17999807
4.507,2.498013,6.194736724
4.508,2.896231,6.209278159
4.509,3.418298,6.223621912
4.51,3.985957,6.237767526
4.511,4.690788,6.251714552
4.512,5.385693,6.265462545
4.513,6.045551,6.279011067
4.514,6.616276,6.292359687
4.515,7.034278,6.30550798
4.516,7.347167,6.318455528
4.517,7.511028,6.331201918
4.518,7.654371,6.343746745
4.519,7.790139,6.356089608
4.52,7.92915,6.368230116
4.521,7.989432,6.380167882
4.522,7.940235,6.391902525
4.523,7.93197,6.403433672
4.524,8.088075,6.414760955
4.525,8.237871,6.425884016
4.526,8.339644,6.436802498
4.527,8.316359,6.447516055
4.528,8.207952,6.458024345
4.529,7.957675,6.468327034
4.53,7.874706,6.478423794
4.531,7.850545,6.488314303
4.532,7.863736,6.497998247
4.533,7.820189,6.507475318
4.534,7.677454,6.516745212
4.535,7.405974,6.525807637
4.536,7.057237,6.534662302
4.537,6.899563,6.543308926
4.538,6.79208,6.551747234
4.539,6.58705,6.559976957
4.54,6.360228,6.567997833
4.541,6.165686,6.575809607
4.542,5.992883,6.58341203
4.543,5.775244,6.59080486
4.544,5.630718,6.597987861
4.545,5.524096,6.604960805
4.546,5.46649,6.611723471
4.547,5.723793,6.618275642
4.548,5.590256,6.62461711
4.549,5.536212,6.630747673
4.55,5.302668,6.636667136
4.551,5.048489,6.642375311
4.552,4.905602,6.647872016
4.553,4.859336,6.653157075
4.554,4.882712,6.658230321
4.555,5.023394,6.663091592
4.556,5.091312,6.667740733
4.557,5.435271,6.672177596
4.558,5.870896,6.676402041
4.559,6.324507,6.680413932
4.56,6.774806,6.684213141
4.561,7.220728,6.687799549
4.562,7.570149,6.69117304
4.563,8.00736,6.694333508
4.564,8.56529,6.697280851
4.565,9.163175,6.700014976
4.566,9.60316,6.702535795
4.567,9.908774,6.704843229
4.568,10.118351,6.706937205
4.569,10.211995,6.708817654
4.57,10.375748,6.710484518
4.571,10.579421,6.711937744
4.572,10.585515,6.713177284
4.573,10.946361,6.714203101
4.574,11.275136,6.71501516
4.575,11.579124,6.715613437
4.576,11.755892,6.715997912
4.577,11.958865,6.716168573
4.578,12.142382,6.716125414
4.579,12.136106,6.715868437
4.58,12.335278,6.71539765
4.581,12.213276,6.714713068
4.582,12.10055,6.713814713
4.583,11.940117,6.712702613
4.584,11.428958,6.711376805
4.585,11.080383,6.709837329
4.586,10.731613,6.708084235
4.587,10.458402,6.706117579
4.588,10.253203,6.703937424
4.589,10.127414,6.701543838
4.59,10.008611,6.698936899
4.591,10.120846,6.696116688
4.592,9.741754,6.693083297
4.593,9.260306,6.689836821
4.594,9.332128,6.686377363
4.595,9.593027,6.682705035
4.596,9.826249,6.678819953
4.597,9.511376,6.67472224
4.598,9.498522,6.670412027
4.599,9.510852,6.665889451
4.6,9.566442,6.661154656
4.601,9.595802,6.656207794
4.602,9.488087,6.65104902
4.603,9.084164,6.645678501
4.604,8.649575,6.640096406
4.605,8.018909,6.634302913
4.606,7.349077,6.628298207
4.607,6.785148,6.62208248
4.608,6.343721,6.615655928
4.609,5.981298,6.609018756
4.61,5.709803,6.602171176
4.611,5.763292,6.595113406
4.612,6.097216,6.587845671
4.613,6.581748,6.580368201
4.614,7.111365,6.572681235
4.615,7.464304,6.564785018
4.616,7.71479,6.556679801
4.617,7.741983,6.548365842
4.618,7.626801,6.539843406
4.619,7.419828,6.531112763
4.62,7.212923,6.522174193
4.621,6.863887,6.513027979
4.622,6.356311,6.503674413
4.623,5.653131,6.494113793
4.624,4.946444,6.484346422
4.625,4.345476,6.474372613
4.626,4.009423,6.464192682
4.627,3.966968,6.453806953
4.628,4.113853,6.443215758
4.629,4.386895,6.432419433
4.63,4.648913,6.421418322
4.631,4.817587,6.410212775
4.632,4.899624,6.398803149
4.633,4.9699,6.387189808
4.634,5.033872,6.375373121
4.635,5.126691,6.363353463
4.636,5.222221,6.351131219
4.637,5.266984,6.338706777
4.638,5.224105,6.326080532
4.639,5.071173,6.313252887
4.64,4.874831,6.30022425
4.641,4.695873,6.286995035
4.642,4.608707,6.273565665
4.643,4.695002,6.259936565
4.644,4.983685,6.246108172
4.645,5.322627,6.232080923
4.646,5.610684,6.217855267
4.647,5.830326,6.203431656
4.648,5.801122,6.188810549
4.649,5.981509,6.173992412
4.65,6.1728,6.158977716
4.651,6.340534,6.14376694
4.652,6.401178,6.128360568
4.653,6.300769,6.11275909
4.654,5.996573,6.096963002
4.655,5.706618,6.080972809
4.656,5.200293,6.064789019
4.657,4.742892,6.048412146
4.658,4.432497,6.031842714
4.659,4.195573,6.015081248
4.66,3.97713,5.998128283
4.661,3.896424,5.980984358
4.662,4.314273,5.96365002
4.663,4.61296,5.946125819
4.664,4.987873,5.928412315
4.665,5.586217,5.91051007
4.666,6.236349,5.892419656
4.667,6.788594,5.874141647
4.668,7.137938,5.855676626
4.669,7.245118,5.83702518
4.67,7.169193,5.818187904
4.671,7.022322,5.799165397
4.672,6.75848,5.779958264
4.673,6.269068,5.760567118
4.674,5.646235,5.740992575
4.675,5.068404,5.721235259
4.676,4.522558,5.701295798
4.677,4.156247,5.681174828
4.678,3.668953,5.66087299
4.679,3.769153,5.640390928
4.68,3.996835,5.619729296
4.681,4.268102,5.598888752
4.682,4.485049,5.577869958
4.683,4.726838,5.556673584
4.684,5.081612,5.535300305
4.685,5.512051,5.513750801
4.686,6.214148,5.492025759
4.687,6.570417,5.470125869
4.688,6.884849,5.44805183
4.689,7.045698,5.425804343
4.69,7.179083,5.403384118
4.691,7.388601,5.380791868
4.692,7.294069,5.358028312
4.693,7.53084,5.335094175
4.694,7.779857,5.311990187
4.695,7.910052,5.288717083
4.696,7.89947,5.265275606
4.697,8.217057,5.2416665
4.698,7.998169,5.217890517
4.699,7.608511,5.193948416
4.7,7.514148,5.169840956
4.701,7.324829,5.145568907
4.702,7.046699,5.121133041
4.703,6.690888,5.096534136
4.704,6.279526,5.071772975
4.705,6.172768,5.046850346
4.706,5.906373,5.021767043
4.707,5.755782,4.996523864
4.708,5.608341,4.971121614
4.709,5.29896,4.9455611
4.71,5.450501,4.919843136
4.711,5.73534,4.893968542
4.712,6.039001,4.867938141
4.713,6.443059,4.841752761
4.714,6.568951,4.815413237
4.715,6.742474,4.788920407
4.716,6.8814,4.762275114
4.717,7.013868,4.735478207
4.718,7.19851,4.708530539
4.719,7.321706,4.681432967
4.72,7.271486,4.654186355
4.721,6.830985,4.626791569
4.722,6.718427,4.599249483
4.723,6.700422,4.571560972
4.724,6.739405,4.543726919
4.725,6.909829,4.51574821
4.726,6.623805,4.487625734
4.727,6.151483,4.459360388
4.728,5.535142,4.430953072
4.729,4.627944,4.402404689
4.73,4.137017,4.373716149
4.731,4.080239,4.344888365
4.732,4.098193,4.315922255
4.733,4.271683,4.286818741
4.734,4.46954,4.257578749
4.735,4.634388,4.228203211
4.736,4.685611,4.198693062
4.737,4.778729,4.169049241
4.738,4.983335,4.139272691
4.739,4.897949,4.109364362
4.74,5.050593,4.079325205
4.741,5.024392,4.049156176
4.742,4.687329,4.018858236
4.743,4.128337,3.988432349
4.744,3.416773,3.957879485
4.745,2.644445,3.927200615
4.746,1.969149,3.896396718
4.747,1.384983,3.865468772
4.748,0.848655,3.834417763
4.749,0.274906,3.80324468
4.75,-0.27408,3.771950514
4.751,-0.496397,3.740536263
4.752,-0.682758,3.709002926
4.753,-0.465939,3.677351507
4.754,0.072816,3.645583014
4.755,0.793342,3.613698458
4.756,1.47893,3.581698855
4.757,2.057589,3.549585223
4.758,2.105215,3.517358584
4.759,2.364138,3.485019965
4.76,2.525614,3.452570395
4.761,3.723961,3.420010907
4.762,3.692771,3.387342537
4.763,3.53192,3.354566327
4.764,3.349161,3.321683319
4.765,3.192622,3.288694559
4.766,3.039689,3.2556011
4.767,2.954207,3.222403993
4.768,2.952569,3.189104296
4.769,3.073276,3.155703069
4.77,3.335712,3.122201375
4.771,3.740673,3.088600281
4.772,4.065053,3.054900857
4.773,4.465563,3.021104176
4.774,4.825482,2.987211313
4.775,5.142876,2.953223347
4.776,5.472708,2.919141361
4.777,5.793538,2.88496644
4.778,6.000086,2.850699672
4.779,6.143391,2.816342147
4.78,6.239008,2.781894959
4.781,6.206418,2.747359206
4.782,6.179176,2.712735986
4.783,6.05365,2.678026402
4.784,6.19445,2.643231559
4.785,6.040956,2.608352565
4.786,5.859881,2.57339053
4.787,5.743789,2.538346567
4.788,5.770594,2.503221792
4.789,5.905637,2.468017323
4.79,6.083319,2.43273428
4.791,6.276192,2.397373788
4.792,6.217629,2.361936972
4.793,6.26431,2.32642496
4.794,6.026369,2.290838883
4.795,5.607004,2.255179873
4.796,5.046738,2.219449067
4.797,4.357355,2.1836476
4.798,3.595634,2.147776614
4.799,2.895644,2.111837251
4.8,2.152272,2.075830653
4.801,1.468828,2.039757969
4.802,0.863297,2.003620345
4.803,0.465361,1.967418933
4.804,0.530699,1.931154886
4.805,0.669608,1.894829357
4.806,1.012778,1.858443503
4.807,1.327629,1.821998483
4.808,2.079297,1.785495457
4.809,1.723014,1.748935587
4.81,2.549587,1.712320037
4.811,3.471373,1.675649972
4.812,4.320796,1.638926561
4.813,4.939997,1.602150971
4.814,5.34418,1.565324375
4.815,5.574192,1.528447945
4.816,5.606516,1.491522854
4.817,5.281681,1.454550278
4.818,5.131803,1.417531394
4.819,4.815211,1.380467381
4.82,4.292427,1.343359418
4.821,3.592943,1.306208688
4.822,3.01187,1.269016373
4.823,2.401711,1.231783656
4.824,1.892244,1.194511724
4.825,1.54179,1.157201762
4.826,1.299508,1.11985496
4.827,1.288853,1.082472505
4.828,1.428067,1.045055588
4.829,1.627029,1.0076054
4.83,1.701927,0.970123133
4.831,1.713679,0.932609981
4.832,1.808032,0.895067138
4.833,1.918184,0.857495798
4.834,2.432884,0.81989716
4.835,2.364202,0.782272418
4.836,2.299692,0.744622772
4.837,1.847184,0.70694942
4.838,1.7333,0.66925356
4.839,1.609934,0.631536395
4.84,1.456021,0.593799123
4.841,1.742933,0.556042946
4.842,1.759321,0.518269067
4.843,1.998071,0.480478689
4.844,2.306444,0.442673013
4.845,2.70957,0.404853244
4.846,2.904432,0.367020587
4.847,2.988118,0.329176244
4.848,3.190365,0.291321422
4.849,3.375789,0.253457325
4.85,3.529688,0.215585158
4.851,3.791624,0.177706129
4.852,3.9413,0.139821442
4.853,4.035144,0.101932303
4.854,4.105001,0.064039919
4.855,4.14598,0.026145496
4.856,4.152581,-0.011749759
4.857,3.576993,-0.04964464
4.858,3.357651,-0.08753794
4.859,3.08489,-0.125428454
4.86,2.789226,-0.163314974
4.861,2.447766,-0.201196295
4.862,1.999364,-0.23907121
4.863,1.470782,-0.276938515
4.864,0.973063,-0.314797002
4.865,0.595554,-0.352645468
4.866,0.358617,-0.390482706
4.867,0.136112,-0.428307513
4.868,-0.131528,-0.466118684
4.869,-0.466192,-0.503915016
4.87,-0.751577,-0.541695304
4.871,-0.712353,-0.579458347
4.872,-0.806416,-0.617202942
4.873,-0.760486,-0.654927888
4.874,-0.578487,-0.692631982
4.875,-0.558157,-0.730314026
4.876,-0.524348,-0.767972819
4.877,-0.452503,-0.805607163
4.878,-0.169202,-0.843215858
4.879,0.385482,-0.880797709
4.88,1.070146,-0.918351518
4.881,1.658588,-0.95587609
4.882,2.185057,-0.99337023
4.883,2.624777,-1.030832745
4.884,2.892431,-1.068262441
4.885,2.939904,-1.105658128
4.886,2.794733,-1.143018615
4.887,2.59211,-1.180342711
4.888,2.11478,-1.21762923
4.889,1.450035,-1.254876984
4.89,0.983948,-1.292084786
4.891,0.600287,-1.329251454
4.892,0.312564,-1.366375802
4.893,0.486154,-1.40345665
4.894,0.425471,-1.440492816
4.895,0.449808,-1.477483123
4.896,0.473993,-1.514426391
4.897,0.472687,-1.551321445
4.898,0.561495,-1.588167111
4.899,0.643214,-1.624962215
4.9,0.709762,-1.661705585
4.901,0.706203,-1.698396053
4.902,0.210137,-1.73503245
4.903,-0.029254,-1.771613609
4.904,-0.383142,-1.808138366
4.905,-0.798491,-1.844605559
4.906,-0.854433,-1.881014025
4.907,-1.197588,-1.917362607
4.908,-1.574873,-1.953650146
4.909,-1.877204,-1.989875488
4.91,-1.95557,-2.026037479
4.911,-2.177671,-2.062134968
4.912,-2.344046,-2.098166806
4.913,-2.802227,-2.134131846
4.914,-2.9048,-2.170028942
4.915,-3.14425,-2.205856952
4.916,-3.618827,-2.241614736
4.917,-4.308559,-2.277301154
4.918,-4.938437,-2.31291507
4.919,-5.367976,-2.348455352
4.92,-5.901825,-2.383920866
4.921,-6.114856,-2.419310485
4.922,-6.074507,-2.454623082
4.923,-5.952919,-2.489857532
4.924,-5.699365,-2.525012713
4.925,-5.377547,-2.560087507
4.926,-4.964293,-2.595080796
4.927,-4.607785,-2.629991467
4.928,-4.404424,-2.664818408
4.929,-4.353378,-2.699560511
4.93,-4.387542,-2.734216669
4.931,-4.899855,-2.768785779
4.932,-5.533691,-2.803266741
4.933,-6.273823,-2.837658456
4.934,-6.980682,-2.87195983
4.935,-7.540719,-2.906169771
4.936,-7.918513,-2.940287189
4.937,-8.107284,-2.974310999
4.938,-8.078682,-3.008240117
4.939,-7.984036,-3.042073463
4.94,-7.638042,-3.07580996
4.941,-7.288058,-3.109448534
4.942,-6.967354,-3.142988114
4.943,-6.613558,-3.176427632
4.944,-6.263638,-3.209766024
4.945,-5.982765,-3.243002228
4.946,-5.684403,-3.276135185
4.947,-5.362652,-3.309163842
4.948,-5.048944,-3.342087147
4.949,-4.81742,-3.374904052
4.95,-4.656655,-3.407613511
4.951,-4.460321,-3.440214483
4.952,-4.229902,-3.472705931
4.953,-3.915874,-3.50508682
4.954,-3.475255,-3.537356119
4.955,-3.022896,-3.569512801
4.956,-2.791322,-3.601555843
4.957,-2.810072,-3.633484223
4.958,-3.026643,-3.665296925
4.959,-3.308643,-3.696992937
4.96,-3.466686,-3.72857125
4.961,-3.587893,-3.760030858
4.962,-3.693836,-3.79137076
4.963,-3.831479,-3.822589957
4.964,-4.040148,-3.853687457
4.965,-4.204585,-3.884662269
4.966,-4.274242,-3.915513406
4.967,-4.19641,-3.946239887
4.968,-3.603364,-3.976840733
4.969,-3.164107,-4.007314971
4.97,-2.620939,-4.037661629
4.971,-2.565028,-4.067879743
4.972,-2.309223,-4.097968349
4.973,-2.216903,-4.12792649
4.974,-2.307405,-4.157753212
4.975,-2.412121,-4.187447566
4.976,-2.588531,-4.217008606
4.977,-2.759405,-4.246435391
4.978,-3.048968,-4.275726984
4.979,-3.539019,-4.304882453
4.98,-3.778916,-4.33390087
4.981,-4.359467,-4.36278131
4.982,-4.773862,-4.391522854
4.983,-5.02875,-4.420124587
4.984,-5.170873,-4.448585599
4.985,-5.32445,-4.476904984
4.986,-5.463053,-4.505081839
4.987,-5.656814,-4.533115268
4.988,-5.807446,-4.561004378
4.989,-5.884875,-4.588748282
4.99,-6.318528,-4.616346096
4.991,-6.276262,-4.643796942
4.992,-6.401199,-4.671099945
4.993,-6.381451,-4.698254236
4.994,-6.31681,-4.725258952
4.995,-6.242764,-4.752113231
4.996,-6.161363,-4.77881622
4.997,-6.02751,-4.805367068
4.998,-5.862871,-4.831764929
4.999,-5.657334,-4.858008964
5,-6.32725,-4.884098337
