time,theta_t,theta_t_fit
0.001,-6.875839,-8.383361546
0.002,-6.477882,-8.399970382
0.003,-6.357506,-8.416347688
0.004,-6.211497,-8.432493045
0.005,-6.054065,-8.448406041
0.006,-5.854486,-8.464086268
0.007,-5.194123,-8.479533327
0.008,-4.439348,-8.494746825
0.009,-4.228335,-8.509726375
0.01,-4.150529,-8.524471596
0.011,-4.228081,-8.538982114
0.012,-4.425818,-8.553257561
0.013,-4.628631,-8.567297576
0.014,-4.795031,-8.581101805
0.015,-4.872602,-8.594669899
0.016,-4.825206,-8.608001517
0.017,-4.686273,-8.621096323
0.018,-4.414415,-8.633953989
0.019,-4.016989,-8.646574192
0.02,-3.65014,-8.658956618
0.021,-3.353911,-8.671100956
0.022,-3.116185,-8.683006904
0.023,-2.894962,-8.694674167
0.024,-2.61879,-8.706102454
0.025,-2.545473,-8.717291483
0.026,-2.213971,-8.728240978
0.027,-2.017569,-8.738950669
0.028,-1.993184,-8.749420292
0.029,-2.063481,-8.759649592
0.03,-2.088951,-8.769638318
0.031,-2.209028,-8.779386226
0.032,-2.212165,-8.788893081
0.033,-2.282653,-8.798158652
0.034,-2.517266,-8.807182716
0.035,-2.763904,-8.815965055
0.036,-3.586932,-8.824505459
0.037,-4.531796,-8.832803726
0.038,-5.199687,-8.840859657
0.039,-5.635751,-8.848673062
0.04,-5.926674,-8.856243759
0.041,-5.93033,-8.863571569
0.042,-5.996017,-8.870656323
0.043,-6.197922,-8.877497857
0.044,-5.600866,-8.884096014
0.045,-5.165563,-8.890450643
0.046,-4.669539,-8.8965616
0.047,-4.221949,-8.902428749
0.048,-3.88756,-8.90805196
0.049,-3.675186,-8.913431108
0.05,-3.518847,-8.918566078
0.051,-3.427241,-8.923456757
0.052,-3.405758,-8.928103043
0.053,-3.187257,-8.93250484
0.054,-3.172476,-8.936662056
0.055,-3.642231,-8.940574608
0.056,-3.676872,-8.944242419
0.057,-3.659458,-8.94766542
0.058,-3.605486,-8.950843546
0.059,-3.56423,-8.953776742
0.06,-3.467762,-8.956464956
0.061,-3.348979,-8.958908146
0.062,-3.359611,-8.961106274
0.063,-3.353207,-8.963059312
0.064,-3.470877,-8.964767235
0.065,-3.740032,-8.966230028
0.066,-4.130615,-8.967447679
0.067,-4.568742,-8.968420187
0.068,-4.993147,-8.969147555
0.069,-5.491384,-8.969629792
0.07,-7.168766,-8.969866916
0.071,-7.350883,-8.96985895
0.072,-7.567914,-8.969605925
0.073,-7.710047,-8.969107877
0.074,-7.796187,-8.968364851
0.075,-7.841816,-8.967376897
0.076,-7.884666,-8.966144071
0.077,-7.929821,-8.964666437
0.078,-8.003521,-8.962944067
0.079,-8.075052,-8.960977036
0.08,-8.017141,-8.958765429
0.081,-8.187342,-8.956309336
0.082,-8.166538,-8.953608854
0.083,-8.197218,-8.950664087
0.084,-7.887314,-8.947475145
0.085,-7.750842,-8.944042145
0.086,-7.608281,-8.940365211
0.087,-7.778875,-8.936444474
0.088,-7.672476,-8.93228007
0.089,-7.598666,-8.927872143
0.09,-7.50287,-8.923220843
0.091,-7.311563,-8.918326327
0.092,-7.245685,-8.913188759
0.093,-7.249304,-8.907808309
0.094,-7.106728,-8.902185153
0.095,-7.220002,-8.896319475
0.096,-7.34064,-8.890211464
0.097,-7.366082,-8.883861318
0.098,-7.270389,-8.877269239
0.099,-7.181849,-8.870435437
0.1,-7.156466,-8.863360128
0.101,-7.192937,-8.856043535
0.102,-7.278585,-8.848485888
0.103,-7.339645,-8.840687423
0.104,-7.506893,-8.832648381
0.105,-7.746721,-8.824369012
0.106,-7.921469,-8.815849572
0.107,-8.561798,-8.807090323
0.108,-9.058425,-8.798091533
0.109,-9.536602,-8.788853477
0.11,-9.91836,-8.779376437
0.111,-10.16491,-8.7696607
0.112,-10.467377,-8.759706563
0.113,-10.665825,-8.749514325
0.114,-10.734149,-8.739084294
0.115,-10.672009,-8.728416784
0.116,-10.66508,-8.717512116
0.117,-10.648641,-8.706370616
0.118,-10.591586,-8.694992618
0.119,-10.495338,-8.68337846
0.12,-10.431592,-8.67152849
0.121,-10.376252,-8.65944306
0.122,-10.389805,-8.647122528
0.123,-10.496292,-8.63456726
0.124,-10.682807,-8.621777628
0.125,-10.784277,-8.608754009
0.126,-10.708229,-8.595496787
0.127,-10.481382,-8.582006354
0.128,-10.168173,-8.568283106
0.129,-9.906293,-8.554327446
0.13,-9.777597,-8.540139784
0.131,-9.63488,-8.525720536
0.132,-9.487655,-8.511070123
0.133,-9.425444,-8.496188974
0.134,-9.276842,-8.481077524
0.135,-9.254407,-8.465736214
0.136,-9.379849,-8.45016549
0.137,-9.655717,-8.434365805
0.138,-10.077301,-8.41833762
0.139,-10.386876,-8.402081399
0.14,-10.530958,-8.385597615
0.141,-10.516771,-8.368886745
0.142,-10.387684,-8.351949273
0.143,-10.149832,-8.33478569
0.144,-9.83923,-8.317396492
0.145,-9.617178,-8.299782181
0.146,-9.412785,-8.281943266
0.147,-9.191412,-8.26388026
0.148,-8.938921,-8.245593686
0.149,-8.662155,-8.227084069
0.15,-8.360323,-8.208351942
0.151,-8.11051,-8.189397843
0.152,-7.906207,-8.170222318
0.153,-7.792572,-8.150825917
0.154,-7.773422,-8.131209196
0.155,-7.834174,-8.111372717
0.156,-8.033569,-8.091317051
0.157,-7.928848,-8.071042769
0.158,-7.905312,-8.050550454
0.159,-7.553876,-8.029840691
0.16,-7.743597,-8.008914071
0.161,-8.108414,-7.987771194
0.162,-8.573653,-7.966412661
0.163,-9.004136,-7.944839084
0.164,-9.338042,-7.923051077
0.165,-9.67988,-7.90104926
0.166,-10.175656,-7.878834262
0.167,-10.655203,-7.856406714
0.168,-11.053343,-7.833767254
0.169,-11.308983,-7.810916527
0.17,-11.418363,-7.787855182
0.171,-11.325739,-7.764583874
0.172,-11.067813,-7.741103264
0.173,-10.858068,-7.71741402
0.174,-10.687469,-7.693516812
0.175,-10.474116,-7.669412319
0.176,-10.25467,-7.645101224
0.177,-9.945613,-7.620584215
0.178,-9.583284,-7.595861988
0.179,-9.175964,-7.570935243
0.18,-8.802887,-7.545804683
0.181,-8.546309,-7.520471021
0.182,-8.348242,-7.494934973
0.183,-8.300409,-7.469197261
0.184,-8.018596,-7.443258611
0.185,-7.758319,-7.417119756
0.186,-7.557177,-7.390781435
0.187,-7.393866,-7.36424439
0.188,-7.32072,-7.337509369
0.189,-7.300673,-7.310577128
0.19,-7.046423,-7.283448425
0.191,-6.971465,-7.256124024
0.192,-6.785768,-7.228604696
0.193,-6.465512,-7.200891215
0.194,-6.256484,-7.172984361
0.195,-6.0771,-7.14488492
0.196,-5.880515,-7.116593682
0.197,-5.784632,-7.088111442
0.198,-5.670397,-7.059439002
0.199,-5.628161,-7.030577167
0.2,-5.702753,-7.001526747
0.201,-5.826881,-6.97228856
0.202,-5.983096,-6.942863425
0.203,-6.199947,-6.913252169
0.204,-6.421001,-6.883455622
0.205,-6.628885,-6.85347462
0.206,-6.872921,-6.823310005
0.207,-7.449141,-6.792962621
0.208,-7.883692,-6.76243332
0.209,-8.240126,-6.731722956
0.21,-8.592903,-6.70083239
0.211,-9.030686,-6.669762486
0.212,-9.428028,-6.638514116
0.213,-9.754314,-6.607088152
0.214,-10.062489,-6.575485475
0.215,-10.275131,-6.543706969
0.216,-10.52659,-6.511753522
0.217,-10.716715,-6.479626027
0.218,-10.786201,-6.447325382
0.219,-10.721431,-6.414852491
0.22,-10.484866,-6.38220826
0.221,-10.160829,-6.349393601
0.222,-9.802368,-6.316409431
0.223,-9.395619,-6.283256669
0.224,-9.003269,-6.249936242
0.225,-8.586625,-6.216449078
0.226,-8.126659,-6.182796113
0.227,-7.823358,-6.148978284
0.228,-7.703405,-6.114996535
0.229,-7.782639,-6.080851813
0.23,-8.066063,-6.046545069
0.231,-8.337758,-6.01207726
0.232,-8.577586,-5.977449345
0.233,-8.807903,-5.942662289
0.234,-9.033541,-5.907717061
0.235,-9.210848,-5.872614633
0.236,-9.358224,-5.837355982
0.237,-9.469199,-5.80194209
0.238,-9.473665,-5.766373942
0.239,-9.384216,-5.730652526
0.24,-9.219863,-5.694778837
0.241,-9.031715,-5.658753872
0.242,-8.870619,-5.622578632
0.243,-8.525132,-5.586254123
0.244,-8.270919,-5.549781353
0.245,-8.01396,-5.513161336
0.246,-7.710927,-5.47639509
0.247,-7.420072,-5.439483635
0.248,-7.392021,-5.402427995
0.249,-7.217294,-5.365229201
0.25,-7.144142,-5.327888283
0.251,-7.124792,-5.290406278
0.252,-7.067866,-5.252784226
0.253,-6.949441,-5.215023171
0.254,-6.58148,-5.177124159
0.255,-6.496814,-5.139088241
0.256,-6.385959,-5.100916472
0.257,-6.187379,-5.06260991
0.258,-6.009642,-5.024169616
0.259,-6.05177,-4.985596656
0.26,-6.010905,-4.946892097
0.261,-6.157067,-4.908057012
0.262,-6.286911,-4.869092477
0.263,-6.351483,-4.829999569
0.264,-6.230281,-4.790779372
0.265,-6.174164,-4.75143297
0.266,-6.276561,-4.711961452
0.267,-6.572516,-4.672365911
0.268,-6.919396,-4.632647442
0.269,-7.373778,-4.592807143
0.27,-7.392997,-4.552846116
0.271,-7.25283,-4.512765465
0.272,-7.06564,-4.4725663
0.273,-6.920933,-4.43224973
0.274,-6.866462,-4.39181687
0.275,-6.836304,-4.351268837
0.276,-6.758219,-4.310606752
0.277,-6.460643,-4.269831737
0.278,-5.97245,-4.228944918
0.279,-5.317855,-4.187947425
0.28,-4.719183,-4.146840389
0.281,-4.225669,-4.105624945
0.282,-4.099965,-4.06430223
0.283,-4.282812,-4.022873384
0.284,-4.37221,-3.981339552
0.285,-4.448905,-3.939701877
0.286,-4.433869,-3.89796151
0.287,-4.528999,-3.8561196
0.288,-4.587464,-3.814177302
0.289,-4.750145,-3.772135772
0.29,-4.874426,-3.729996168
0.291,-4.894095,-3.687759652
0.292,-5.116993,-3.645427388
0.293,-5.090091,-3.603000543
0.294,-5.14056,-3.560480284
0.295,-5.120734,-3.517867784
0.296,-5.102974,-3.475164215
0.297,-5.124281,-3.432370754
0.298,-5.163536,-3.389488578
0.299,-5.059839,-3.346518868
0.3,-4.870615,-3.303462807
0.301,-4.601085,-3.26032158
0.302,-4.14872,-3.217096373
0.303,-3.763438,-3.173788376
0.304,-3.435796,-3.13039878
0.305,-3.269048,-3.086928778
0.306,-3.11147,-3.043379567
0.307,-2.77905,-2.999752342
0.308,-2.656445,-2.956048304
0.309,-2.600884,-2.912268654
0.31,-2.618829,-2.868414595
0.311,-2.595378,-2.824487332
0.312,-2.571849,-2.780488072
0.313,-2.438781,-2.736418024
0.314,-2.322415,-2.692278399
0.315,-2.137351,-2.648070408
0.316,-1.912259,-2.603795266
0.317,-1.705617,-2.559454188
0.318,-1.580036,-2.515048391
0.319,-1.505841,-2.470579096
0.32,-1.58515,-2.426047521
0.321,-1.503423,-2.381454889
0.322,-1.54988,-2.336802424
0.323,-1.411638,-2.29209135
0.324,-1.47056,-2.247322894
0.325,-1.731101,-2.202498284
0.326,-1.756337,-2.157618749
0.327,-1.701572,-2.112685519
0.328,-1.867981,-2.067699828
0.329,-1.742,-2.022662906
0.33,-1.879609,-1.97757599
0.331,-2.013256,-1.932440315
0.332,-2.264522,-1.887257116
0.333,-2.309305,-1.842027634
0.334,-2.366751,-1.796753105
0.335,-2.384908,-1.751434771
0.336,-2.464239,-1.706073872
0.337,-2.350513,-1.660671652
0.338,-2.248745,-1.615229351
0.339,-1.878051,-1.569748216
0.34,-1.52365,-1.52422949
0.341,-1.553616,-1.47867442
0.342,-1.245997,-1.433084251
0.343,-0.99821,-1.387460232
0.344,-0.922843,-1.341803611
0.345,-0.769188,-1.296115637
0.346,-0.75276,-1.250397558
0.347,-0.395336,-1.204650626
0.348,-0.661208,-1.158876092
0.349,-0.930768,-1.113075206
0.35,-0.922803,-1.067249221
0.351,-1.122383,-1.02139939
0.352,-1.133694,-0.975526965
0.353,-1.045792,-0.9296332
0.354,-1.117661,-0.883719349
0.355,-0.902952,-0.837786666
0.356,-0.74414,-0.791836406
0.357,-0.522889,-0.745869825
0.358,-0.337998,-0.699888176
0.359,-0.15726,-0.653892717
0.36,-0.015559,-0.607884702
0.361,0.084834,-0.561865387
0.362,0.124366,-0.515836029
0.363,0.121018,-0.469797884
0.364,0.149621,-0.423752207
0.365,0.137723,-0.377700257
0.366,0.096012,-0.331643288
0.367,0.043899,-0.285582557
0.368,-0.009398,-0.23951932
0.369,-0.031634,-0.193454833
0.37,-0.086377,-0.147390354
0.371,0.008407,-0.101327136
0.372,0.293482,-0.055266437
0.373,0.734364,-0.009209511
0.374,1.155046,0.036842387
0.375,1.742706,0.082888001
0.376,1.836324,0.128926076
0.377,2.1495,0.174955359
0.378,2.42352,0.220974596
0.379,2.826618,0.266982534
0.38,3.148203,0.312977919
0.381,3.328276,0.3589595
0.382,3.305333,0.404926023
0.383,3.137742,0.450876239
0.384,3.060597,0.496808896
0.385,2.935825,0.542722745
0.386,2.890595,0.588616535
0.387,2.830046,0.634489019
0.388,2.739397,0.680338948
0.389,2.608468,0.726165075
0.39,2.545782,0.771966153
0.391,2.848263,0.817740938
0.392,2.977825,0.863488185
0.393,3.152738,0.90920665
0.394,3.255846,0.95489509
0.395,3.304196,1.000552263
0.396,3.225424,1.046176928
0.397,3.25766,1.091767846
0.398,3.491989,1.137323779
0.399,3.779587,1.182843488
0.4,4.063053,1.228325736
0.401,4.310606,1.27376929
0.402,4.539185,1.319172915
0.403,4.67837,1.364535377
0.404,4.747912,1.409855446
0.405,4.716548,1.455131891
0.406,4.585,1.500363484
0.407,4.156275,1.545548996
0.408,3.910528,1.590687202
0.409,3.72626,1.635776878
0.41,3.53125,1.6808168
0.411,3.227164,1.725805746
0.412,2.749007,1.770742496
0.413,2.622234,1.815625832
0.414,3.352996,1.860454538
0.415,3.152558,1.905227396
0.416,3.257233,1.949943195
0.417,2.814664,1.994600722
0.418,3.052067,2.039198768
0.419,3.187711,2.083736123
0.42,3.292336,2.128211581
0.421,3.382934,2.172623937
0.422,3.98273,2.216971989
0.423,2.564405,2.261254536
0.424,2.517293,2.305470379
0.425,2.987486,2.34961832
0.426,3.319486,2.393697165
0.427,3.46641,2.43770572
0.428,3.448645,2.481642795
0.429,3.273335,2.525507201
0.43,2.990677,2.569297751
0.431,3.028846,2.61301326
0.432,2.988791,2.656652547
0.433,3.052509,2.700214431
0.434,2.825113,2.743697734
0.435,4.249398,2.787101281
0.436,4.264385,2.830423899
0.437,4.191963,2.873664416
0.438,4.22393,2.916821664
0.439,4.40398,2.959894477
0.44,4.715894,3.002881691
0.441,5.031946,3.045782146
0.442,5.337619,3.088594682
0.443,5.697035,3.131318143
0.444,6.22944,3.173951377
0.445,7.013248,3.216493231
0.446,7.756567,3.258942558
0.447,8.478227,3.301298212
0.448,9.129398,3.34355905
0.449,9.598208,3.385723931
0.45,10.038059,3.42779172
0.451,10.422201,3.46976128
0.452,10.734521,3.51163148
0.453,10.776412,3.55340119
0.454,10.678741,3.595069286
0.455,10.404793,3.636634643
0.456,10.100091,3.678096141
0.457,9.899677,3.719452664
0.458,9.85113,3.760703096
0.459,9.800894,3.801846327
0.46,9.929687,3.842881248
0.461,9.955602,3.883806754
0.462,10.087428,3.924621744
0.463,10.027302,3.965325118
0.464,9.872953,4.00591578
0.465,10.127331,4.046392639
0.466,10.445665,4.086754605
0.467,10.761493,4.127000592
0.468,11.06262,4.167129517
0.469,11.155694,4.207140301
0.47,11.391386,4.247031869
0.471,11.3647,4.286803147
0.472,11.435778,4.326453067
0.473,11.329346,4.365980562
0.474,10.959968,4.405384571
0.475,10.400911,4.444664034
0.476,9.719616,4.483817897
0.477,9.016373,4.522845107
0.478,8.419697,4.561744617
0.479,8.034417,4.600515383
0.48,7.816132,4.639156362
0.481,7.714301,4.677666519
0.482,7.642497,4.716044819
0.483,7.669299,4.754290233
0.484,7.985715,4.792401734
0.485,8.548783,4.830378302
0.486,9.202438,4.868218916
0.487,9.851524,4.905922563
0.488,10.409897,4.943488231
0.489,10.676449,4.980914915
0.49,10.420904,5.01820161
0.491,10.202556,5.055347318
0.492,9.956469,5.092351044
0.493,9.763753,5.129211797
0.494,9.638812,5.16592859
0.495,9.620084,5.202500439
0.496,9.710969,5.238926366
0.497,9.70703,5.275205396
0.498,9.863293,5.311336559
0.499,10.207124,5.347318887
0.5,10.662656,5.383151419
0.501,11.140378,5.418833195
0.502,11.48641,5.454363263
0.503,11.579571,5.489740673
0.504,11.421459,5.524964478
0.505,11.509631,5.560033739
0.506,10.97591,5.594947518
0.507,10.396808,5.629704882
0.508,9.890696,5.664304904
0.509,9.14828,5.698746661
0.51,8.926087,5.733029232
0.511,8.854641,5.767151703
0.512,8.930091,5.801113163
0.513,9.159703,5.834912708
0.514,9.473336,5.868549435
0.515,9.820713,5.902022448
0.516,10.174989,5.935330854
0.517,10.524095,5.968473767
0.518,10.789015,6.001450303
0.519,10.845329,6.034259583
0.52,10.682705,6.066900735
0.521,10.364239,6.099372889
0.522,9.944754,6.131675181
0.523,9.534511,6.163806751
0.524,9.142984,6.195766745
0.525,8.811917,6.227554312
0.526,8.523244,6.259168608
0.527,8.406545,6.290608792
0.528,8.02926,6.321874028
0.529,7.717708,6.352963487
0.53,7.55149,6.383876342
0.531,7.392877,6.414611772
0.532,7.400273,6.445168961
0.533,7.380084,6.475547099
0.534,7.366569,6.505745379
0.535,7.38982,6.535763001
0.536,7.387476,6.565599169
0.537,7.339529,6.595253091
0.538,7.448514,6.624723982
0.539,7.645391,6.654011061
0.54,7.82,6.683113552
0.541,7.87432,6.712030685
0.542,7.763903,6.740761694
0.543,7.605044,6.76930582
0.544,7.459245,6.797662306
0.545,7.325678,6.825830404
0.546,7.320366,6.853809368
0.547,7.340155,6.881598459
0.548,7.358131,6.909196944
0.549,7.485247,6.936604093
0.55,7.536622,6.963819182
0.551,7.798331,6.990841494
0.552,8.252934,7.017670315
0.553,8.805013,7.044304938
0.554,9.23803,7.070744661
0.555,9.724915,7.096988787
0.556,10.155837,7.123036625
0.557,10.450767,7.148887488
0.558,10.712145,7.174540697
0.559,10.871262,7.199995576
0.56,11.093415,7.225251456
0.561,11.019182,7.250307672
0.562,10.733033,7.275163567
0.563,10.294317,7.299818487
0.564,9.691888,7.324271785
0.565,9.131383,7.348522819
0.566,8.507962,7.372570952
0.567,7.854288,7.396415555
0.568,7.305368,7.420056001
0.569,6.756431,7.443491672
0.57,6.421696,7.466721954
0.571,6.277544,7.489746239
0.572,6.328218,7.512563924
0.573,6.617054,7.535174413
0.574,6.772209,7.557577114
0.575,7.21678,7.579771443
0.576,7.700147,7.601756819
0.577,8.241442,7.62353267
0.578,8.654552,7.645098426
0.579,9.08101,7.666453527
0.58,9.398407,7.687597415
0.581,9.610443,7.70852954
0.582,9.708828,7.729249358
0.583,9.778342,7.749756328
0.584,9.840197,7.770049919
0.585,9.881074,7.790129603
0.586,9.991887,7.809994859
0.587,10.199779,7.829645172
0.588,10.540774,7.849080031
0.589,11.097094,7.868298934
0.59,11.814403,7.887301383
0.591,12.447541,7.906086887
0.592,12.985147,7.924654958
0.593,13.490056,7.943005119
0.594,13.852632,7.961136895
0.595,13.953396,7.979049819
0.596,13.90528,7.996743428
0.597,13.633495,8.014217268
0.598,13.214936,8.031470888
0.599,12.53371,8.048503845
0.6,11.777936,8.065315702
0.601,11.046892,8.081906026
0.602,10.302763,8.098274394
0.603,9.65247,8.114420385
0.604,9.156602,8.130343586
0.605,8.930264,8.14604359
0.606,8.877019,8.161519997
0.607,8.870338,8.176772411
0.608,9.149778,8.191800444
0.609,9.188602,8.206603714
0.61,9.234573,8.221181844
0.611,9.313943,8.235534463
0.612,9.473562,8.249661209
0.613,9.709739,8.263561722
0.614,10.013167,8.277235653
0.615,10.115264,8.290682654
0.616,10.404051,8.303902388
0.617,10.598461,8.316894521
0.618,10.73479,8.329658727
0.619,10.872444,8.342194684
0.62,11.170417,8.354502079
0.621,11.475788,8.366580605
0.622,11.771618,8.378429958
0.623,11.921888,8.390049845
0.624,11.919054,8.401439975
0.625,11.695382,8.412600066
0.626,11.423312,8.423529842
0.627,11.219813,8.434229032
0.628,11.059431,8.444697372
0.629,10.887087,8.454934605
0.63,10.590693,8.464940479
0.631,10.159984,8.474714749
0.632,9.637982,8.484257177
0.633,9.119498,8.493567531
0.634,8.721438,8.502645584
0.635,8.514112,8.511491117
0.636,8.434619,8.520103917
0.637,8.483634,8.528483776
0.638,8.594975,8.536630495
0.639,8.67691,8.544543879
0.64,8.586699,8.55222374
0.641,8.556911,8.559669897
0.642,8.579963,8.566882175
0.643,8.468606,8.573860405
0.644,8.378943,8.580604425
0.645,8.247553,8.587114079
0.646,8.109964,8.593389218
0.647,8.049779,8.599429698
0.648,8.103253,8.605235383
0.649,8.306758,8.610806143
0.65,8.604997,8.616141854
0.651,8.857963,8.621242397
0.652,9.031925,8.626107663
0.653,9.145692,8.630737547
0.654,9.164444,8.63513195
0.655,9.104091,8.639290781
0.656,8.883645,8.643213954
0.657,8.579517,8.64690139
0.658,8.177911,8.650353017
0.659,7.696968,8.653568769
0.66,7.26013,8.656548586
0.661,6.862311,8.659292414
0.662,6.505909,8.661800208
0.663,6.135935,8.664071926
0.664,5.800346,8.666107534
0.665,5.524475,8.667907006
0.666,5.539244,8.669470319
0.667,5.443958,8.67079746
0.668,5.343292,8.671888419
0.669,5.177837,8.672743196
0.67,5.07783,8.673361794
0.671,5.100774,8.673744225
0.672,5.238,8.673890506
0.673,5.668189,8.673800661
0.674,6.312907,8.67347472
0.675,7.085315,8.67291272
0.676,7.819935,8.672114705
0.677,8.686032,8.671080722
0.678,9.463873,8.669810829
0.679,10.034647,8.668305088
0.68,10.443806,8.666563567
0.681,10.71413,8.664586342
0.682,10.788212,8.662373494
0.683,10.76603,8.659925112
0.684,10.720487,8.657241289
0.685,10.653319,8.654322126
0.686,10.586585,8.65116773
0.687,10.288607,8.647778215
0.688,9.993545,8.644153701
0.689,9.727861,8.640294314
0.69,9.502173,8.636200187
0.691,9.333599,8.631871458
0.692,9.103359,8.627308274
0.693,8.899844,8.622510785
0.694,8.601905,8.61747915
0.695,8.205219,8.612213533
0.696,7.777106,8.606714105
0.697,7.452405,8.600981043
0.698,7.339293,8.595014531
0.699,7.348071,8.588814758
0.7,7.444775,8.58238192
0.701,7.581252,8.57571622
0.702,7.712484,8.568817867
0.703,7.793218,8.561687075
0.704,7.822112,8.554324066
0.705,7.955835,8.546729067
0.706,8.115822,8.538902313
0.707,8.576461,8.530844042
0.708,8.608128,8.522554503
0.709,8.642896,8.514033947
0.71,8.599525,8.505282634
0.711,8.566632,8.496300828
0.712,8.526348,8.4870888
0.713,8.592335,8.47764683
0.714,8.293656,8.467975199
0.715,8.30483,8.458074199
0.716,8.178735,8.447944126
0.717,7.828989,8.437585282
0.718,7.618448,8.426997975
0.719,7.357562,8.416182521
0.72,7.087298,8.405139241
0.721,6.934404,8.393868461
0.722,6.536155,8.382370514
0.723,6.136755,8.370645741
0.724,5.913837,8.358694487
0.725,5.746888,8.346517103
0.726,5.597954,8.334113947
0.727,5.448191,8.321485383
0.728,5.271655,8.308631781
0.729,5.049224,8.295553517
0.73,4.815292,8.282250973
0.731,4.630576,8.268724537
0.732,4.557251,8.254974603
0.733,4.535922,8.241001571
0.734,4.517673,8.226805848
0.735,4.545338,8.212387845
0.736,4.594198,8.197747982
0.737,4.696339,8.182886681
0.738,4.954145,8.167804373
0.739,5.339016,8.152501495
0.74,5.802323,8.136978488
0.741,7.017138,8.121235801
0.742,7.360171,8.105273886
0.743,7.716167,8.089093205
0.744,8.003576,8.072694222
0.745,8.331244,8.056077409
0.746,8.626514,8.039243243
0.747,8.865362,8.022192209
0.748,9.003983,8.004924794
0.749,9.037857,7.987441494
0.75,9.010558,7.969742809
0.751,8.950214,7.951829247
0.752,8.793049,7.933701319
0.753,8.569563,7.915359544
0.754,8.29519,7.896804444
0.755,8.047256,7.878036551
0.756,7.686897,7.859056398
0.757,7.546948,7.839864527
0.758,7.592778,7.820461486
0.759,7.749424,7.800847825
0.76,7.945062,7.781024103
0.761,8.440232,7.760990883
0.762,8.927275,7.740748736
0.763,9.556317,7.720298235
0.764,10.080788,7.699639962
0.765,10.759393,7.678774501
0.766,11.449753,7.657702446
0.767,11.719486,7.636424392
0.768,11.833442,7.614940943
0.769,11.816564,7.593252707
0.77,11.583983,7.571360297
0.771,11.244474,7.549264333
0.772,10.7339,7.526965439
0.773,10.114024,7.504464245
0.774,9.483048,7.481761386
0.775,8.665571,7.458857504
0.776,8.279908,7.435753245
0.777,8.167566,7.41244926
0.778,7.982503,7.388946207
0.779,7.720143,7.365244747
0.78,7.694543,7.341345548
0.781,7.689315,7.317249283
0.782,7.778682,7.292956631
0.783,7.938754,7.268468274
0.784,7.963297,7.243784901
0.785,7.803928,7.218907206
0.786,7.650906,7.193835889
0.787,7.519365,7.168571653
0.788,7.393308,7.143115208
0.789,7.300095,7.117467268
0.79,7.352167,7.091628553
0.791,7.330571,7.065599787
0.792,7.465786,7.039381702
0.793,7.670684,7.01297503
0.794,7.82736,6.986380513
0.795,8.232056,6.959598896
0.796,8.773801,6.932630927
0.797,9.19168,6.905477362
0.798,9.797467,6.878138962
0.799,10.049688,6.85061649
0.8,10.240505,6.822910716
0.801,9.999908,6.795022415
0.802,9.740149,6.766952366
0.803,9.334074,6.738701354
0.804,8.895562,6.710270168
0.805,8.509515,6.681659601
0.806,7.965957,6.652870452
0.807,7.51119,6.623903525
0.808,7.184081,6.594759628
0.809,6.986993,6.565439573
0.81,6.914917,6.535944179
0.811,6.935605,6.506274267
0.812,6.965377,6.476430664
0.813,7.016007,6.446414202
0.814,7.126688,6.416225717
0.815,7.269604,6.385866049
0.816,7.404942,6.355336044
0.817,7.45987,6.324636552
0.818,7.378081,6.293768426
0.819,7.126252,6.262732525
0.82,6.736615,6.231529712
0.821,6.284632,6.200160856
0.822,5.711923,6.168626828
0.823,5.081248,6.136928504
0.824,4.434073,6.105066765
0.825,3.752066,6.073042496
0.826,3.426409,6.040856586
0.827,2.934674,6.00850993
0.828,2.543866,5.976003425
0.829,2.301572,5.943337972
0.83,2.303425,5.91051448
0.831,2.510046,5.877533857
0.832,2.973193,5.844397019
0.833,3.501751,5.811104884
0.834,4.048655,5.777658376
0.835,4.670709,5.744058422
0.836,5.268601,5.710305951
0.837,5.824871,5.676401901
0.838,6.365897,5.642347209
0.839,6.642377,5.608142818
0.84,6.994975,5.573789677
0.841,7.173175,5.539288735
0.842,7.120023,5.504640948
0.843,6.925963,5.469847274
0.844,6.707726,5.434908675
0.845,6.447396,5.399826119
0.846,6.137529,5.364600575
0.847,5.778298,5.329233018
0.848,5.369415,5.293724424
0.849,4.910081,5.258075776
0.85,4.570984,5.222288059
0.851,4.30112,5.18636226
0.852,4.145698,5.150299373
0.853,4.170875,5.114100394
0.854,4.141785,5.077766321
0.855,4.084923,5.041298159
0.856,4.034186,5.004696914
0.857,3.974425,4.967963595
0.858,3.903951,4.931099217
0.859,3.83986,4.894104796
0.86,3.759518,4.856981353
0.861,3.68674,4.819729912
0.862,3.67129,4.782351499
0.863,3.685755,4.744847146
0.864,3.700284,4.707217886
0.865,3.761375,4.669464755
0.866,3.880111,4.631588795
0.867,4.041466,4.593591049
0.868,4.208346,4.555472563
0.869,4.332669,4.517234387
0.87,4.390912,4.478877575
0.871,4.391201,4.440403182
0.872,4.287617,4.401812267
0.873,4.120651,4.363105892
0.874,3.916639,4.324285123
0.875,3.695028,4.285351027
0.876,3.48187,4.246304677
0.877,3.345553,4.207147145
0.878,3.283794,4.167879508
0.879,3.27239,4.128502847
0.88,3.281422,4.089018243
0.881,3.374661,4.049426783
0.882,3.479907,4.009729554
0.883,3.609636,3.969927647
0.884,3.747413,3.930022156
0.885,3.850064,3.890014177
0.886,3.738389,3.849904809
0.887,3.598253,3.809695153
0.888,3.264092,3.769386314
0.889,2.889431,3.728979398
0.89,2.442396,3.688475514
0.891,2.320035,3.647875775
0.892,2.147191,3.607181293
0.893,2.436437,3.566393187
0.894,2.587408,3.525512574
0.895,2.835664,3.484540577
0.896,3.087919,3.443478319
0.897,3.307443,3.402326926
0.898,3.505281,3.361087526
0.899,3.669741,3.319761251
0.9,3.668457,3.278349232
0.901,3.837466,3.236852604
0.902,3.886736,3.195272506
0.903,3.871422,3.153610076
0.904,3.854012,3.111866456
0.905,4.181461,3.070042789
0.906,4.387203,3.02814022
0.907,4.458194,2.986159897
0.908,5.004489,2.94410297
0.909,5.275043,2.90197059
0.91,5.52765,2.85976391
0.911,5.588069,2.817484085
0.912,5.549052,2.775132273
0.913,5.433111,2.732709632
0.914,5.178455,2.690217323
0.915,4.76828,2.647656508
0.916,4.158755,2.605028352
0.917,3.617632,2.562334019
0.918,3.263258,2.519574679
0.919,3.106532,2.476751499
0.92,2.775943,2.43386565
0.921,2.661454,2.390918305
0.922,2.501669,2.347910638
0.923,2.364959,2.304843822
0.924,2.277057,2.261719037
0.925,2.298326,2.218537458
0.926,2.314995,2.175300267
0.927,2.288792,2.132008643
0.928,2.476896,2.088663769
0.929,2.386716,2.045266829
0.93,2.334465,2.001819007
0.931,2.372614,1.95832149
0.932,2.411136,1.914775465
0.933,2.301667,1.871182119
0.934,2.132125,1.827542644
0.935,1.871983,1.783858229
0.936,1.517188,1.740130065
0.937,1.433428,1.696359347
0.938,1.499601,1.652547268
0.939,1.524908,1.608695022
0.94,1.498379,1.564803805
0.941,1.319954,1.520874815
0.942,1.102333,1.476909247
0.943,0.951914,1.432908302
0.944,0.875734,1.388873177
0.945,0.881583,1.344805074
0.946,0.847743,1.300705192
0.947,0.596168,1.256574733
0.948,0.370577,1.212414899
0.949,-0.031115,1.168226894
0.95,-0.343978,1.12401192
0.951,-0.442718,1.079771181
0.952,-0.460647,1.035505882
0.953,-0.374768,0.991217229
0.954,-0.329149,0.946906426
0.955,-0.357476,0.902574679
0.956,-0.537226,0.858223195
0.957,-0.498452,0.813853181
0.958,-0.188137,0.769465844
0.959,-0.157166,0.725062392
0.96,-0.081278,0.680644031
0.961,-0.083597,0.636211971
0.962,0.097404,0.59176742
0.963,-0.144408,0.547311586
0.964,-0.004905,0.502845677
0.965,0.142804,0.458370903
0.966,0.317138,0.413888472
0.967,0.477112,0.369399593
0.968,0.742084,0.324905475
0.969,1.122133,0.280407327
0.97,1.451721,0.235906358
0.971,2.343895,0.191403777
0.972,2.70713,0.146900793
0.973,2.908229,0.102398613
0.974,2.970732,0.057898448
0.975,2.921648,0.013401504
0.976,2.724933,-0.031091011
0.977,2.382382,-0.075577888
0.978,1.799165,-0.12005792
0.979,1.13575,-0.164529899
0.98,0.44082,-0.208992621
0.981,-0.095185,-0.253444877
0.982,-0.548496,-0.297885462
0.983,-0.866791,-0.34231317
0.984,-1.072152,-0.386726798
0.985,-1.099548,-0.431125139
0.986,-0.884233,-0.475506991
0.987,-0.521273,-0.519871149
0.988,-0.162983,-0.564216412
0.989,-0.115447,-0.608541578
0.99,0.130021,-0.652845444
0.991,0.311498,-0.697126811
0.992,0.376552,-0.741384479
0.993,0.27441,-0.785617249
0.994,0.104084,-0.829823921
0.995,-0.280895,-0.8740033
0.996,-0.619808,-0.918154189
0.997,-1.074197,-0.962275391
0.998,-1.110002,-1.006365713
0.999,-1.350212,-1.050423961
1,-1.453768,-1.094448942
1.001,-1.585204,-1.138439464
1.002,-1.542256,-1.182394338
1.003,-1.53714,-1.226312373
1.004,-1.391688,-1.270192382
1.005,-1.289413,-1.314033177
1.006,-1.25191,-1.357833572
1.007,-1.238558,-1.401592384
1.008,-1.085353,-1.445308428
1.009,-0.721079,-1.488980522
1.01,-0.44421,-1.532607487
1.011,-0.254621,-1.576188142
1.012,-0.211981,-1.619721309
1.013,-0.228996,-1.663205812
1.014,-0.206924,-1.706640477
1.015,-0.009595,-1.750024128
1.016,0.358873,-1.793355595
1.017,0.844396,-1.836633707
1.018,1.306597,-1.879857295
1.019,1.532589,-1.923025191
1.02,1.492696,-1.96613623
1.021,1.219043,-2.009189249
1.022,1.08121,-2.052183084
1.023,0.891225,-2.095116575
1.024,0.679642,-2.137988565
1.025,0.281094,-2.180797895
1.026,-0.26245,-2.223543411
1.027,-0.691339,-2.266223959
1.028,-1.349521,-2.308838388
1.029,-1.831137,-2.35138555
1.03,-2.234374,-2.393864295
1.031,-2.605856,-2.43627348
1.032,-2.765557,-2.478611961
1.033,-2.854453,-2.520878595
1.034,-2.804839,-2.563072245
1.035,-2.438379,-2.605191773
1.036,-1.962934,-2.647236044
1.037,-1.491629,-2.689203925
1.038,-1.185879,-2.731094286
1.039,-1.108142,-2.772905998
1.04,-1.423083,-2.814637935
1.041,-1.480702,-2.856288973
1.042,-1.495047,-2.897857992
1.043,-1.529291,-2.939343871
1.044,-1.630719,-2.980745494
1.045,-1.838633,-3.022061748
1.046,-2.215299,-3.063291519
1.047,-2.594267,-3.104433699
1.048,-2.819938,-3.14548718
1.049,-2.809702,-3.186450859
1.05,-2.525986,-3.227323634
1.051,-2.062391,-3.268104405
1.052,-1.531692,-3.308792077
1.053,-1.026649,-3.349385554
1.054,-0.542944,-3.389883747
1.055,-0.138287,-3.430285566
1.056,0.076268,-3.470589926
1.057,0.118073,-3.510795744
1.058,0.047105,-3.550901939
1.059,-0.062801,-3.590907435
1.06,-0.284796,-3.630811157
1.061,-0.648005,-3.670612033
1.062,-1.266545,-3.710308995
1.063,-1.632386,-3.749900977
1.064,-2.240002,-3.789386917
1.065,-2.804952,-3.828765754
1.066,-3.128997,-3.868036431
1.067,-3.222766,-3.907197896
1.068,-3.182871,-3.946249098
1.069,-3.171487,-3.985188989
1.07,-3.103411,-4.024016525
1.071,-2.912919,-4.062730665
1.072,-2.59384,-4.101330371
1.073,-2.295163,-4.139814608
1.074,-2.088019,-4.178182345
1.075,-1.865328,-4.216432554
1.076,-1.685756,-4.254564209
1.077,-1.57693,-4.29257629
1.078,-1.533914,-4.330467778
1.079,-1.582235,-4.368237659
1.08,-1.707131,-4.40588492
1.081,-1.858711,-4.443408555
1.082,-1.996782,-4.480807559
1.083,-2.075557,-4.51808093
1.084,-2.055881,-4.555227673
1.085,-2.097367,-4.592246792
1.086,-1.977391,-4.629137297
1.087,-1.944173,-4.665898202
1.088,-1.976307,-4.702528524
1.089,-2.127473,-4.739027284
1.09,-2.338985,-4.775393505
1.091,-2.677343,-4.811626216
1.092,-3.130539,-4.847724449
1.093,-3.680253,-4.883687238
1.094,-4.183229,-4.919513625
1.095,-4.83676,-4.95520265
1.096,-5.381429,-4.990753363
1.097,-5.811964,-5.026164813
1.098,-5.967146,-5.061436054
1.099,-5.99545,-5.096566147
1.1,-5.931372,-5.131554153
1.101,-5.769956,-5.166399139
1.102,-5.433585,-5.201100176
1.103,-4.915671,-5.235656337
1.104,-4.33456,-5.270066702
1.105,-3.829909,-5.304330353
1.106,-3.422401,-5.338446378
1.107,-3.198288,-5.372413866
1.108,-3.105795,-5.406231913
1.109,-3.001309,-5.439899617
1.11,-2.93577,-5.473416083
1.111,-2.901709,-5.506780418
1.112,-2.925287,-5.539991734
1.113,-2.95409,-5.573049146
1.114,-2.898721,-5.605951775
1.115,-2.743961,-5.638698745
1.116,-2.60675,-5.671289186
1.117,-2.524683,-5.703722231
1.118,-2.282921,-5.735997017
1.119,-2.133099,-5.768112686
1.12,-1.957359,-5.800068385
1.121,-1.859291,-5.831863265
1.122,-1.880161,-5.863496481
1.123,-2.161742,-5.894967193
1.124,-2.647633,-5.926274565
1.125,-3.631793,-5.957417766
1.126,-4.390023,-5.98839597
1.127,-4.77479,-6.019208354
1.128,-5.415295,-6.049854101
1.129,-6.06086,-6.080332398
1.13,-6.577259,-6.110642438
1.131,-7.073357,-6.140783416
1.132,-7.503407,-6.170754534
1.133,-7.773959,-6.200554997
1.134,-7.930625,-6.230184017
1.135,-7.721148,-6.259640808
1.136,-7.339242,-6.288924591
1.137,-6.936565,-6.31803459
1.138,-6.754827,-6.346970035
1.139,-6.447693,-6.375730161
1.14,-6.160371,-6.404314207
1.141,-5.997473,-6.432721418
1.142,-5.820058,-6.460951041
1.143,-5.850213,-6.489002332
1.144,-5.889214,-6.516874549
1.145,-5.935592,-6.544566956
1.146,-5.976825,-6.572078821
1.147,-6.000711,-6.59940942
1.148,-5.681603,-6.62655803
1.149,-5.691672,-6.653523935
1.15,-5.841391,-6.680306424
1.151,-5.911839,-6.706904791
1.152,-5.816746,-6.733318335
1.153,-5.528968,-6.75954636
1.154,-5.096332,-6.785588176
1.155,-4.656313,-6.811443096
1.156,-4.308095,-6.83711044
1.157,-4.055499,-6.862589532
1.158,-3.887888,-6.887879704
1.159,-3.676241,-6.912980288
1.16,-3.376293,-6.937890626
1.161,-3.041032,-6.962610064
1.162,-2.982449,-6.987137951
1.163,-3.080578,-7.011473644
1.164,-3.191616,-7.035616504
1.165,-3.231491,-7.059565898
1.166,-2.98752,-7.083321197
1.167,-2.66534,-7.106881779
1.168,-2.21686,-7.130247027
1.169,-1.838875,-7.153416327
1.17,-1.960921,-7.176389075
1.171,-1.898467,-7.199164667
1.172,-1.898097,-7.221742509
1.173,-1.979016,-7.24412201
1.174,-2.171498,-7.266302585
1.175,-2.466475,-7.288283655
1.176,-2.876935,-7.310064645
1.177,-3.400473,-7.331644987
1.178,-4.008014,-7.353024117
1.179,-4.594397,-7.374201479
1.18,-5.081666,-7.395176521
1.181,-5.060394,-7.415948695
1.182,-5.253117,-7.43651746
1.183,-5.310449,-7.456882283
1.184,-5.192198,-7.477042632
1.185,-4.928027,-7.496997984
1.186,-4.625786,-7.516747821
1.187,-4.353103,-7.536291628
1.188,-4.134264,-7.5556289
1.189,-3.882959,-7.574759134
1.19,-3.606696,-7.593681835
1.191,-3.327409,-7.612396512
1.192,-2.94945,-7.630902681
1.193,-2.863257,-7.649199864
1.194,-3.006826,-7.667287586
1.195,-3.381667,-7.68516538
1.196,-3.886897,-7.702832786
1.197,-4.39381,-7.720289347
1.198,-4.898626,-7.737534612
1.199,-5.377748,-7.754568139
1.2,-5.790651,-7.771389487
1.201,-6.155639,-7.787998225
1.202,-6.422418,-7.804393925
1.203,-6.51604,-7.820576166
1.204,-6.467286,-7.836544534
1.205,-6.322339,-7.852298618
1.206,-6.148977,-7.867838015
1.207,-5.852847,-7.883162328
1.208,-5.500626,-7.898271164
1.209,-5.122326,-7.913164138
1.21,-5.019462,-7.927840869
1.211,-4.930829,-7.942300984
1.212,-4.949927,-7.956544114
1.213,-4.995267,-7.970569897
1.214,-5.014096,-7.984377976
1.215,-5.070832,-7.997968001
1.216,-5.082148,-8.011339628
1.217,-5.134934,-8.024492518
1.218,-5.179878,-8.037426339
1.219,-5.228828,-8.050140763
1.22,-5.243335,-8.06263547
1.221,-5.21419,-8.074910146
1.222,-5.229302,-8.086964483
1.223,-5.355262,-8.098798176
1.224,-5.595912,-8.110410931
1.225,-5.863157,-8.121802455
1.226,-6.436814,-8.132972465
1.227,-6.757056,-8.143920683
1.228,-7.061963,-8.154646835
1.229,-7.303699,-8.165150656
1.23,-7.07465,-8.175431884
1.231,-6.973062,-8.185490266
1.232,-6.593396,-8.195325554
1.233,-6.063776,-8.204937504
1.234,-5.491358,-8.214325882
1.235,-5.077828,-8.223490457
1.236,-4.863435,-8.232431005
1.237,-4.899415,-8.241147308
1.238,-5.124228,-8.249639155
1.239,-5.415722,-8.25790634
1.24,-5.750511,-8.265948663
1.241,-6.147846,-8.273765932
1.242,-6.593452,-8.281357959
1.243,-7.092972,-8.288724562
1.244,-7.288989,-8.295865567
1.245,-7.193072,-8.302780805
1.246,-6.794557,-8.309470113
1.247,-6.200376,-8.315933334
1.248,-5.901116,-8.322170319
1.249,-7.721725,-8.328180922
1.25,-7.638874,-8.333965006
1.251,-7.756128,-8.339522438
1.252,-8.013777,-8.344853093
1.253,-8.350982,-8.34995685
1.254,-8.718001,-8.354833598
1.255,-9.105443,-8.359483227
1.256,-9.303955,-8.363905637
1.257,-9.692572,-8.368100733
1.258,-9.958657,-8.372068425
1.259,-9.960358,-8.375808632
1.26,-9.875917,-8.379321276
1.261,-9.61461,-8.382606288
1.262,-9.192216,-8.385663603
1.263,-9.026505,-8.388493162
1.264,-8.734088,-8.391094915
1.265,-8.358479,-8.393468816
1.266,-8.323643,-8.395614824
1.267,-8.254234,-8.397532908
1.268,-8.193499,-8.399223039
1.269,-8.117289,-8.400685196
1.27,-8.045702,-8.401919366
1.271,-8.08495,-8.402925538
1.272,-8.182456,-8.403703712
1.273,-8.413249,-8.40425389
1.274,-8.592992,-8.404576083
1.275,-8.648951,-8.404670306
1.276,-8.531091,-8.404536583
1.277,-8.224202,-8.40417494
1.278,-7.858584,-8.403585414
1.279,-7.593307,-8.402768044
1.28,-7.395377,-8.401722878
1.281,-7.218856,-8.400449969
1.282,-7.124546,-8.398949376
1.283,-6.854026,-8.397221165
1.284,-6.649814,-8.395265407
1.285,-6.543541,-8.393082179
1.286,-6.573204,-8.390671567
1.287,-6.758656,-8.388033659
1.288,-7.011131,-8.385168552
1.289,-7.195947,-8.382076349
1.29,-7.483365,-8.378757157
1.291,-7.518796,-8.375211092
1.292,-7.606313,-8.371438274
1.293,-7.785524,-8.36743883
1.294,-7.977066,-8.363212893
1.295,-8.119799,-8.358760602
1.296,-8.176179,-8.354082103
1.297,-7.941409,-8.349177546
1.298,-7.859987,-8.344047089
1.299,-8.002227,-8.338690896
1.3,-8.244858,-8.333109137
1.301,-8.490699,-8.327301986
1.302,-8.640789,-8.321269626
1.303,-8.556044,-8.315012245
1.304,-8.566478,-8.308530036
1.305,-8.578822,-8.301823201
1.306,-8.62596,-8.294891944
1.307,-8.925684,-8.287736477
1.308,-8.88409,-8.28035702
1.309,-8.760379,-8.272753796
1.31,-8.566653,-8.264927036
1.311,-8.381596,-8.256876976
1.312,-8.259361,-8.248603857
1.313,-8.202579,-8.240107929
1.314,-8.24732,-8.231389446
1.315,-8.47956,-8.222448668
1.316,-8.591891,-8.213285861
1.317,-8.721904,-8.203901297
1.318,-8.746683,-8.194295256
1.319,-8.586133,-8.184468021
1.32,-8.570581,-8.174419882
1.321,-8.494625,-8.164151135
1.322,-8.357779,-8.153662083
1.323,-8.141595,-8.142953033
1.324,-7.846936,-8.1320243
1.325,-7.578177,-8.120876203
1.326,-7.415691,-8.109509068
1.327,-7.301997,-8.097923227
1.328,-7.409433,-8.086119016
1.329,-7.342755,-8.07409678
1.33,-7.18983,-8.061856868
1.331,-6.979936,-8.049399635
1.332,-6.732819,-8.036725441
1.333,-6.529709,-8.023834654
1.334,-6.404062,-8.010727646
1.335,-6.198899,-7.997404796
1.336,-5.967648,-7.983866487
1.337,-5.752223,-7.970113111
1.338,-5.373389,-7.956145061
1.339,-5.210485,-7.941962741
1.34,-5.206489,-7.927566557
1.341,-5.280483,-7.912956923
1.342,-5.34187,-7.898134257
1.343,-5.331965,-7.883098983
1.344,-5.221635,-7.867851533
1.345,-5.153979,-7.852392341
1.346,-5.179323,-7.83672185
1.347,-5.510357,-7.820840506
1.348,-5.714314,-7.804748763
1.349,-5.944459,-7.788447079
1.35,-6.20204,-7.771935918
1.351,-6.584298,-7.75521575
1.352,-6.997743,-7.738287051
1.353,-7.480888,-7.721150301
1.354,-8.001353,-7.703805988
1.355,-8.314649,-7.686254602
1.356,-8.712026,-7.668496642
1.357,-8.831507,-7.650532612
1.358,-8.706691,-7.632363019
1.359,-8.445125,-7.613988379
1.36,-8.099467,-7.59540921
1.361,-7.694849,-7.576626038
1.362,-7.276169,-7.557639394
1.363,-6.797486,-7.538449814
1.364,-6.40138,-7.519057839
1.365,-6.017263,-7.499464016
1.366,-5.667319,-7.479668899
1.367,-5.567959,-7.459673044
1.368,-5.666063,-7.439477014
1.369,-5.926419,-7.419081379
1.37,-6.302649,-7.398486711
1.371,-6.793073,-7.377693591
1.372,-7.260384,-7.356702602
1.373,-7.546796,-7.335514335
1.374,-7.661986,-7.314129384
1.375,-7.626441,-7.29254835
1.376,-7.625249,-7.270771837
1.377,-7.671599,-7.248800458
1.378,-7.721026,-7.226634827
1.379,-7.727562,-7.204275567
1.38,-7.618945,-7.181723302
1.381,-7.389227,-7.158978666
1.382,-7.143027,-7.136042293
1.383,-7.000267,-7.112914826
1.384,-6.98195,-7.089596913
1.385,-7.032543,-7.066089203
1.386,-7.109953,-7.042392356
1.387,-7.103946,-7.018507032
1.388,-7.063254,-6.994433898
1.389,-7.026964,-6.970173627
1.39,-6.941859,-6.945726896
1.391,-6.857815,-6.921094387
1.392,-6.712934,-6.896276786
1.393,-6.772132,-6.871274785
1.394,-7.126798,-6.846089082
1.395,-7.215092,-6.820720377
1.396,-7.285637,-6.795169378
1.397,-7.220529,-6.769436795
1.398,-7.228628,-6.743523346
1.399,-6.993962,-6.71742975
1.4,-6.767532,-6.691156735
1.401,-6.513775,-6.66470503
1.402,-6.188418,-6.638075371
1.403,-5.952789,-6.611268498
1.404,-5.447755,-6.584285155
1.405,-5.14942,-6.557126093
1.406,-4.885062,-6.529792065
1.407,-4.80195,-6.502283831
1.408,-4.959686,-6.474602153
1.409,-5.266566,-6.4467478
1.41,-5.67129,-6.418721544
1.411,-6.104728,-6.390524163
1.412,-6.568438,-6.362156439
1.413,-6.97558,-6.333619157
1.414,-7.265622,-6.304913108
1.415,-7.420807,-6.276039088
1.416,-7.383944,-6.246997896
1.417,-7.07115,-6.217790337
1.418,-6.621327,-6.188417218
1.419,-5.999998,-6.158879354
1.42,-5.508987,-6.129177561
1.421,-5.040063,-6.099312661
1.422,-4.643427,-6.06928548
1.423,-4.525349,-6.039096847
1.424,-4.377062,-6.008747599
1.425,-4.351738,-5.978238573
1.426,-4.485334,-5.947570612
1.427,-4.516049,-5.916744564
1.428,-5.158292,-5.88576128
1.429,-5.516369,-5.854621616
1.43,-5.753031,-5.823326431
1.431,-5.867975,-5.791876589
1.432,-5.927517,-5.760272959
1.433,-5.846554,-5.728516411
1.434,-5.690943,-5.696607823
1.435,-5.441497,-5.664548073
1.436,-5.011787,-5.632338047
1.437,-4.750688,-5.599978632
1.438,-4.345533,-5.567470719
1.439,-3.915593,-5.534815206
1.44,-3.589011,-5.502012991
1.441,-3.393373,-5.469064978
1.442,-3.503044,-5.435972074
1.443,-3.534695,-5.402735192
1.444,-3.693882,-5.369355245
1.445,-3.62388,-5.335833153
1.446,-4.053499,-5.302169838
1.447,-4.236972,-5.268366227
1.448,-4.595173,-5.234423249
1.449,-5.059843,-5.200341838
1.45,-5.433559,-5.166122932
1.451,-5.580264,-5.131767471
1.452,-5.376148,-5.097276399
1.453,-4.830453,-5.062650666
1.454,-4.524599,-5.027891221
1.455,-4.367437,-4.992999022
1.456,-4.347903,-4.957975025
1.457,-4.038345,-4.922820193
1.458,-3.529749,-4.887535492
1.459,-3.14476,-4.85212189
1.46,-2.90003,-4.81658036
1.461,-2.905295,-4.780911877
1.462,-3.067109,-4.745117421
1.463,-3.536151,-4.709197972
1.464,-4.059083,-4.673154518
1.465,-4.563107,-4.636988046
1.466,-5.008471,-4.600699549
1.467,-5.43167,-4.564290021
1.468,-5.885218,-4.527760462
1.469,-6.111646,-4.491111872
1.47,-6.326539,-4.454345256
1.471,-6.251711,-4.417461621
1.472,-5.844514,-4.380461979
1.473,-5.230523,-4.343347343
1.474,-4.546457,-4.30611873
1.475,-3.974896,-4.268777159
1.476,-3.618888,-4.231323654
1.477,-3.361903,-4.193759238
1.478,-3.187846,-4.156084942
1.479,-3.39354,-4.118301796
1.48,-3.508692,-4.080410835
1.481,-3.659189,-4.042413094
1.482,-3.913727,-4.004309615
1.483,-4.239658,-3.966101439
1.484,-4.519869,-3.927789611
1.485,-4.661377,-3.88937518
1.486,-4.639842,-3.850859196
1.487,-4.409299,-3.812242712
1.488,-4.076123,-3.773526783
1.489,-3.740884,-3.734712468
1.49,-3.445396,-3.695800828
1.491,-3.211914,-3.656792926
1.492,-3.078764,-3.617689828
1.493,-2.996109,-3.578492602
1.494,-2.934031,-3.53920232
1.495,-2.983396,-3.499820053
1.496,-3.032849,-3.460346878
1.497,-3.29081,-3.420783872
1.498,-3.542463,-3.381132115
1.499,-3.577721,-3.341392691
1.5,-3.567508,-3.301566683
1.501,-3.396539,-3.261655178
1.502,-3.20409,-3.221659266
1.503,-2.994897,-3.181580038
1.504,-2.880258,-3.141418586
1.505,-2.700233,-3.101176008
1.506,-2.531,-3.060853399
1.507,-2.406604,-3.02045186
1.508,-2.289641,-2.979972492
1.509,-2.246737,-2.9394164
1.51,-2.325993,-2.898784687
1.511,-2.270881,-2.858078463
1.512,-2.273185,-2.817298835
1.513,-2.243843,-2.776446916
1.514,-2.171164,-2.735523819
1.515,-1.981459,-2.694530658
1.516,-1.70603,-2.653468549
1.517,-1.347835,-2.612338612
1.518,-0.87766,-2.571141966
1.519,-0.50833,-2.529879734
1.52,-0.220158,-2.488553037
1.521,0.053006,-2.447163003
1.522,0.323475,-2.405710756
1.523,0.495203,-2.364197426
1.524,0.576728,-2.322624141
1.525,0.525836,-2.280992034
1.526,0.3227,-2.239302236
1.527,0.079227,-2.197555882
1.528,-0.183031,-2.155754107
1.529,-0.504221,-2.113898049
1.53,-0.737934,-2.071988845
1.531,-0.881081,-2.030027635
1.532,-0.971924,-1.98801556
1.533,-1.032681,-1.945953761
1.534,-1.039922,-1.903843383
1.535,-1.044746,-1.861685569
1.536,-1.115853,-1.819481465
1.537,-1.195416,-1.777232217
1.538,-0.998141,-1.734938975
1.539,-1.091506,-1.692602886
1.54,-1.107091,-1.6502251
1.541,-1.197531,-1.607806769
1.542,-1.528107,-1.565349044
1.543,-1.707614,-1.522853078
1.544,-1.901679,-1.480320025
1.545,-2.152953,-1.43775104
1.546,-2.359838,-1.395147277
1.547,-2.542821,-1.352509894
1.548,-2.55963,-1.309840047
1.549,-2.39452,-1.267138894
1.55,-2.12057,-1.224407593
1.551,-1.566985,-1.181647304
1.552,-1.042333,-1.138859187
1.553,-0.597619,-1.096044403
1.554,-0.125667,-1.053204111
1.555,0.387111,-1.010339474
1.556,0.861805,-0.967451654
1.557,1.076703,-0.924541815
1.558,0.981885,-0.881611118
1.559,0.822177,-0.838660727
1.56,0.641378,-0.795691807
1.561,0.426945,-0.752705522
1.562,0.235819,-0.709703036
1.563,-0.216896,-0.666685515
1.564,-0.336546,-0.623654124
1.565,-0.479025,-0.580610028
1.566,-0.582346,-0.537554393
1.567,-0.570194,-0.494488386
1.568,-0.445874,-0.451413171
1.569,-0.272344,-0.408329917
1.57,-0.066266,-0.365239787
1.571,0.167161,-0.32214395
1.572,0.496815,-0.279043571
1.573,0.864236,-0.235939818
1.574,1.116403,-0.192833855
1.575,1.379661,-0.14972685
1.576,1.582678,-0.106619968
1.577,1.682854,-0.063514377
1.578,1.695258,-0.020411241
1.579,1.489945,0.022688274
1.58,1.268889,0.065783002
1.581,0.969324,0.108871778
1.582,0.702444,0.151953437
1.583,0.45591,0.195026815
1.584,0.261308,0.238090746
1.585,0.171195,0.281144068
1.586,0.203982,0.324185617
1.587,0.274865,0.36721423
1.588,0.503885,0.410228744
1.589,0.79267,0.453227997
1.59,1.055296,0.496210828
1.591,1.272804,0.539176076
1.592,1.438596,0.58212258
1.593,1.557923,0.625049182
1.594,1.648543,0.667954721
1.595,1.734837,0.710838039
1.596,1.767547,0.75369798
1.597,1.843222,0.796533385
1.598,1.87162,0.8393431
1.599,1.988432,0.882125968
1.6,2.127598,0.924880835
1.601,2.347469,0.967606549
1.602,2.630207,1.010301955
1.603,3.261075,1.052965903
1.604,3.667586,1.095597242
1.605,4.054225,1.138194823
1.606,4.248414,1.180757496
1.607,4.549563,1.223284114
1.608,4.712093,1.265773531
1.609,4.664786,1.308224601
1.61,4.55283,1.35063618
1.611,4.10428,1.393007125
1.612,3.363436,1.435336294
1.613,3.008677,1.477622548
1.614,2.75445,1.519864746
1.615,2.977641,1.562061751
1.616,2.942998,1.604212425
1.617,4.727034,1.646315635
1.618,5.380862,1.688370246
1.619,6.321553,1.730375126
1.62,7.454757,1.772329144
1.621,8.047923,1.81423117
1.622,9.06939,1.856080077
1.623,9.617982,1.897874739
1.624,10.541625,1.93961403
1.625,10.536597,1.981296828
1.626,9.981843,2.022922011
1.627,9.509649,2.064488459
1.628,9.050885,2.105995054
1.629,8.618398,2.147440681
1.63,7.964552,2.188824224
1.631,7.343281,2.23014457
1.632,6.809216,2.271400609
1.633,6.358569,2.312591232
1.634,6.078621,2.353715332
1.635,5.813469,2.394771802
1.636,5.634629,2.43575954
1.637,5.539133,2.476677445
1.638,5.581855,2.517524417
1.639,5.760422,2.558299359
1.64,6.055925,2.599001176
1.641,6.42757,2.639628773
1.642,6.819814,2.680181062
1.643,7.098129,2.720656952
1.644,7.366095,2.761055356
1.645,7.846368,2.801375191
1.646,7.836267,2.841615375
1.647,7.416134,2.881774826
1.648,6.919398,2.921852468
1.649,6.516767,2.961847224
1.65,6.046968,3.001758023
1.651,5.591542,3.041583794
1.652,5.260396,3.081323468
1.653,4.967708,3.120975979
1.654,4.733733,3.160540264
1.655,4.531774,3.200015263
1.656,4.45611,3.239399917
1.657,4.449043,3.278693171
1.658,4.503771,3.31789397
1.659,4.554278,3.357001266
1.66,4.867902,3.396014009
1.661,4.911618,3.434931155
1.662,4.950477,3.473751661
1.663,4.993877,3.512474488
1.664,5.275009,3.551098598
1.665,5.676399,3.589622957
1.666,6.208975,3.628046533
1.667,6.745773,3.666368298
1.668,7.154714,3.704587226
1.669,7.151654,3.742702295
1.67,7.295774,3.780712484
1.671,7.551141,3.818616776
1.672,7.837284,3.856414157
1.673,8.095075,3.894103616
1.674,8.214527,3.931684146
1.675,8.156788,3.96915474
1.676,7.892817,4.006514398
1.677,7.490621,4.04376212
1.678,7.054642,4.08089691
1.679,6.55584,4.117917777
1.68,5.952605,4.15482373
1.681,5.264952,4.191613784
1.682,4.594211,4.228286956
1.683,4.019407,4.264842265
1.684,3.517156,4.301278737
1.685,3.143493,4.337595397
1.686,2.972487,4.373791276
1.687,3.019173,4.409865408
1.688,3.237563,4.44581683
1.689,3.533053,4.481644582
1.69,3.768973,4.517347708
1.691,4.149723,4.552925255
1.692,4.476146,4.588376275
1.693,4.672772,4.623699822
1.694,4.826693,4.658894953
1.695,4.929015,4.693960731
1.696,4.879742,4.72889622
1.697,4.893003,4.763700489
1.698,4.726713,4.79837261
1.699,4.580235,4.83291166
1.7,4.512919,4.867316719
1.701,4.558577,4.901586868
1.702,4.661138,4.935721197
1.703,4.753037,4.969718796
1.704,4.850395,5.003578758
1.705,5.007124,5.037300184
1.706,5.273777,5.070882176
1.707,5.570633,5.104323839
1.708,5.875913,5.137624283
1.709,6.193955,5.170782624
1.71,6.612223,5.203797978
1.711,7.273402,5.236669469
1.712,8.044986,5.26939622
1.713,8.758705,5.301977364
1.714,9.188111,5.334412032
1.715,9.55746,5.366699364
1.716,9.71524,5.398838502
1.717,9.622796,5.430828591
1.718,9.351178,5.462668782
1.719,9.056385,5.49435823
1.72,8.812048,5.525896092
1.721,8.614508,5.557281531
1.722,8.440068,5.588513716
1.723,8.24732,5.619591815
1.724,8.071521,5.650515006
1.725,7.840719,5.681282467
1.726,7.597661,5.711893384
1.727,7.479426,5.742346943
1.728,7.344213,5.772642337
1.729,7.370671,5.802778764
1.73,7.159696,5.832755426
1.731,6.796337,5.862571526
1.732,6.351896,5.892226277
1.733,5.958828,5.921718892
1.734,5.629714,5.95104859
1.735,5.422667,5.980214596
1.736,5.295983,6.009216136
1.737,5.238193,6.038052445
1.738,5.212673,6.066722758
1.739,5.272795,6.095226317
1.74,5.385796,6.123562369
1.741,5.533839,6.151730165
1.742,5.517409,6.17972896
1.743,5.731438,6.207558014
1.744,5.858554,6.235216592
1.745,5.994927,6.262703964
1.746,6.170427,6.290019403
1.747,6.329091,6.317162188
1.748,6.498017,6.344131604
1.749,6.658244,6.370926938
1.75,6.77831,6.397547483
1.751,6.818668,6.423992539
1.752,6.794888,6.450261406
1.753,6.723742,6.476353394
1.754,6.648498,6.502267813
1.755,6.57401,6.528003983
1.756,6.445952,6.553561224
1.757,6.271984,6.578938864
1.758,5.968639,6.604136235
1.759,5.450083,6.629152673
1.76,4.769176,6.653987522
1.761,4.406374,6.678640127
1.762,4.122139,6.70310984
1.763,4.011815,6.727396018
1.764,4.160192,6.751498024
1.765,4.496554,6.775415224
1.766,4.924976,6.79914699
1.767,5.363817,6.822692699
1.768,5.719366,6.846051733
1.769,6.423577,6.869223479
1.77,7.160513,6.89220733
1.771,7.692889,6.915002684
1.772,7.975715,6.937608942
1.773,7.995329,6.960025513
1.774,7.793608,6.98225181
1.775,7.564947,7.00428725
1.776,7.329199,7.026131258
1.777,7.22006,7.047783262
1.778,7.182486,7.069242696
1.779,7.044421,7.090508998
1.78,6.852442,7.111581614
1.781,6.658231,7.132459992
1.782,6.628938,7.153143589
1.783,6.753082,7.173631864
1.784,6.934344,7.193924282
1.785,7.021609,7.214020316
1.786,7.165468,7.23391944
1.787,6.717912,7.253621138
1.788,6.578189,7.273124895
1.789,6.502757,7.292430205
1.79,6.553898,7.311536565
1.791,6.601451,7.330443478
1.792,6.366048,7.349150454
1.793,5.924696,7.367657006
1.794,5.424772,7.385962654
1.795,5.273946,7.404066924
1.796,4.956502,7.421969345
1.797,4.731405,7.439669454
1.798,4.621638,7.457166793
1.799,4.367113,7.474460908
1.8,4.412761,7.491551353
1.801,4.683834,7.508437685
1.802,5.112411,7.525119468
1.803,5.557742,7.541596272
1.804,5.9166,7.557867671
1.805,6.207975,7.573933246
1.806,6.490909,7.589792583
1.807,6.808141,7.605445274
1.808,7.12059,7.620890915
1.809,7.472575,7.636129111
1.81,7.668482,7.651159469
1.811,7.792816,7.665981604
1.812,7.719748,7.680595136
1.813,8.302981,7.694999689
1.814,8.283072,7.709194896
1.815,8.788412,7.723180393
1.816,9.20329,7.736955823
1.817,9.287893,7.750520835
1.818,9.047147,7.763875081
1.819,8.748114,7.777018223
1.82,8.312297,7.789949925
1.821,8.318434,7.802669859
1.822,7.6063,7.815177702
1.823,7.346352,7.827473136
1.824,7.159932,7.83955585
1.825,7.148182,7.851425538
1.826,7.102756,7.8630819
1.827,7.262383,7.874524643
1.828,7.549121,7.885753477
1.829,7.942095,7.89676812
1.83,8.324281,7.907568296
1.831,8.596149,7.918153734
1.832,8.772423,7.928524167
1.833,8.815266,7.938679338
1.834,8.699675,7.948618992
1.835,8.426036,7.958342882
1.836,8.104993,7.967850767
1.837,7.775769,7.97714241
1.838,7.523195,7.986217581
1.839,7.249298,7.995076056
1.84,7.234675,8.003717616
1.841,7.284328,8.01214205
1.842,7.363389,8.020349151
1.843,7.528908,8.028338718
1.844,7.596302,8.036110556
1.845,7.699462,8.043664476
1.846,7.467713,8.051000296
1.847,7.286657,8.058117837
1.848,7.081796,8.06501693
1.849,6.58806,8.071697409
1.85,5.953765,8.078159114
1.851,5.353943,8.084401892
1.852,4.828631,8.090425595
1.853,4.361452,8.096230083
1.854,3.992316,8.101815218
1.855,3.715162,8.107180872
1.856,3.546587,8.11232692
1.857,3.629149,8.117253246
1.858,3.856928,8.121959736
1.859,4.407023,8.126446285
1.86,5.064472,8.130712792
1.861,5.606703,8.134759165
1.862,6.172798,8.138585314
1.863,6.430775,8.142191157
1.864,6.688315,8.145576619
1.865,6.956334,8.148741628
1.866,7.262744,8.151686121
1.867,7.532366,8.154410039
1.868,7.658262,8.15691333
1.869,7.622754,8.159195947
1.87,7.484421,8.16125785
1.871,7.293267,8.163099004
1.872,6.923746,8.164719381
1.873,6.730012,8.166118957
1.874,6.546484,8.167297717
1.875,6.453349,8.168255649
1.876,6.568322,8.168992749
1.877,6.46998,8.169509019
1.878,6.314948,8.169804464
1.879,6.118263,8.169879099
1.88,5.965302,8.169732942
1.881,5.779064,8.169366018
1.882,5.691461,8.168778359
1.883,5.720753,8.16797
1.884,5.857837,8.166940986
1.885,6.063884,8.165691365
1.886,6.279022,8.164221192
1.887,6.486348,8.162530527
1.888,6.811158,8.160619437
1.889,7.159805,8.158487995
1.89,7.540064,8.156136279
1.891,7.908567,8.153564373
1.892,8.197935,8.150772369
1.893,8.479072,8.147760362
1.894,8.651255,8.144528454
1.895,8.659614,8.141076755
1.896,8.433946,8.137405377
1.897,8.082337,8.13351444
1.898,7.634352,8.129404072
1.899,7.234787,8.125074403
1.9,6.915098,8.120525571
1.901,6.582787,8.11575772
1.902,6.237462,8.110770999
1.903,5.969885,8.105565564
1.904,5.725623,8.100141576
1.905,5.487865,8.094499202
1.906,5.289043,8.088638615
1.907,5.339928,8.082559994
1.908,5.484546,8.076263524
1.909,5.673919,8.069749396
1.91,5.901484,8.063017805
1.911,6.251258,8.056068954
1.912,6.698779,8.048903051
1.913,7.147984,8.041520311
1.914,7.536312,8.033920953
1.915,7.859087,8.026105202
1.916,7.965408,8.01807329
1.917,7.982292,8.009825455
1.918,7.96796,8.001361939
1.919,7.852651,7.992682991
1.92,7.76263,7.983788866
1.921,7.584669,7.974679824
1.922,7.393134,7.965356131
1.923,7.04899,7.95581806
1.924,6.653019,7.946065888
1.925,6.057749,7.936099898
1.926,5.581638,7.925920379
1.927,5.183236,7.915527627
1.928,4.873143,7.904921942
1.929,4.69752,7.89410363
1.93,6.016554,7.883073003
1.931,5.983418,7.871830379
1.932,5.990364,7.860376082
1.933,6.034092,7.848710441
1.934,6.165985,7.836833789
1.935,6.323068,7.824746468
1.936,6.544704,7.812448824
1.937,6.872505,7.799941209
1.938,7.225165,7.787223979
1.939,6.388745,7.774297497
1.94,6.718874,7.761162133
1.941,6.959387,7.74781826
1.942,8.022247,7.734266258
1.943,7.970081,7.720506512
1.944,7.880584,7.706539414
1.945,7.987421,7.692365358
1.946,8.05224,7.677984749
1.947,8.10237,7.663397992
1.948,8.007086,7.648605501
1.949,7.834211,7.633607694
1.95,7.561071,7.618404996
1.951,7.266327,7.602997835
1.952,7.040461,7.587386647
1.953,6.988726,7.571571873
1.954,7.010947,7.555553957
1.955,7.077434,7.539333352
1.956,7.161883,7.522910513
1.957,7.256616,7.506285904
1.958,7.308472,7.489459991
1.959,7.553206,7.472433248
1.96,7.945824,7.455206152
1.961,8.417749,7.437779188
1.962,8.914863,7.420152843
1.963,9.32522,7.402327613
1.964,9.627992,7.384303998
1.965,9.83194,7.366082501
1.966,10.009768,7.347663633
1.967,10.006851,7.329047909
1.968,9.94104,7.310235851
1.969,9.806924,7.291227984
1.97,9.641077,7.272024839
1.971,9.5191,7.252626952
1.972,9.46616,7.233034866
1.973,9.439948,7.213249127
1.974,9.388795,7.193270286
1.975,9.357873,7.173098902
1.976,9.378481,7.152735535
1.977,9.462373,7.132180754
1.978,9.589222,7.11143513
1.979,9.630986,7.090499242
1.98,9.71995,7.069373672
1.981,9.707109,7.048059007
1.982,9.591918,7.026555841
1.983,9.417959,7.00486477
1.984,9.289075,6.982986398
1.985,9.222863,6.960921332
1.986,9.173418,6.938670185
1.987,9.107348,6.916233575
1.988,9.062495,6.893612124
1.989,9.058455,6.870806459
1.99,9.114763,6.847817213
1.991,9.208177,6.824645024
1.992,9.330026,6.801290533
1.993,9.530764,6.777754387
1.994,9.73166,6.754037239
1.995,9.894859,6.730139744
1.996,9.915189,6.706062564
1.997,9.862928,6.681806366
1.998,9.651191,6.657371821
1.999,9.336144,6.632759603
2,9.037733,6.607970394
2.001,8.826851,6.583004879
2.002,8.697738,6.557863748
2.003,8.575467,6.532547694
2.004,8.447074,6.507057417
2.005,8.332473,6.481393622
2.006,8.201662,6.455557015
2.007,8.183574,6.429548311
2.008,8.002879,6.403368227
2.009,8.024651,6.377017484
2.01,7.939726,6.35049681
2.011,7.680917,6.323806936
2.012,7.290528,6.296948596
2.013,6.914815,6.269922532
2.014,6.562995,6.242729487
2.015,6.337853,6.215370211
2.016,6.278942,6.187845457
2.017,6.420118,6.160155983
2.018,6.688922,6.132302551
2.019,7.021091,6.104285927
2.02,7.389457,6.076106882
2.021,7.780037,6.047766191
2.022,8.065017,6.019264634
2.023,8.347311,5.990602994
2.024,8.719376,5.961782058
2.025,9.126789,5.93280262
2.026,9.566959,5.903665475
2.027,10.141583,5.874371423
2.028,10.455581,5.84492127
2.029,10.511202,5.815315824
2.03,10.57978,5.785555898
2.031,10.579363,5.755642308
2.032,10.475225,5.725575876
2.033,10.306411,5.695357427
2.034,9.991621,5.664987789
2.035,9.597543,5.634467796
2.036,9.100263,5.603798285
2.037,8.533448,5.572980096
2.038,8.145811,5.542014075
2.039,7.720413,5.510901069
2.04,7.381924,5.479641933
2.041,7.161322,5.448237522
2.042,7.107702,5.416688697
2.043,7.2007,5.384996321
2.044,7.319815,5.353161263
2.045,7.436309,5.321184394
2.046,7.51558,5.28906659
2.047,7.706381,5.25680873
2.048,7.896819,5.224411697
2.049,8.161957,5.191876377
2.05,8.500081,5.15920366
2.051,8.619315,5.12639444
2.052,8.839176,5.093449614
2.053,8.919975,5.060370083
2.054,9.314891,5.027156753
2.055,9.358815,4.993810529
2.056,9.12654,4.960332325
2.057,9.145311,4.926723055
2.058,9.116618,4.892983637
2.059,9.127963,4.859114993
2.06,8.923102,4.825118048
2.061,8.678713,4.790993731
2.062,8.464802,4.756742973
2.063,8.310113,4.722366711
2.064,8.145679,4.687865881
2.065,7.972328,4.653241427
2.066,7.72788,4.618494293
2.067,7.470004,4.583625427
2.068,7.281317,4.54863578
2.069,7.113221,4.513526308
2.07,6.948067,4.478297968
2.071,6.687911,4.44295172
2.072,6.379002,4.407488529
2.073,6.042183,4.371909361
2.074,5.704842,4.336215187
2.075,5.370116,4.300406979
2.076,5.029577,4.264485714
2.077,4.631502,4.228452369
2.078,4.16943,4.192307928
2.079,3.710877,4.156053375
2.08,3.33703,4.119689698
2.081,3.096434,4.083217886
2.082,2.902954,4.046638933
2.083,2.738031,4.009953836
2.084,2.600506,3.973163593
2.085,2.517159,3.936269205
2.086,2.589862,3.899271677
2.087,3.161683,3.862172016
2.088,3.576332,3.824971232
2.089,3.875472,3.787670336
2.09,4.044048,3.750270344
2.091,4.03051,3.712772273
2.092,3.675256,3.675177142
2.093,3.575921,3.637485975
2.094,3.41613,3.599699796
2.095,3.353956,3.561819633
2.096,3.150619,3.523846516
2.097,2.90843,3.485781477
2.098,2.663089,3.447625549
2.099,2.564381,3.409379772
2.1,2.587648,3.371045183
2.101,2.662155,3.332622825
2.102,2.712629,3.29411374
2.103,2.71782,3.255518977
2.104,2.755474,3.216839581
2.105,2.829367,3.178076605
2.106,3.022386,3.139231101
2.107,3.229328,3.100304124
2.108,3.333288,3.061296729
2.109,3.305375,3.022209977
2.11,3.166098,2.983044929
2.111,2.98827,2.943802647
2.112,2.851499,2.904484196
2.113,2.805094,2.865090643
2.114,3.017913,2.825623057
2.115,3.127999,2.786082508
2.116,3.138155,2.74647007
2.117,3.293364,2.706786817
2.118,3.54912,2.667033824
2.119,3.888163,2.62721217
2.12,4.106289,2.587322935
2.121,4.428883,2.5473672
2.122,4.681949,2.507346049
2.123,4.848335,2.467260565
2.124,4.896942,2.427111835
2.125,4.795602,2.386900949
2.126,4.511228,2.346628994
2.127,4.076044,2.306297063
2.128,3.569734,2.265906247
2.129,3.107902,2.225457642
2.13,2.793032,2.184952342
2.131,2.625514,2.144391445
2.132,2.579952,2.103776049
2.133,2.582334,2.063107254
2.134,2.615107,2.022386161
2.135,2.665423,1.981613872
2.136,2.734463,1.940791491
2.137,2.77494,1.899920124
2.138,2.715635,1.859000876
2.139,2.464639,1.818034854
2.14,2.187646,1.777023167
2.141,1.829137,1.735966926
2.142,1.454162,1.694867239
2.143,1.227469,1.65372522
2.144,0.990335,1.61254198
2.145,0.898109,1.571318635
2.146,0.918092,1.530056298
2.147,0.944166,1.488756085
2.148,1.069323,1.447419114
2.149,1.312898,1.406046501
2.15,1.581332,1.364639365
2.151,1.95459,1.323198825
2.152,2.271413,1.281726001
2.153,2.437523,1.240222014
2.154,2.441565,1.198687986
2.155,2.315029,1.157125039
2.156,2.179612,1.115534295
2.157,1.974745,1.073916879
2.158,2.092722,1.032273913
2.159,1.932362,0.990606524
2.16,1.715965,0.948915836
2.161,1.402563,0.907202976
2.162,1.139129,0.865469068
2.163,0.844603,0.823715241
2.164,0.685545,0.781942622
2.165,0.638914,0.740152337
2.166,-1.116547,0.698345516
2.167,-0.936604,0.656523285
2.168,-0.868932,0.614686775
2.169,-0.803059,0.572837113
2.17,-0.760705,0.53097543
2.171,-0.690777,0.489102853
2.172,-0.691937,0.447220514
2.173,-0.846864,0.405329541
2.174,-1.146328,0.363431064
2.175,-1.569497,0.321526214
2.176,-1.981712,0.27961612
2.177,-2.538819,0.237701913
2.178,-3.028257,0.195784722
2.179,-3.548043,0.153865677
2.18,-3.919268,0.111945909
2.181,-4.047474,0.070026547
2.182,-3.926656,0.028108721
2.183,-3.52365,-0.013806439
2.184,-2.968817,-0.055717805
2.185,-2.373976,-0.097624246
2.186,-1.742688,-0.139524633
2.187,-1.103631,-0.181417839
2.188,-0.511052,-0.223302734
2.189,-0.044829,-0.26517819
2.19,0.235003,-0.30704308
2.191,0.335034,-0.348896277
2.192,0.375434,-0.390736653
2.193,0.118818,-0.432563081
2.194,0.212632,-0.474374437
2.195,0.32002,-0.516169594
2.196,0.417675,-0.557947428
2.197,0.475811,-0.599706813
2.198,0.552213,-0.641446627
2.199,0.738871,-0.683165746
2.2,1.016719,-0.724863048
2.201,1.326069,-0.76653741
2.202,1.447137,-0.808187712
2.203,1.412881,-0.849812834
2.204,1.285071,-0.891411655
2.205,1.13233,-0.932983057
2.206,0.964029,-0.974525923
2.207,0.815738,-1.016039135
2.208,0.73618,-1.057521577
2.209,0.624483,-1.098972133
2.21,0.433632,-1.140389691
2.211,0.173738,-1.181773135
2.212,-0.106365,-1.223121355
2.213,-0.472485,-1.264433239
2.214,-0.718277,-1.305707676
2.215,-0.815147,-1.346943559
2.216,-0.742356,-1.388139778
2.217,-0.715028,-1.429295228
2.218,-0.762407,-1.470408803
2.219,-0.87487,-1.511479398
2.22,-0.963657,-1.552505911
2.221,-0.87739,-1.59348724
2.222,-0.585427,-1.634422285
2.223,-0.10636,-1.675309945
2.224,0.376182,-1.716149125
2.225,0.78326,-1.756938728
2.226,0.957446,-1.797677658
2.227,1.345168,-1.838364822
2.228,1.375762,-1.878999129
2.229,1.51101,-1.919579488
2.23,1.552861,-1.96010481
2.231,1.529576,-2.000574009
2.232,1.387208,-2.040985998
2.233,1.004776,-2.081339694
2.234,0.394881,-2.121634014
2.235,-0.400745,-2.161867877
2.236,-1.298847,-2.202040206
2.237,-2.224157,-2.242149922
2.238,-3.110865,-2.28219595
2.239,-4.022468,-2.322177217
2.24,-4.457642,-2.362092651
2.241,-4.752727,-2.401941183
2.242,-4.939352,-2.441721744
2.243,-4.929305,-2.481433268
2.244,-4.679409,-2.521074692
2.245,-4.127986,-2.560644953
2.246,-3.285603,-2.600142991
2.247,-2.403272,-2.639567748
2.248,-1.583339,-2.678918169
2.249,-0.889868,-2.718193199
2.25,-0.36817,-2.757391787
2.251,-0.06206,-2.796512883
2.252,0.16089,-2.835555439
2.253,0.184218,-2.874518412
2.254,-0.049325,-2.913400757
2.255,-0.365145,-2.952201434
2.256,-0.766958,-2.990919404
2.257,-1.166172,-3.029553632
2.258,-1.28935,-3.068103084
2.259,-2.119406,-3.106566728
2.26,-2.478139,-3.144943536
2.261,-2.754146,-3.183232481
2.262,-2.856643,-3.221432539
2.263,-2.985351,-3.259542688
2.264,-3.064301,-3.297561909
2.265,-3.006703,-3.335489187
2.266,-2.511282,-3.373323506
2.267,-2.388716,-3.411063855
2.268,-2.375244,-3.448709227
2.269,-2.538097,-3.486258613
2.27,-2.832888,-3.523711013
2.271,-3.218284,-3.561065423
2.272,-3.564241,-3.598320847
2.273,-3.982611,-3.63547629
2.274,-4.3307,-3.672530758
2.275,-4.687024,-3.709483262
2.276,-4.994235,-3.746332816
2.277,-5.098892,-3.783078435
2.278,-4.842012,-3.819719138
2.279,-4.22495,-3.856253947
2.28,-3.410277,-3.892681887
2.281,-2.564692,-3.929001985
2.282,-1.847204,-3.965213273
2.283,-1.290057,-4.001314784
2.284,-0.899037,-4.037305555
2.285,-0.594568,-4.073184625
2.286,-0.36022,-4.108951038
2.287,-0.29474,-4.144603839
2.288,-0.561951,-4.180142078
2.289,-1.17003,-4.215564807
2.29,-1.925335,-4.250871082
2.291,-2.678347,-4.286059961
2.292,-3.325979,-4.321130507
2.293,-3.824931,-4.356081785
2.294,-4.208105,-4.390912862
2.295,-4.552342,-4.425622812
2.296,-4.819382,-4.460210709
2.297,-4.918319,-4.494675632
2.298,-4.757412,-4.529016663
2.299,-4.157086,-4.563232888
2.3,-3.593311,-4.597323394
2.301,-3.052193,-4.631287275
2.302,-2.689248,-4.665123626
2.303,-2.426262,-4.698831547
2.304,-2.342864,-4.73241014
2.305,-2.097096,-4.765858512
2.306,-1.94747,-4.799175772
2.307,-1.939979,-4.832361035
2.308,-1.875145,-4.865413418
2.309,-1.934831,-4.89833204
2.31,-2.127744,-4.931116028
2.311,-2.292336,-4.963764508
2.312,-2.342908,-4.996276614
2.313,-2.568527,-5.028651481
2.314,-2.596009,-5.060888247
2.315,-2.617325,-5.092986058
2.316,-2.770294,-5.124944058
2.317,-2.951959,-5.156761401
2.318,-3.214454,-5.188437239
2.319,-3.513965,-5.219970733
2.32,-3.814999,-5.251361044
2.321,-4.076491,-5.282607339
2.322,-4.412006,-5.313708788
2.323,-4.774016,-5.344664566
2.324,-5.214528,-5.375473851
2.325,-5.809751,-5.406135826
2.326,-6.450332,-5.436649677
2.327,-7.063742,-5.467014594
2.328,-7.635714,-5.497229772
2.329,-8.161592,-5.52729441
2.33,-8.554363,-5.557207711
2.331,-8.784753,-5.586968881
2.332,-9.030282,-5.616577131
2.333,-9.201993,-5.646031678
2.334,-9.327329,-5.675331739
2.335,-9.38166,-5.70447654
2.336,-9.443263,-5.733465307
2.337,-9.558217,-5.762297274
2.338,-9.631667,-5.790971676
2.339,-9.577135,-5.819487754
2.34,-9.439252,-5.847844755
2.341,-9.157747,-5.876041926
2.342,-8.673122,-5.904078522
2.343,-8.057349,-5.9319538
2.344,-7.376984,-5.959667025
2.345,-6.629375,-5.987217462
2.346,-5.355302,-6.014604384
2.347,-4.468446,-6.041827065
2.348,-3.674446,-6.068884788
2.349,-3.069394,-6.095776835
2.35,-2.628312,-6.122502498
2.351,-2.557589,-6.149061069
2.352,-2.882217,-6.175451848
2.353,-3.194633,-6.201674138
2.354,-3.376778,-6.227727245
2.355,-3.438843,-6.253610483
2.356,-3.410035,-6.279323169
2.357,-3.29943,-6.304864624
2.358,-3.029631,-6.330234174
2.359,-2.683189,-6.355431151
2.36,-2.299732,-6.380454889
2.361,-1.991992,-6.40530473
2.362,-1.77299,-6.429980017
2.363,-1.861608,-6.454480102
2.364,-2.2074,-6.478804339
2.365,-2.738406,-6.502952087
2.366,-3.393903,-6.526922711
2.367,-4.123799,-6.550715578
2.368,-4.819745,-6.574330064
2.369,-5.653199,-6.597765547
2.37,-5.952129,-6.62102141
2.371,-5.877323,-6.644097042
2.372,-5.650455,-6.666991836
2.373,-5.285041,-6.689705191
2.374,-4.833673,-6.712236509
2.375,-4.361024,-6.7345852
2.376,-3.923532,-6.756750675
2.377,-3.549206,-6.778732353
2.378,-3.265847,-6.800529657
2.379,-3.08286,-6.822142015
2.38,-2.975735,-6.843568861
2.381,-2.966917,-6.864809631
2.382,-3.02043,-6.885863771
2.383,-3.155393,-6.906730727
2.384,-3.222471,-6.927409953
2.385,-3.230646,-6.947900908
2.386,-3.49616,-6.968203055
2.387,-3.750258,-6.988315863
2.388,-4.023328,-7.008238805
2.389,-4.329097,-7.027971361
2.39,-4.717613,-7.047513015
2.391,-5.021109,-7.066863255
2.392,-5.241887,-7.086021577
2.393,-5.399913,-7.10498748
2.394,-5.535267,-7.123760469
2.395,-5.900106,-7.142340054
2.396,-5.920631,-7.16072575
2.397,-5.83182,-7.178917079
2.398,-5.704231,-7.196913566
2.399,-5.493042,-7.214714742
2.4,-5.32568,-7.232320143
2.401,-5.351658,-7.249729312
2.402,-5.512564,-7.266941795
2.403,-5.498183,-7.283957146
2.404,-5.816257,-7.300774921
2.405,-6.086581,-7.317394684
2.406,-6.349426,-7.333816003
2.407,-6.547286,-7.350038452
2.408,-6.67345,-7.36606161
2.409,-6.811229,-7.381885063
2.41,-6.885845,-7.397508399
2.411,-6.825013,-7.412931214
2.412,-6.683524,-7.42815311
2.413,-6.285567,-7.443173692
2.414,-5.962916,-7.457992573
2.415,-5.625368,-7.472609368
2.416,-5.249705,-7.487023702
2.417,-4.860846,-7.501235202
2.418,-4.893253,-7.515243502
2.419,-4.572921,-7.529048241
2.42,-4.319509,-7.542649064
2.421,-4.273059,-7.55604562
2.422,-3.930033,-7.569237565
2.423,-3.823075,-7.582224561
2.424,-3.802636,-7.595006274
2.425,-3.760665,-7.607582377
2.426,-3.707869,-7.619952547
2.427,-3.530629,-7.632116467
2.428,-3.370078,-7.644073827
2.429,-3.141891,-7.655824322
2.43,-2.847095,-7.66736765
2.431,-2.520052,-7.678703519
2.432,-2.210665,-7.689831639
2.433,-1.944484,-7.700751727
2.434,-1.749963,-7.711463506
2.435,-1.685106,-7.721966704
2.436,-1.643832,-7.732261054
2.437,-1.716591,-7.742346297
2.438,-1.865466,-7.752222177
2.439,-2.080694,-7.761888445
2.44,-2.347477,-7.771344857
2.441,-2.614044,-7.780591176
2.442,-2.871354,-7.789627169
2.443,-3.182913,-7.798452609
2.444,-3.925148,-7.807067276
2.445,-4.365867,-7.815470954
2.446,-4.806856,-7.823663433
2.447,-5.131141,-7.831644511
2.448,-5.27224,-7.839413988
2.449,-5.196616,-7.846971672
2.45,-5.226022,-7.854317377
2.451,-5.394105,-7.861450921
2.452,-5.39164,-7.868372129
2.453,-5.188622,-7.875080831
2.454,-4.720791,-7.881576864
2.455,-3.914598,-7.88786007
2.456,-2.768971,-7.893930295
2.457,-2.043374,-7.899787394
2.458,-1.602783,-7.905431225
2.459,-1.41765,-7.910861653
2.46,-1.361719,-7.916078549
2.461,-1.371066,-7.921081789
2.462,-1.475588,-7.925871255
2.463,-1.6531,-7.930446835
2.464,-1.882101,-7.934808422
2.465,-2.175506,-7.938955916
2.466,-2.575991,-7.942889222
2.467,-3.124019,-7.946608251
2.468,-3.865896,-7.950112919
2.469,-4.795301,-7.953403149
2.47,-7.472987,-7.956478868
2.471,-7.612915,-7.959340012
2.472,-7.627611,-7.961986519
2.473,-7.552445,-7.964418335
2.474,-7.334503,-7.966635411
2.475,-7.406883,-7.968637704
2.476,-7.457181,-7.970425178
2.477,-7.400886,-7.9719978
2.478,-7.205486,-7.973355545
2.479,-6.843438,-7.974498393
2.48,-6.504491,-7.975426331
2.481,-6.261823,-7.976139349
2.482,-6.138887,-7.976637445
2.483,-6.072684,-7.976920623
2.484,-6.022178,-7.976988891
2.485,-5.998655,-7.976842265
2.486,-6.027365,-7.976480764
2.487,-6.094556,-7.975904415
2.488,-6.190819,-7.975113251
2.489,-6.359968,-7.974107309
2.49,-6.518855,-7.972886632
2.491,-6.821359,-7.971451271
2.492,-7.135169,-7.96980128
2.493,-7.536958,-7.96793672
2.494,-7.937574,-7.965857658
2.495,-8.239684,-7.963564167
2.496,-8.434435,-7.961056325
2.497,-8.547601,-7.958334215
2.498,-8.615747,-7.955397927
2.499,-8.689878,-7.952247557
2.5,-8.835965,-7.948883207
2.501,-9.076643,-7.945304982
2.502,-9.343058,-7.941512996
2.503,-9.594173,-7.937507367
2.504,-9.852985,-7.93328822
2.505,-10.096521,-7.928855683
2.506,-10.237721,-7.924209893
2.507,-10.272266,-7.919350992
2.508,-10.080605,-7.914279126
2.509,-9.784402,-7.908994447
2.51,-9.412491,-7.903497115
2.511,-9.184048,-7.897787293
2.512,-8.828713,-7.891865152
2.513,-8.532879,-7.885730867
2.514,-8.012076,-7.879384619
2.515,-7.815091,-7.872826595
2.516,-7.780549,-7.866056988
2.517,-7.8331,-7.859075995
2.518,-7.957553,-7.851883822
2.519,-8.257012,-7.844480677
2.52,-8.423003,-7.836866775
2.521,-8.978305,-7.829042338
2.522,-9.280529,-7.821007592
2.523,-9.50477,-7.81276277
2.524,-9.662184,-7.804308108
2.525,-9.866302,-7.795643851
2.526,-9.970233,-7.786770247
2.527,-10.01603,-7.777687551
2.528,-10.067949,-7.768396024
2.529,-10.069049,-7.75889593
2.53,-10.006844,-7.749187542
2.531,-10.022475,-7.739271136
2.532,-10.078101,-7.729146994
2.533,-10.241628,-7.718815406
2.534,-10.522269,-7.708276665
2.535,-10.787282,-7.697531069
2.536,-10.985185,-7.686578923
2.537,-11.215099,-7.675420538
2.538,-11.396673,-7.66405623
2.539,-11.766482,-7.652486319
2.54,-11.866253,-7.640711132
2.541,-11.851399,-7.628731002
2.542,-11.780325,-7.616546266
2.543,-11.625046,-7.604157268
2.544,-11.357035,-7.591564356
2.545,-11.028514,-7.578767885
2.546,-10.607548,-7.565768213
2.547,-10.144129,-7.552565705
2.548,-9.71123,-7.539160733
2.549,-9.34119,-7.525553672
2.55,-8.990932,-7.511744903
2.551,-8.644984,-7.497734813
2.552,-8.378477,-7.483523793
2.553,-8.229236,-7.469112241
2.554,-8.165693,-7.45450056
2.555,-8.099474,-7.439689157
2.556,-7.915153,-7.424678447
2.557,-7.912935,-7.409468847
2.558,-7.831381,-7.394060782
2.559,-7.723726,-7.378454681
2.56,-7.74531,-7.362650978
2.561,-7.819455,-7.346650114
2.562,-7.895496,-7.330452533
2.563,-7.915634,-7.314058686
2.564,-8.000875,-7.297469029
2.565,-8.182445,-7.280684021
2.566,-8.5201,-7.26370413
2.567,-8.978808,-7.246529827
2.568,-9.520264,-7.229161587
2.569,-10.095358,-7.211599893
2.57,-10.664938,-7.19384523
2.571,-11.212803,-7.175898092
2.572,-11.713158,-7.157758975
2.573,-12.111688,-7.139428381
2.574,-12.279874,-7.120906818
2.575,-12.183646,-7.102194797
2.576,-11.887313,-7.083292837
2.577,-11.498648,-7.064201459
2.578,-11.130787,-7.044921191
2.579,-10.836462,-7.025452565
2.58,-10.592188,-7.00579612
2.581,-10.49494,-6.985952398
2.582,-10.209494,-6.965921946
2.583,-9.950323,-6.945705316
2.584,-9.817398,-6.925303067
2.585,-9.706511,-6.904715761
2.586,-9.689691,-6.883943964
2.587,-9.544986,-6.86298825
2.588,-9.567665,-6.841849195
2.589,-9.529746,-6.820527381
2.59,-9.655403,-6.799023396
2.591,-9.731026,-6.777337831
2.592,-9.733958,-6.755471282
2.593,-9.668167,-6.733424351
2.594,-9.61706,-6.711197645
2.595,-9.633956,-6.688791773
2.596,-9.642779,-6.666207352
2.597,-9.643675,-6.643445002
2.598,-9.631495,-6.620505349
2.599,-9.642581,-6.597389022
2.6,-9.684964,-6.574096656
2.601,-9.703782,-6.550628891
2.602,-9.765833,-6.526986369
2.603,-10.058756,-6.50316974
2.604,-10.072774,-6.479179657
2.605,-10.118537,-6.455016778
2.606,-10.201095,-6.430681765
2.607,-10.27675,-6.406175285
2.608,-10.328568,-6.38149801
2.609,-10.265354,-6.356650615
2.61,-10.181972,-6.331633782
2.611,-10.143646,-6.306448195
2.612,-10.216862,-6.281094544
2.613,-10.351905,-6.255573523
2.614,-10.467386,-6.229885831
2.615,-10.373004,-6.204032169
2.616,-10.332661,-6.178013246
2.617,-10.201679,-6.151829774
2.618,-10.10673,-6.125482467
2.619,-9.793747,-6.098972047
2.62,-9.291699,-6.072299239
2.621,-8.827996,-6.04546477
2.622,-8.158251,-6.018469376
2.623,-7.435114,-5.991313792
2.624,-6.777754,-5.963998761
2.625,-6.231636,-5.936525029
2.626,-5.850563,-5.908893346
2.627,-5.602588,-5.881104467
2.628,-5.591422,-5.85315915
2.629,-5.764698,-5.825058157
2.63,-5.931794,-5.796802257
2.631,-6.446709,-5.768392218
2.632,-7.083174,-5.739828818
2.633,-7.634054,-5.711112833
2.634,-8.082468,-5.682245049
2.635,-8.399107,-5.653226251
2.636,-8.552917,-5.624057232
2.637,-8.710985,-5.594738785
2.638,-8.821577,-5.565271711
2.639,-8.893219,-5.535656811
2.64,-8.930063,-5.505894894
2.641,-8.962316,-5.475986769
2.642,-8.957904,-5.445933251
2.643,-8.957317,-5.415735159
2.644,-8.964416,-5.385393315
2.645,-8.923401,-5.354908545
2.646,-8.896868,-5.324281679
2.647,-8.7958,-5.293513551
2.648,-8.554974,-5.262604998
2.649,-8.172597,-5.23155686
2.65,-7.62536,-5.200369983
2.651,-6.957633,-5.169045216
2.652,-6.365028,-5.137583409
2.653,-5.757601,-5.105985419
2.654,-5.235243,-5.074252105
2.655,-4.803764,-5.042384329
2.656,-4.459329,-5.010382959
2.657,-4.347557,-4.978248864
2.658,-4.602644,-4.945982916
2.659,-4.880933,-4.913585994
2.66,-5.298642,-4.881058978
2.661,-5.818948,-4.84840275
2.662,-6.284275,-4.815618198
2.663,-6.710418,-4.782706214
2.664,-7.053992,-4.749667689
2.665,-7.232459,-4.716503523
2.666,-7.138261,-4.683214614
2.667,-6.934399,-4.649801868
2.668,-6.585481,-4.61626619
2.669,-6.03233,-4.582608492
2.67,-5.371556,-4.548829686
2.671,-4.786315,-4.514930689
2.672,-4.340487,-4.480912421
2.673,-4.092917,-4.446775806
2.674,-3.921643,-4.412521768
2.675,-3.938871,-4.378151237
2.676,-3.966205,-4.343665145
2.677,-4.067482,-4.309064428
2.678,-4.204983,-4.274350024
2.679,-4.355236,-4.239522873
2.68,-4.53389,-4.204583921
2.681,-4.758446,-4.169534113
2.682,-4.995999,-4.1343744
2.683,-5.29862,-4.099105735
2.684,-5.370211,-4.063729074
2.685,-5.527197,-4.028245375
2.686,-5.793438,-3.992655599
2.687,-5.85027,-3.956960711
2.688,-5.918704,-3.921161677
2.689,-6.045853,-3.885259467
2.69,-5.976812,-3.849255054
2.691,-5.924562,-3.813149412
2.692,-5.61421,-3.776943518
2.693,-5.241191,-3.740638354
2.694,-4.801535,-3.704234901
2.695,-4.264272,-3.667734146
2.696,-4.042075,-3.631137075
2.697,-3.252057,-3.594444681
2.698,-3.061474,-3.557657954
2.699,-2.883607,-3.520777892
2.7,-2.731125,-3.483805491
2.701,-2.603673,-3.446741752
2.702,-2.563353,-3.409587677
2.703,-2.532894,-3.372344272
2.704,-2.651584,-3.335012543
2.705,-2.794224,-3.2975935
2.706,-3.060519,-3.260088155
2.707,-3.031325,-3.222497522
2.708,-2.964349,-3.184822617
2.709,-2.879372,-3.147064459
2.71,-2.69058,-3.109224068
2.711,-2.513725,-3.071302467
2.712,-2.276651,-3.033300681
2.713,-1.854489,-2.995219736
2.714,-1.372208,-2.957060663
2.715,-0.86731,-2.918824491
2.716,-0.397846,-2.880512254
2.717,-0.108868,-2.842124987
2.718,0.168077,-2.803663726
2.719,0.175371,-2.765129511
2.72,0.377103,-2.726523381
2.721,0.52568,-2.68784638
2.722,0.700994,-2.649099553
2.723,5.403912,-2.610283944
2.724,0.468673,-2.571400602
2.725,0.317777,-2.532450577
2.726,0.193786,-2.49343492
2.727,0.429298,-2.454354684
2.728,0.169378,-2.415210924
2.729,-0.070747,-2.376004696
2.73,-0.441231,-2.336737059
2.731,-0.660647,-2.29740907
2.732,-0.863622,-2.258021793
2.733,-1.073452,-2.218576289
2.734,-1.129362,-2.179073622
2.735,-1.444455,-2.139514858
2.736,-1.80125,-2.099901064
2.737,-2.070311,-2.060233307
2.738,-2.185007,-2.020512659
2.739,-2.168209,-1.980740189
2.74,-2.004345,-1.940916971
2.741,-1.865394,-1.901044077
2.742,-1.620232,-1.861122583
2.743,-1.220955,-1.821153565
2.744,-0.721782,-1.781138101
2.745,-0.132635,-1.741077267
2.746,0.513318,-1.700972146
2.747,1.105843,-1.660823816
2.748,1.598171,-1.62063336
2.749,1.905062,-1.58040186
2.75,2.042192,-1.540130402
2.751,1.989163,-1.499820068
2.752,1.669407,-1.459471946
2.753,1.212227,-1.419087123
2.754,0.604505,-1.378666685
2.755,0.047758,-1.338211721
2.756,-0.508028,-1.297723321
2.757,-1.059953,-1.257202575
2.758,-1.575646,-1.216650575
2.759,-1.942138,-1.176068411
2.76,-2.185516,-1.135457176
2.761,-2.141133,-1.094817964
2.762,-1.899636,-1.054151868
2.763,-1.66449,-1.013459984
2.764,-1.434106,-0.972743405
2.765,-1.376908,-0.932003228
2.766,-1.377967,-0.89124055
2.767,-1.26682,-0.850456466
2.768,-1.050541,-0.809652075
2.769,-0.938809,-0.768828473
2.77,-0.899548,-0.72798676
2.771,-0.891288,-0.687128033
2.772,-0.891962,-0.646253392
2.773,-0.79955,-0.605363937
2.774,-0.300727,-0.564460766
2.775,0.079322,-0.523544979
2.776,0.199368,-0.482617678
2.777,0.598895,-0.441679962
2.778,0.987488,-0.400732932
2.779,0.874181,-0.359777688
2.78,1.1543,-0.318815333
2.781,1.42734,-0.277846966
2.782,1.613307,-0.236873689
2.783,1.693373,-0.195896603
2.784,2.193507,-0.154916809
2.785,2.182643,-0.113935409
2.786,2.117177,-0.072953504
2.787,2.047547,-0.031972194
2.788,1.952194,0.009007419
2.789,1.744248,0.049984234
2.79,1.772787,0.090957151
2.791,1.700742,0.131925068
2.792,1.725741,0.172886887
2.793,1.682425,0.213841506
2.794,1.846743,0.254787825
2.795,2.11779,0.295724746
2.796,2.414431,0.336651169
2.797,2.773595,0.377565995
2.798,3.177373,0.418468126
2.799,3.595375,0.459356463
2.8,3.940852,0.50022991
2.801,4.17487,0.541087369
2.802,4.196904,0.581927743
2.803,4.103463,0.622749936
2.804,3.598394,0.663552853
2.805,3.388219,0.704335399
2.806,3.161694,0.74509648
2.807,2.881359,0.785835002
2.808,2.955769,0.826549872
2.809,2.803588,0.867239997
2.81,2.79145,0.907904287
2.811,3.038141,0.948541651
2.812,3.34007,0.989150999
2.813,3.800532,1.029731241
2.814,3.981114,1.070281289
2.815,4.294575,1.110800056
2.816,4.382707,1.151286456
2.817,4.513247,1.191739404
2.818,4.623447,1.232157813
2.819,4.439849,1.272540602
2.82,4.209947,1.312886687
2.821,3.744895,1.353194988
2.822,3.168267,1.393464423
2.823,2.224599,1.433693914
2.824,1.722047,1.473882382
2.825,1.378633,1.514028751
2.826,1.088327,1.554131945
2.827,0.837974,1.594190889
2.828,0.662646,1.634204511
2.829,1.134409,1.674171738
2.83,1.350815,1.7140915
2.831,1.812396,1.753962728
2.832,2.096301,1.793784353
2.833,2.874313,1.833555309
2.834,3.339608,1.873274532
2.835,3.720963,1.912940957
2.836,4.08836,1.952553523
2.837,4.43956,1.992111169
2.838,4.727568,2.031612835
2.839,4.908662,2.071057466
2.84,4.963386,2.110444004
2.841,4.904967,2.149771396
2.842,4.779724,2.189038588
2.843,4.539537,2.228244531
2.844,4.408127,2.267388175
2.845,4.296387,2.306468473
2.846,4.148455,2.345484379
2.847,3.99463,2.384434848
2.848,3.915484,2.42331884
2.849,3.905097,2.462135314
2.85,3.924751,2.500883232
2.851,3.969761,2.539561558
2.852,3.990236,2.578169256
2.853,3.80926,2.616705295
2.854,3.504176,2.655168644
2.855,3.110068,2.693558275
2.856,2.756839,2.731873161
2.857,2.591879,2.770112278
2.858,2.575263,2.808274604
2.859,2.712668,2.846359119
2.86,4.229939,2.884364805
2.861,4.670549,2.922290645
2.862,5.075545,2.960135627
2.863,5.566493,2.99789874
2.864,6.055456,3.035578974
2.865,6.493047,3.073175322
2.866,6.749025,3.11068678
2.867,6.454077,3.148112347
2.868,6.051605,3.185451022
2.869,5.415098,3.222701807
2.87,4.648081,3.259863709
2.871,3.860641,3.296935735
2.872,3.136776,3.333916895
2.873,2.659737,3.370806201
2.874,1.998624,3.407602668
2.875,1.433237,3.444305315
2.876,1.23958,3.480913161
2.877,1.097282,3.517425229
2.878,1.27373,3.553840544
2.879,1.604931,3.590158136
2.88,2.026419,3.626377034
2.881,2.590999,3.662496272
2.882,3.273721,3.698514887
2.883,4.016096,3.734431917
2.884,4.766267,3.770246405
2.885,5.446101,3.805957394
2.886,6.006645,3.841563933
2.887,6.390434,3.877065072
2.888,6.589947,3.912459863
2.889,6.626486,3.947747364
2.89,6.596615,3.982926633
2.891,6.549699,4.017996732
2.892,6.525253,4.052956727
2.893,6.679743,4.087805685
2.894,6.939611,4.122542677
2.895,7.166158,4.157166778
2.896,7.352504,4.191677065
2.897,7.51666,4.226072618
2.898,7.598224,4.260352521
2.899,7.570359,4.294515861
2.9,7.369747,4.328561727
2.901,7.022836,4.362489212
2.902,6.556269,4.396297413
2.903,6.043086,4.429985429
2.904,5.600542,4.463552363
2.905,5.375081,4.496997322
2.906,5.281979,4.530319414
2.907,5.249868,4.563517753
2.908,5.30932,4.596591455
2.909,5.479532,4.629539639
2.91,5.600854,4.662361428
2.911,5.705991,4.695055949
2.912,5.846009,4.727622333
2.913,6.003329,4.760059711
2.914,6.119396,4.792367222
2.915,6.177982,4.824544006
2.916,6.255905,4.856589206
2.917,6.345019,4.888501971
2.918,6.4751,4.920281452
2.919,6.558467,4.951926804
2.92,7.050519,4.983437184
2.921,7.089465,5.014811756
2.922,7.025428,5.046049686
2.923,6.859276,5.077150142
2.924,6.699559,5.108112299
2.925,6.566255,5.138935333
2.926,6.537301,5.169618426
2.927,6.513761,5.200160762
2.928,6.4613,5.230561529
2.929,6.176211,5.26081992
2.93,6.385425,5.290935132
2.931,6.756405,5.320906364
2.932,7.202845,5.350732821
2.933,7.657144,5.380413711
2.934,8.017078,5.409948245
2.935,8.245685,5.439335639
2.936,8.290481,5.468575114
2.937,8.213877,5.497665894
2.938,8.128677,5.526607205
2.939,7.960323,5.555398281
2.94,7.679309,5.584038358
2.941,7.272845,5.612526675
2.942,6.841702,5.640862478
2.943,6.490672,5.669045014
2.944,6.297669,5.697073536
2.945,6.268072,5.724947302
2.946,6.305755,5.752665571
2.947,6.36238,5.78022761
2.948,6.36413,5.807632687
2.949,6.311004,5.834880077
2.95,6.236039,5.861969058
2.951,6.208996,5.888898911
2.952,6.231927,5.915668923
2.953,6.273417,5.942278386
2.954,6.248764,5.968726594
2.955,6.187895,5.995012848
2.956,5.938533,6.021136451
2.957,5.978949,6.047096711
2.958,6.111787,6.072892943
2.959,6.367698,6.098524462
2.96,6.98625,6.12399059
2.961,7.410245,6.149290655
2.962,7.865356,6.174423986
2.963,8.284069,6.199389919
2.964,8.69653,6.224187794
2.965,8.977507,6.248816955
2.966,9.150523,6.27327675
2.967,9.296782,6.297566535
2.968,9.399188,6.321685665
2.969,9.479786,6.345633505
2.97,9.488699,6.369409421
2.971,9.44167,6.393012786
2.972,9.414776,6.416442975
2.973,9.290099,6.439699371
2.974,9.219985,6.46278136
2.975,9.129519,6.485688332
2.976,9.004039,6.508419682
2.977,8.845342,6.530974811
2.978,8.613627,6.553353124
2.979,8.423821,6.575554031
2.98,8.331085,6.597576946
2.981,8.409964,6.619421288
2.982,8.298876,6.641086482
2.983,8.085003,6.662571956
2.984,7.845138,6.683877145
2.985,7.629997,6.705001488
2.986,7.450694,6.725944427
2.987,7.379357,6.746705411
2.988,7.46412,6.767283895
2.989,7.638747,6.787679335
2.99,8.214889,6.807891196
2.991,8.39019,6.827918946
2.992,8.553589,6.847762058
2.993,8.796572,6.86742001
2.994,9.207172,6.886892285
2.995,9.773273,6.906178372
2.996,10.455887,6.925277764
2.997,11.149838,6.944189958
2.998,11.791882,6.962914459
2.999,12.16264,6.981450775
3,12.263006,6.999798419
3.001,11.818289,7.01795691
3.002,11.642876,7.035925771
3.003,11.265043,7.053704531
3.004,10.694739,7.071292724
3.005,9.979196,7.08868989
3.006,9.194874,7.105895571
3.007,8.426797,7.122909318
3.008,7.78946,7.139730685
3.009,7.354774,7.156359232
3.01,7.100397,7.172794523
3.011,7.046251,7.189036129
3.012,7.04518,7.205083624
3.013,6.948004,7.22093659
3.014,6.830623,7.236594613
3.015,6.717042,7.252057282
3.016,6.659171,7.267324196
3.017,6.59771,7.282394954
3.018,6.551099,7.297269164
3.019,6.51258,7.311946438
3.02,6.474977,7.326426394
3.021,6.427541,7.340708654
3.022,6.389382,7.354792846
3.023,6.594293,7.368678604
3.024,6.917456,7.382365566
3.025,7.300699,7.395853376
3.026,7.624026,7.409141685
3.027,8.092526,7.422230146
3.028,8.559271,7.43511842
3.029,8.983937,7.447806173
3.03,9.32105,7.460293075
3.031,9.558663,7.472578803
3.032,9.685518,7.484663039
3.033,9.647899,7.496545469
3.034,9.660227,7.508225787
3.035,9.466926,7.51970369
3.036,9.166897,7.530978882
3.037,8.809325,7.542051072
3.038,8.365769,7.552919975
3.039,7.917936,7.56358531
3.04,7.520935,7.574046802
3.041,7.234005,7.584304183
3.042,7.096519,7.594357189
3.043,7.089118,7.604205561
3.044,7.065543,7.613849047
3.045,7.058667,7.6232874
3.046,7.107562,7.632520378
3.047,7.178382,7.641547745
3.048,7.245543,7.65036927
3.049,7.308065,7.658984728
3.05,7.362621,7.6673939
3.051,7.48036,7.675596571
3.052,7.664222,7.683592534
3.053,7.850696,7.691381585
3.054,8.039906,7.698963526
3.055,8.165566,7.706338167
3.056,8.279048,7.71350532
3.057,8.399484,7.720464805
3.058,8.752349,7.727216448
3.059,9.112781,7.733760078
3.06,9.411237,7.740095531
3.061,9.559067,7.74622265
3.062,9.439563,7.752141281
3.063,9.365497,7.757851278
3.064,9.253681,7.763352499
3.065,9.170269,7.768644807
3.066,9.10516,7.773728073
3.067,9.033654,7.778602171
3.068,8.857173,7.783266984
3.069,8.593832,7.787722396
3.07,8.372222,7.791968301
3.071,8.23648,7.796004596
3.072,8.340741,7.799831184
3.073,8.426089,7.803447974
3.074,8.525779,7.806854881
3.075,8.659122,7.810051826
3.076,8.726468,7.813038734
3.077,8.704945,7.815815536
3.078,8.655989,7.81838217
3.079,8.610268,7.820738578
3.08,8.500527,7.822884709
3.081,8.321217,7.824820518
3.082,8.189042,7.826545962
3.083,7.957258,7.828061009
3.084,7.669632,7.829365628
3.085,7.305243,7.830459797
3.086,6.732655,7.831343498
3.087,6.272046,7.832016718
3.088,5.995601,7.832479451
3.089,5.749342,7.832731697
3.09,6.558811,7.832773459
3.091,6.535993,7.832604749
3.092,6.560721,7.832225583
3.093,6.738854,7.831635982
3.094,5.774604,7.830835973
3.095,6.790131,7.82982559
3.096,6.860734,7.828604872
3.097,6.935347,7.827173862
3.098,7.005387,7.82553261
3.099,7.093396,7.823681172
3.1,7.162082,7.821619609
3.101,7.166799,7.819347988
3.102,7.127861,7.816866381
3.103,6.932457,7.814174866
3.104,6.94456,7.811273527
3.105,7.031456,7.808162454
3.106,7.170276,7.80484174
3.107,7.31763,7.801311486
3.108,7.423546,7.797571799
3.109,7.387886,7.793622791
3.11,7.335157,7.789464577
3.111,7.302344,7.785097283
3.112,7.314517,7.780521035
3.113,6.803392,7.775735967
3.114,6.702928,7.770742221
3.115,6.886417,7.76553994
3.116,7.637974,7.760129276
3.117,7.819251,7.754510385
3.118,8.085619,7.748683429
3.119,8.411315,7.742648576
3.12,8.725549,7.736405998
3.121,9.005006,7.729955874
3.122,9.13905,7.723298389
3.123,9.205585,7.716433732
3.124,9.224316,7.709362099
3.125,9.217861,7.70208369
3.126,9.159367,7.694598711
3.127,8.899062,7.686907375
3.128,8.70448,7.679009899
3.129,7.845071,7.670906505
3.13,7.621103,7.662597422
3.131,7.543194,7.654082885
3.132,7.613157,7.645363132
3.133,7.725101,7.636438408
3.134,7.882806,7.627308964
3.135,8.041255,7.617975055
3.136,8.185076,7.608436943
3.137,8.376457,7.598694894
3.138,8.625439,7.58874918
3.139,8.718101,7.57860008
3.14,8.694308,7.568247876
3.141,8.344465,7.557692857
3.142,8.363957,7.546935316
3.143,8.430477,7.535975553
3.144,8.505523,7.524813873
3.145,8.528255,7.513450585
3.146,8.485456,7.501886005
3.147,8.294349,7.490120455
3.148,8.168612,7.478154259
3.149,8.095126,7.46598775
3.15,8.052868,7.453621265
3.151,8.013233,7.441055146
3.152,7.7693,7.42828974
3.153,7.658089,7.4153254
3.154,7.556184,7.402162485
3.155,7.422385,7.388801358
3.156,7.369784,7.375242388
3.157,7.404327,7.361485949
3.158,8.683407,7.34753242
3.159,8.658999,7.333382185
3.16,8.543142,7.319035636
3.161,8.57712,7.304493166
3.162,8.475763,7.289755177
3.163,8.389792,7.274822073
3.164,8.425001,7.259694265
3.165,8.574016,7.24437217
3.166,8.882663,7.228856208
3.167,9.041633,7.213146805
3.168,9.163483,7.197244394
3.169,9.214587,7.18114941
3.17,9.16768,7.164862295
3.171,9.078799,7.148383497
3.172,8.887213,7.131713467
3.173,8.643784,7.114852662
3.174,8.386207,7.097801544
3.175,7.885923,7.08056058
3.176,7.522946,7.063130243
3.177,7.117773,7.045511011
3.178,6.99391,7.027703364
3.179,6.641315,7.009707791
3.18,6.421552,6.991524784
3.181,6.563341,6.97315484
3.182,6.604026,6.954598462
3.183,6.655653,6.935856157
3.184,6.687187,6.916928438
3.185,6.424412,6.89781582
3.186,6.466813,6.878518827
3.187,6.571915,6.859037986
3.188,6.719103,6.839373827
3.189,6.788538,6.819526889
3.19,6.77741,6.799497713
3.191,6.700643,6.779286846
3.192,6.695849,6.758894838
3.193,6.695077,6.738322246
3.194,6.677407,6.71756963
3.195,6.618198,6.696637558
3.196,6.507546,6.675526598
3.197,6.361372,6.654237327
3.198,6.240378,6.632770324
3.199,6.269246,6.611126175
3.2,6.397315,6.589305468
3.201,6.487943,6.567308798
3.202,6.51549,6.545136764
3.203,6.501752,6.522789969
3.204,6.438586,6.500269022
3.205,6.389997,6.477574535
3.206,6.374335,6.454707126
3.207,6.45305,6.431667416
3.208,6.566811,6.408456033
3.209,6.677748,6.385073607
3.21,6.882843,6.361520774
3.211,6.989299,6.337798175
3.212,7.31848,6.313906453
3.213,7.451531,6.289846259
3.214,7.618459,6.265618247
3.215,7.823585,6.241223073
3.216,7.987041,6.216661402
3.217,7.980351,6.191933899
3.218,8.001314,6.167041237
3.219,7.872749,6.141984091
3.22,7.889929,6.116763141
3.221,7.793183,6.091379072
3.222,7.602936,6.065832573
3.223,7.271028,6.040124338
3.224,7.035824,6.014255063
3.225,6.438405,5.98822545
3.226,6.651914,5.962036205
3.227,6.637062,5.935688039
3.228,6.642397,5.909181667
3.229,6.623389,5.882517806
3.23,6.593206,5.855697179
3.231,6.730897,5.828720514
3.232,6.972211,5.801588543
3.233,6.922504,5.774301999
3.234,7.341623,5.746861622
3.235,7.490929,5.719268157
3.236,7.634038,5.69152235
3.237,7.760573,5.663624953
3.238,7.986819,5.635576722
3.239,8.233192,5.607378415
3.24,8.420699,5.579030798
3.241,8.450351,5.550534637
3.242,8.347377,5.521890703
3.243,8.075768,5.493099773
3.244,7.607015,5.464162625
3.245,7.093222,5.435080042
3.246,6.632953,5.405852812
3.247,6.205842,5.376481725
3.248,5.75472,5.346967576
3.249,5.286547,5.317311163
3.25,4.805374,5.287513289
3.251,4.430765,5.25757476
3.252,4.19348,5.227496384
3.253,4.122177,5.197278976
3.254,4.20324,5.166923353
3.255,4.356863,5.136430335
3.256,4.466266,5.105800747
3.257,4.546498,5.075035416
3.258,4.638974,5.044135174
3.259,4.88297,5.013100857
3.26,5.17942,4.981933302
3.261,5.410738,4.950633353
3.262,5.604226,4.919201854
3.263,5.769403,4.887639655
3.264,5.968966,4.855947609
3.265,6.262708,4.824126572
3.266,6.613181,4.792177403
3.267,6.987266,4.760100964
3.268,7.27091,4.727898123
3.269,7.4412,4.695569749
3.27,7.460941,4.663116714
3.271,7.443686,4.630539895
3.272,7.497696,4.597840172
3.273,7.491817,4.565018426
3.274,7.396308,4.532075544
3.275,7.115999,4.499012415
3.276,6.63319,4.465829931
3.277,6.039712,4.432528988
3.278,5.499407,4.399110484
3.279,5.093492,4.365575321
3.28,4.829842,4.331924403
3.281,4.612781,4.298158639
3.282,4.37281,4.26427894
3.283,4.073812,4.230286218
3.284,3.853204,4.196181391
3.285,3.725459,4.161965378
3.286,3.70339,4.127639103
3.287,3.742446,4.093203491
3.288,3.596197,4.05865947
3.289,3.55625,4.024007972
3.29,3.588301,3.98924993
3.291,3.632038,3.954386282
3.292,3.615897,3.919417968
3.293,3.586828,3.88434593
3.294,3.793049,3.849171114
3.295,3.760918,3.813894466
3.296,3.864587,3.778516938
3.297,4.074133,3.743039484
3.298,4.045544,3.707463058
3.299,3.963087,3.67178862
3.3,3.769957,3.636017131
3.301,3.538575,3.600149553
3.302,3.198216,3.564186854
3.303,2.836527,3.528130002
3.304,2.60718,3.491979969
3.305,2.438684,3.455737726
3.306,2.419907,3.419404252
3.307,2.390716,3.382980524
3.308,2.386172,3.346467522
3.309,2.397837,3.30986623
3.31,2.489323,3.273177634
3.311,2.640153,3.236402721
3.312,2.959365,3.19954248
3.313,3.310432,3.162597905
3.314,3.501525,3.125569989
3.315,3.538214,3.08845973
3.316,3.398649,3.051268125
3.317,3.178451,3.013996176
3.318,3.149874,2.976644886
3.319,3.131884,2.93921526
3.32,3.069077,2.901708304
3.321,2.966933,2.864125029
3.322,2.757831,2.826466444
3.323,2.537965,2.788733564
3.324,2.354586,2.750927403
3.325,2.247201,2.713048978
3.326,2.194329,2.675099308
3.327,2.140743,2.637079414
3.328,2.017513,2.598990317
3.329,1.767901,2.560833043
3.33,1.551513,2.522608618
3.331,1.417863,2.484318069
3.332,1.324672,2.445962426
3.333,1.176261,2.407542719
3.334,0.90184,2.369059983
3.335,0.604424,2.330515252
3.336,0.205756,2.291909561
3.337,-0.225738,2.253243948
3.338,-0.646234,2.214519454
3.339,-0.955509,2.175737117
3.34,-1.262537,2.136897982
3.341,-1.534225,2.098003092
3.342,-1.665173,2.059053491
3.343,-1.681607,2.020050226
3.344,-1.553232,1.980994347
3.345,-1.17491,1.941886901
3.346,-0.922091,1.90272894
3.347,-0.702352,1.863521515
3.348,-0.440445,1.824265681
3.349,-0.210166,1.784962491
3.35,-0.254562,1.745613001
3.351,-0.242266,1.706218269
3.352,-0.335175,1.666779352
3.353,-0.44737,1.627297309
3.354,-0.445266,1.587773201
3.355,-0.63351,1.54820809
3.356,-0.692227,1.508603037
3.357,-0.595408,1.468959107
3.358,-0.395876,1.429277363
3.359,-0.178795,1.389558872
3.36,0.044821,1.349804699
3.361,0.189557,1.310015912
3.362,0.244398,1.270193579
3.363,0.1719,1.230338769
3.364,0.007043,1.190452552
3.365,-0.331445,1.150535999
3.366,-0.696611,1.11059018
3.367,-1.037388,1.070616168
3.368,-1.343831,1.030615036
3.369,-1.5628,0.990587857
3.37,-1.702767,0.950535705
3.371,-3.824399,0.910459656
3.372,-3.666058,0.870360784
3.373,-1.578058,0.830240165
3.374,-1.20144,0.790098876
3.375,-0.740816,0.749937994
3.376,-0.414043,0.709758596
3.377,-0.245269,0.66956176
3.378,-0.201126,0.629348565
3.379,-0.243586,0.589120088
3.38,-0.243173,0.548877409
3.381,-0.289556,0.508621608
3.382,-0.342471,0.468353764
3.383,-0.437296,0.428074956
3.384,-0.59679,0.387786266
3.385,-0.882362,0.347488773
3.386,-1.12242,0.307183558
3.387,-1.164536,0.266871702
3.388,-1.228786,0.226554286
3.389,-1.214796,0.186232391
3.39,-1.162459,0.145907097
3.391,-1.183325,0.105579485
3.392,-1.194513,0.065250638
3.393,-1.250899,0.024921635
3.394,-1.338585,-0.015406441
3.395,-1.342461,-0.055732511
3.396,-1.373386,-0.096055493
3.397,-2.296212,-0.136374306
3.398,-2.188382,-0.176687871
3.399,-1.978297,-0.216995106
3.4,-1.729937,-0.257294932
3.401,-1.498006,-0.297586268
3.402,-1.295194,-0.337868036
3.403,-1.194916,-0.378139155
3.404,-1.144108,-0.418398546
3.405,-1.132283,-0.458645132
3.406,-1.087426,-0.498877833
3.407,-1.133214,-0.539095572
3.408,-1.206706,-0.579297272
3.409,-1.344902,-0.619481856
3.41,-1.530066,-0.659648247
3.411,-1.755399,-0.69979537
3.412,-2.054894,-0.739922149
3.413,-2.350227,-0.780027509
3.414,-2.675576,-0.820110377
3.415,-2.919333,-0.860169678
3.416,-3.028616,-0.900204341
3.417,-3.143609,-0.940213294
3.418,-3.281651,-0.980195464
3.419,-3.487659,-1.020149781
3.42,-3.702951,-1.060075177
3.421,-3.902223,-1.09997058
3.422,-3.794733,-1.139834925
3.423,-3.60074,-1.179667143
3.424,-3.271386,-1.219466168
3.425,-2.899872,-1.259230936
3.426,-2.668318,-1.29896038
3.427,-2.414472,-1.338653439
3.428,-2.14,-1.378309049
3.429,-1.81229,-1.417926149
3.43,-1.611974,-1.45750368
3.431,-1.357438,-1.497040582
3.432,-1.211324,-1.536535796
3.433,-1.220348,-1.575988267
3.434,-1.445452,-1.615396938
3.435,-1.847241,-1.654760754
3.436,-2.143052,-1.694078664
3.437,-2.516771,-1.733349615
3.438,-3.013547,-1.772572555
3.439,-3.294614,-1.811746437
3.44,-3.473263,-1.850870211
3.441,-3.556219,-1.889942833
3.442,-3.234669,-1.928963255
3.443,-3.145533,-1.967930435
3.444,-2.877189,-2.00684333
3.445,-2.530145,-2.0457009
3.446,-2.27393,-2.084502106
3.447,-2.208465,-2.123245909
3.448,-2.345767,-2.161931274
3.449,-2.897068,-2.200557166
3.45,-3.739507,-2.239122553
3.451,-4.597718,-2.277626403
3.452,-5.388409,-2.316067687
3.453,-5.956693,-2.354445377
3.454,-6.215859,-2.392758448
3.455,-6.124822,-2.431005874
3.456,-5.793961,-2.469186633
3.457,-5.24144,-2.507299705
3.458,-4.539855,-2.545344072
3.459,-3.625662,-2.583318715
3.46,-2.451663,-2.621222621
3.461,-1.210024,-2.659054776
3.462,-0.070273,-2.696814169
3.463,0.873242,-2.734499791
3.464,1.504484,-2.772110635
3.465,1.776061,-2.809645697
3.466,1.763567,-2.847103972
3.467,1.543424,-2.88448446
3.468,1.203712,-2.921786163
3.469,0.777004,-2.959008084
3.47,0.226959,-2.996149229
3.471,-0.410616,-3.033208605
3.472,-1.069349,-3.070185222
3.473,-1.768579,-3.107078092
3.474,-2.489126,-3.143886231
3.475,-3.102464,-3.180608656
3.476,-3.630906,-3.217244384
3.477,-4.115622,-3.253792438
3.478,-4.340681,-3.290251843
3.479,-4.464869,-3.326621623
3.48,-4.468189,-3.362900808
3.481,-4.725582,-3.39908843
3.482,-5.052985,-3.435183522
3.483,-5.17291,-3.47118512
3.484,-4.907382,-3.507092264
3.485,-4.570265,-3.542903994
3.486,-4.082506,-3.578619354
3.487,-3.597361,-3.614237392
3.488,-3.199642,-3.649757156
3.489,-2.990953,-3.685177699
3.49,-2.82487,-3.720498074
3.491,-2.604627,-3.75571734
3.492,-2.342707,-3.790834555
3.493,-2.242946,-3.825848784
3.494,-2.363774,-3.860759092
3.495,-2.63756,-3.895564547
3.496,-2.956239,-3.930264221
3.497,-3.290334,-3.964857187
3.498,-3.547907,-3.999342523
3.499,-3.593239,-4.033719308
3.5,-3.476555,-4.067986627
3.501,-3.202816,-4.102143563
3.502,-2.754454,-4.136189207
3.503,-2.19969,-4.17012265
3.504,-1.582645,-4.203942987
3.505,-0.946429,-4.237649317
3.506,-0.520567,-4.271240739
3.507,-0.009719,-4.304716359
3.508,0.345331,-4.338075283
3.509,0.497036,-4.371316623
3.51,0.497155,-4.404439491
3.511,0.351966,-4.437443005
3.512,0.069123,-4.470326285
3.513,-0.298094,-4.503088454
3.514,-0.507706,-4.535728638
3.515,-0.647517,-4.568245968
3.516,-0.728061,-4.600639576
3.517,-0.760289,-4.6329086
3.518,-0.690013,-4.665052179
3.519,-0.500508,-4.697069457
3.52,-0.217144,-4.72895958
3.521,-0.065722,-4.760721699
3.522,0.031776,-4.792354967
3.523,0.413058,-4.823858541
3.524,0.462577,-4.855231582
3.525,0.466581,-4.886473254
3.526,0.475779,-4.917582725
3.527,0.43734,-4.948559166
3.528,0.292443,-4.979401751
3.529,0.085521,-5.01010966
3.53,-0.008114,-5.040682075
3.531,0.070588,-5.07111818
3.532,0.264347,-5.101417166
3.533,0.404684,-5.131578226
3.534,0.394407,-5.161600556
3.535,0.106019,-5.191483358
3.536,-0.10953,-5.221225835
3.537,-0.267252,-5.250827195
3.538,-0.352991,-5.280286652
3.539,-0.417125,-5.309603419
3.54,-0.501178,-5.338776718
3.541,-0.508324,-5.367805771
3.542,-0.609658,-5.396689806
3.543,-0.732227,-5.425428055
3.544,-0.815225,-5.454019751
3.545,-0.787579,-5.482464136
3.546,-0.688862,-5.510760451
3.547,-0.549887,-5.538907944
3.548,-0.383245,-5.566905865
3.549,-0.185552,-5.594753471
3.55,-0.022658,-5.622450021
3.551,0.132798,-5.649994777
3.552,0.24589,-5.677387006
3.553,0.052255,-5.704625982
3.554,0.258581,-5.731710978
3.555,0.418975,-5.758641276
3.556,0.396722,-5.785416158
3.557,0.129231,-5.812034913
3.558,-0.303045,-5.838496833
3.559,-0.878326,-5.864801215
3.56,-1.574194,-5.89094736
3.561,-2.229933,-5.916934572
3.562,-3.045496,-5.942762161
3.563,-3.852747,-5.96842944
3.564,-4.375594,-5.993935727
3.565,-5.111605,-6.019280346
3.566,-5.69618,-6.044462621
3.567,-6.402964,-6.069481884
3.568,-6.720621,-6.094337472
3.569,-6.884448,-6.119028722
3.57,-6.901638,-6.14355498
3.571,-6.872502,-6.167915593
3.572,-6.805099,-6.192109916
3.573,-6.803045,-6.216137306
3.574,-6.549061,-6.239997124
3.575,-6.117071,-6.263688737
3.576,-5.997347,-6.287211517
3.577,-5.968188,-6.310564839
3.578,-6.044238,-6.333748082
3.579,-6.132202,-6.356760633
3.58,-6.190778,-6.379601879
3.581,-6.171718,-6.402271215
3.582,-6.086619,-6.42476804
3.583,-5.968579,-6.447091757
3.584,-5.84134,-6.469241773
3.585,-6.112776,-6.491217501
3.586,-6.065857,-6.513018358
3.587,-6.006558,-6.534643766
3.588,-5.86662,-6.556093151
3.589,-5.852307,-6.577365946
3.59,-5.620266,-6.598461586
3.591,-5.41161,-6.619379511
3.592,-5.277919,-6.640119168
3.593,-5.209581,-6.660680007
3.594,-5.174912,-6.681061482
3.595,-5.023463,-6.701263055
3.596,-4.817939,-6.721284189
3.597,-4.444834,-6.741124355
3.598,-3.978236,-6.760783026
3.599,-3.488956,-6.780259684
3.6,-3.129468,-6.79955381
3.601,-3.016241,-6.818664896
3.602,-3.051503,-6.837592435
3.603,-3.27811,-6.856335926
3.604,-3.682058,-6.874894872
3.605,-4.248431,-6.893268784
3.606,-4.903505,-6.911457175
3.607,-5.677695,-6.929459563
3.608,-6.548278,-6.947275473
3.609,-7.439008,-6.964904433
3.61,-8.204945,-6.982345977
3.611,-8.697079,-6.999599645
3.612,-8.878068,-7.01666498
3.613,-8.648316,-7.033541532
3.614,-8.512524,-7.050228853
3.615,-8.361561,-7.066726504
3.616,-8.13354,-7.083034049
3.617,-7.843295,-7.099151057
3.618,-7.478168,-7.115077102
3.619,-7.062527,-7.130811764
3.62,-6.664085,-7.146354628
3.621,-6.375344,-7.161705284
3.622,-6.205876,-7.176863326
3.623,-6.071763,-7.191828355
3.624,-5.824888,-7.206599976
3.625,-5.195917,-7.2211778
3.626,-4.818484,-7.235561442
3.627,-4.397105,-7.249750524
3.628,-4.240648,-7.263744671
3.629,-4.427608,-7.277543515
3.63,-4.648501,-7.291146692
3.631,-4.989547,-7.304553845
3.632,-5.422796,-7.31776462
3.633,-5.931445,-7.33077867
3.634,-6.442517,-7.343595653
3.635,-6.920564,-7.356215231
3.636,-7.108461,-7.368637072
3.637,-7.009698,-7.380860851
3.638,-6.703857,-7.392886245
3.639,-6.167236,-7.40471294
3.64,-5.680912,-7.416340625
3.641,-5.617843,-7.427768993
3.642,-5.281876,-7.438997747
3.643,-4.948162,-7.45002659
3.644,-4.606535,-7.460855235
3.645,-3.991953,-7.471483396
3.646,-3.702216,-7.481910796
3.647,-3.722945,-7.492137162
3.648,-3.988578,-7.502162226
3.649,-4.223371,-7.511985725
3.65,-4.482464,-7.521607404
3.651,-4.717357,-7.53102701
3.652,-4.877279,-7.540244297
3.653,-4.977228,-7.549259025
3.654,-5.00464,-7.558070959
3.655,-4.941268,-7.566679868
3.656,-5.049934,-7.575085529
3.657,-4.871985,-7.583287723
3.658,-5.087521,-7.591286236
3.659,-5.370274,-7.599080859
3.66,-5.686963,-7.606671392
3.661,-6.040277,-7.614057636
3.662,-6.485119,-7.6212394
3.663,-6.876007,-7.628216498
3.664,-7.619752,-7.634988749
3.665,-8.134758,-7.641555979
3.666,-8.593921,-7.647918016
3.667,-8.834003,-7.654074698
3.668,-9.085992,-7.660025866
3.669,-8.872556,-7.665771366
3.67,-8.451318,-7.67131105
3.671,-9.426196,-7.676644777
3.672,-9.039294,-7.681772411
3.673,-8.580694,-7.686693818
3.674,-8.192259,-7.691408875
3.675,-7.899474,-7.695917461
3.676,-7.710203,-7.700219462
3.677,-7.662727,-7.704314768
3.678,-7.777196,-7.708203276
3.679,-7.858969,-7.711884888
3.68,-7.971982,-7.715359511
3.681,-8.217881,-7.718627059
3.682,-8.377511,-7.721687451
3.683,-8.496959,-7.72454061
3.684,-8.538292,-7.727186466
3.685,-7.100389,-7.729624954
3.686,-6.613077,-7.731856016
3.687,-6.317624,-7.733879597
3.688,-6.241006,-7.73569565
3.689,-6.162428,-7.737304131
3.69,-6.069657,-7.738705005
3.691,-5.894056,-7.73989824
3.692,-5.723198,-7.740883809
3.693,-5.501049,-7.741661692
3.694,-5.092038,-7.742231875
3.695,-4.767719,-7.742594349
3.696,-4.344405,-7.742749109
3.697,-3.941057,-7.742696158
3.698,-3.587927,-7.742435503
3.699,-3.137033,-7.741967157
3.7,-2.876939,-7.741291138
3.701,-2.847503,-7.740407472
3.702,-3.008583,-7.739316186
3.703,-5.792471,-7.738017318
3.704,-6.159507,-7.736510907
3.705,-6.616471,-7.734796999
3.706,-6.977518,-7.732875647
3.707,-7.322369,-7.730746908
3.708,-7.64149,-7.728410845
3.709,-7.921672,-7.725867526
3.71,-7.974323,-7.723117025
3.711,-7.915577,-7.720159423
3.712,-7.806148,-7.716994803
3.713,-7.690092,-7.713623258
3.714,-7.560598,-7.710044882
3.715,-7.343179,-7.706259777
3.716,-7.223836,-7.702268051
3.717,-7.152764,-7.698069817
3.718,-7.160131,-7.693665192
3.719,-7.23987,-7.689054301
3.72,-7.363303,-7.684237273
3.721,-7.413194,-7.679214242
3.722,-7.593341,-7.673985349
3.723,-7.488868,-7.66855074
3.724,-7.451081,-7.662910566
3.725,-7.575686,-7.657064983
3.726,-7.877448,-7.651014154
3.727,-8.076099,-7.644758247
3.728,-8.300556,-7.638297435
3.729,-8.387199,-7.631631897
3.73,-8.358188,-7.624761816
3.731,-8.290537,-7.617687383
3.732,-8.238576,-7.610408792
3.733,-8.073656,-7.602926245
3.734,-7.897396,-7.595239946
3.735,-7.637926,-7.587350108
3.736,-7.290222,-7.579256948
3.737,-6.972922,-7.570960687
3.738,-6.703562,-7.562461553
3.739,-6.564569,-7.55375978
3.74,-6.583863,-7.544855606
3.741,-6.750342,-7.535749275
3.742,-7.01775,-7.526441037
3.743,-7.326365,-7.516931145
3.744,-7.534819,-7.507219861
3.745,-7.833036,-7.49730745
3.746,-8.15457,-7.487194182
3.747,-8.482131,-7.476880335
3.748,-8.799147,-7.466366188
3.749,-9.188745,-7.45565203
3.75,-9.521261,-7.444738153
3.751,-9.766266,-7.433624855
3.752,-9.902284,-7.422312437
3.753,-10.010243,-7.410801209
3.754,-9.937032,-7.399091484
3.755,-10.018531,-7.387183581
3.756,-9.789303,-7.375077824
3.757,-9.446252,-7.362774543
3.758,-9.074831,-7.350274071
3.759,-8.677389,-7.33757675
3.76,-8.376848,-7.324682924
3.761,-8.215493,-7.311592944
3.762,-8.21629,-7.298307166
3.763,-8.319001,-7.28482595
3.764,-8.448513,-7.271149663
3.765,-8.67148,-7.257278675
3.766,-8.896353,-7.243213364
3.767,-9.399693,-7.228954111
3.768,-9.720625,-7.214501303
3.769,-10.166517,-7.199855332
3.77,-10.44743,-7.185016596
3.771,-10.465845,-7.169985496
3.772,-10.329238,-7.15476244
3.773,-10.016186,-7.139347841
3.774,-9.887945,-7.123742117
3.775,-9.498762,-7.10794569
3.776,-8.873962,-7.091958988
3.777,-8.449187,-7.075782444
3.778,-8.042411,-7.059416496
3.779,-7.710109,-7.042861587
3.78,-7.693513,-7.026118166
3.781,-7.621695,-7.009186686
3.782,-7.766086,-6.992067604
3.783,-8.065853,-6.974761384
3.784,-8.251913,-6.957268495
3.785,-8.307457,-6.939589408
3.786,-8.405917,-6.921724603
3.787,-8.407364,-6.903674562
3.788,-8.363022,-6.885439774
3.789,-8.299025,-6.86702073
3.79,-8.251158,-6.84841793
3.791,-8.212698,-6.829631876
3.792,-8.159138,-6.810663076
3.793,-7.827319,-6.791512041
3.794,-7.928191,-6.77217929
3.795,-7.820256,-6.752665345
3.796,-7.783105,-6.732970732
3.797,-7.892002,-6.713095983
3.798,-8.088193,-6.693041636
3.799,-8.281366,-6.672808231
3.8,-8.366877,-6.652396315
3.801,-8.267608,-6.631806438
3.802,-8.094049,-6.611039157
3.803,-7.800927,-6.590095032
3.804,-7.354852,-6.568974628
3.805,-7.206503,-6.547678515
3.806,-7.11776,-6.526207267
3.807,-7.130766,-6.504561464
3.808,-7.111498,-6.482741689
3.809,-7.091148,-6.460748531
3.81,-7.055717,-6.438582583
3.811,-7.147369,-6.416244442
3.812,-7.225877,-6.393734712
3.813,-7.396506,-6.371053999
3.814,-7.658321,-6.348202914
3.815,-8.004712,-6.325182073
3.816,-8.206455,-6.301992097
3.817,-8.35525,-6.278633611
3.818,-8.466478,-6.255107244
3.819,-8.474473,-6.23141363
3.82,-8.557805,-6.207553408
3.821,-8.670073,-6.18352722
3.822,-9.025549,-6.159335714
3.823,-8.983538,-6.134979541
3.824,-8.763365,-6.110459358
3.825,-8.33605,-6.085775824
3.826,-7.721397,-6.060929605
3.827,-7.040463,-6.03592137
3.828,-6.429209,-6.010751792
3.829,-5.894895,-5.985421549
3.83,-5.3962,-5.959931323
3.831,-4.937473,-5.9342818
3.832,-4.486559,-5.90847367
3.833,-4.082415,-5.882507629
3.834,-3.452223,-5.856384375
3.835,-3.245957,-5.830104611
3.836,-3.255812,-5.803669045
3.837,-3.496203,-5.777078388
3.838,-3.81858,-5.750333356
3.839,-4.145575,-5.723434668
3.84,-4.593774,-5.696383048
3.841,-4.72429,-5.669179223
3.842,-4.638705,-5.641823927
3.843,-4.753906,-5.614317894
3.844,-4.860295,-5.586661864
3.845,-4.835713,-5.558856582
3.846,-4.616938,-5.530902795
3.847,-4.207056,-5.502801255
3.848,-3.573778,-5.474552719
3.849,-3.064217,-5.446157944
3.85,-2.714648,-5.417617696
3.851,-2.695291,-5.388932742
3.852,-2.682918,-5.360103852
3.853,-2.850195,-5.331131802
3.854,-2.987443,-5.302017371
3.855,-3.297251,-5.272761342
3.856,-3.674001,-5.2433645
3.857,-4.086149,-5.213827637
3.858,-4.522357,-5.184151547
3.859,-4.920563,-5.154337026
3.86,-5.181418,-5.124384876
3.861,-5.265159,-5.094295903
3.862,-5.157269,-5.064070914
3.863,-4.885438,-5.033710723
3.864,-4.721018,-5.003216144
3.865,-4.476331,-4.972587998
3.866,-4.309437,-4.941827107
3.867,-4.17391,-4.910934298
3.868,-4.062971,-4.8799104
3.869,-4.059036,-4.848756248
3.87,-4.173709,-4.817472679
3.871,-4.360297,-4.786060532
3.872,-4.761146,-4.754520651
3.873,-5.283168,-4.722853884
3.874,-5.788583,-4.691061081
3.875,-6.170177,-4.659143097
3.876,-6.505499,-4.627100788
3.877,-6.82011,-4.594935015
3.878,-6.941015,-4.562646641
3.879,-6.854779,-4.530236535
3.88,-6.725274,-4.497705566
3.881,-6.372961,-4.465054607
3.882,-5.85006,-4.432284537
3.883,-5.18984,-4.399396233
3.884,-4.544874,-4.36639058
3.885,-4.028039,-4.333268464
3.886,-3.68115,-4.300030774
3.887,-3.511307,-4.266678401
3.888,-3.530196,-4.233212243
3.889,-3.668465,-4.199633196
3.89,-3.812698,-4.165942162
3.891,-3.954911,-4.132140047
3.892,-4.094247,-4.098227756
3.893,-3.971978,-4.0642062
3.894,-4.149941,-4.030076293
3.895,-4.330539,-3.99583895
3.896,-4.551343,-3.96149509
3.897,-5.022664,-3.927045635
3.898,-5.486891,-3.89249151
3.899,-6.340736,-3.857833641
3.9,-6.856727,-3.823072959
3.901,-7.327899,-3.788210396
3.902,-7.678545,-3.753246888
3.903,-7.951183,-3.718183373
3.904,-8.15938,-3.683020792
3.905,-8.275722,-3.647760088
3.906,-8.093341,-3.612402208
3.907,-7.78611,-3.576948099
3.908,-7.130935,-3.541398713
3.909,-6.372879,-3.505755004
3.91,-5.569977,-3.470017927
3.911,-4.428707,-3.434188442
3.912,-3.941069,-3.398267509
3.913,-3.26588,-3.362256093
3.914,-2.948707,-3.326155158
3.915,-2.635171,-3.289965674
3.916,-2.264782,-3.253688611
3.917,-1.869856,-3.217324942
3.918,-1.824496,-3.180875641
3.919,-1.629277,-3.144341688
3.92,-1.504641,-3.10772406
3.921,-1.371615,-3.071023742
3.922,-1.425696,-3.034241716
3.923,-1.475598,-2.997378968
3.924,-1.284451,-2.960436488
3.925,-1.337442,-2.923415267
3.926,-1.42225,-2.886316295
3.927,-1.532884,-2.84914057
3.928,-1.888792,-2.811889086
3.929,-1.957963,-2.774562843
3.93,-1.951752,-2.737162842
3.931,-1.916685,-2.699690086
3.932,-1.899263,-2.662145578
3.933,-1.984329,-2.624530326
3.934,-2.10035,-2.586845338
3.935,-2.19673,-2.549091624
3.936,-2.31184,-2.511270196
3.937,-2.43698,-2.473382068
3.938,-2.517034,-2.435428256
3.939,-2.546943,-2.397409776
3.94,-2.571106,-2.359327649
3.941,-2.435657,-2.321182895
3.942,-2.177396,-2.282976535
3.943,-1.909014,-2.244709595
3.944,-1.629958,-2.2063831
3.945,-1.416821,-2.167998076
3.946,-1.17749,-2.129555554
3.947,-0.96985,-2.091056562
3.948,-0.754554,-2.052502133
3.949,-0.568843,-2.013893299
3.95,-0.369742,-1.975231096
3.951,0.034304,-1.93651656
3.952,0.269399,-1.897750728
3.953,0.540942,-1.858934638
3.954,0.856321,-1.820069331
3.955,1.036492,-1.781155848
3.956,1.082438,-1.742195232
3.957,1.037267,-1.703188527
3.958,0.842366,-1.664136778
3.959,0.66497,-1.625041031
3.96,0.477931,-1.585902333
3.961,0.277817,-1.546721734
3.962,0.059279,-1.507500283
3.963,-0.154979,-1.46823903
3.964,-0.371367,-1.428939027
3.965,-0.576631,-1.389601328
3.966,-0.706227,-1.350226986
3.967,-1.137054,-1.310817055
3.968,-1.330244,-1.271372592
3.969,-1.587491,-1.231894654
3.97,-1.896939,-1.192384296
3.971,-2.191331,-1.152842579
3.972,-2.461641,-1.11327056
3.973,-2.801029,-1.073669301
3.974,-2.953615,-1.034039861
3.975,-2.987808,-0.994383302
3.976,-2.869475,-0.954700687
3.977,-2.715038,-0.914993077
3.978,-2.593519,-0.875261537
3.979,-2.34734,-0.835507131
3.98,-2.112569,-0.795730923
3.981,-1.980498,-0.755933978
3.982,-1.870378,-0.716117363
3.983,-1.727945,-0.676282143
3.984,-1.54944,-0.636429385
3.985,-1.34896,-0.596560157
3.986,-1.140026,-0.556675526
3.987,-0.905933,-0.516776561
3.988,-0.648417,-0.476864328
3.989,-0.393168,-0.436939899
3.99,-0.141623,-0.39700434
3.991,0.10051,-0.357058722
3.992,0.459423,-0.317104115
3.993,0.823701,-0.277141587
3.994,1.186228,-0.237172209
3.995,1.453289,-0.197197052
3.996,1.619007,-0.157217185
3.997,1.598468,-0.117233678
3.998,1.544327,-0.077247603
3.999,1.484419,-0.03726003
4,1.41013,0.00272797
