time,theta_t,theta_t_fit
0.001,1.722128,0.831409251
0.002,1.952117,1.168096411
0.003,2.317656,1.50404709
0.004,2.780704,1.839049472
0.005,1.203138,2.172892338
0.006,3.644192,2.505365201
0.007,4.151634,2.836258439
0.008,4.863343,3.165363423
0.009,5.372548,3.492472655
0.01,5.659138,3.817379892
0.011,6.095106,4.139880282
0.012,6.209953,4.459770488
0.013,6.258853,4.776848822
0.014,6.171825,5.090915366
0.015,6.121041,5.401772101
0.016,6.060188,5.709223035
0.017,5.9837,6.013074318
0.018,5.922359,6.313134375
0.019,5.872892,6.609214019
0.02,6.093215,6.901126571
0.021,6.764973,7.188687982
0.022,6.978649,7.471716945
0.023,7.555124,7.750035011
0.024,7.893201,8.023466701
0.025,8.298204,8.291839618
0.026,8.696418,8.554984553
0.027,9.229069,8.812735593
0.028,5.739266,9.064930229
0.029,10.629857,9.31140945
0.03,11.286404,9.552017854
0.031,11.89708,9.786603737
0.032,12.543004,10.01501919
0.033,12.672541,10.23712021
0.034,12.902865,10.45276675
0.035,13.107928,10.66182284
0.036,13.164482,10.86415669
0.037,13.355821,11.05964072
0.038,13.473635,11.24815167
0.039,13.59493,11.4295707
0.04,13.811153,11.60378341
0.041,14.085652,11.77067997
0.042,14.277707,11.93015515
0.043,14.591404,12.0821084
0.044,14.927587,12.22644391
0.045,15.211022,12.36307068
0.046,15.375319,12.49190258
0.047,15.759224,12.61285836
0.048,15.983296,12.72586177
0.049,16.152346,12.83084155
0.05,16.253369,12.92773153
0.051,16.447114,13.01647061
0.052,16.590771,13.09700284
0.053,16.6563,13.16927745
0.054,16.763509,13.23324886
0.055,16.815376,13.28887675
0.056,16.802773,13.33612603
0.057,16.864783,13.37496693
0.058,16.860115,13.40537495
0.059,16.683124,13.42733091
0.06,16.447558,13.44082098
0.061,16.258412,13.44583665
0.062,16.189156,13.44237475
0.063,16.16389,13.43043748
0.064,16.145801,13.41003235
0.065,16.014216,13.38117223
0.066,15.856139,13.34387532
0.067,15.569254,13.29816514
0.068,15.112855,13.2440705
0.069,14.590327,13.18162551
0.07,14.244164,13.11086954
0.071,13.809482,13.0318472
0.072,13.268658,12.94460832
0.073,13.02054,12.8492079
0.074,12.76644,12.74570609
0.075,12.512757,12.63416814
0.076,12.174364,12.51466439
0.077,11.891591,12.38727018
0.078,11.512952,12.25206583
0.079,11.18503,12.10913658
0.08,10.998181,11.95857256
0.081,10.91802,11.80046869
0.082,11.132536,11.63492466
0.083,11.168993,11.46204483
0.084,11.392751,11.28193823
0.085,11.68992,11.09471839
0.086,11.959048,10.90050336
0.087,12.200742,10.69941559
0.088,12.429162,10.49158187
0.089,12.613775,10.27713324
0.09,12.710436,10.05620491
0.091,12.709242,9.828936164
0.092,12.546683,9.595470302
0.093,12.148677,9.355954522
0.094,11.566535,9.110539839
0.095,10.821243,8.859380986
0.096,10.069783,8.602636318
0.097,9.194533,8.340467711
0.098,8.587531,8.073040463
0.099,7.669507,7.800523184
0.1,6.361052,7.523087698
0.101,5.310804,7.240908925
0.102,4.373697,6.954164779
0.103,3.727712,6.663036052
0.104,3.374385,6.367706299
0.105,3.271776,6.068361724
0.106,3.510442,5.765191064
0.107,3.45442,5.458385468
0.108,3.659444,5.148138374
0.109,3.89009,4.834645393
0.11,4.117132,4.518104182
0.111,4.305694,4.198714318
0.112,4.343295,3.876677177
0.113,4.173456,3.552195801
0.114,3.841723,3.225474776
0.115,3.45276,2.896720098
0.116,3.03872,2.566139045
0.117,4.418434,2.233940049
0.118,4.417625,1.900332561
0.119,4.292296,1.565526917
0.12,4.216512,1.229734214
0.121,4.202591,0.893166166
0.122,3.44935,0.55603498
0.123,4.229779,0.218553215
0.124,4.201641,-0.119066348
0.125,4.119251,-0.456610839
0.126,3.897281,-0.793867438
0.127,3.722452,-1.130623506
0.128,3.108122,-1.466666719
0.129,2.357293,-1.801785203
0.13,1.470084,-2.135767666
0.131,0.561658,-2.468403534
0.132,-0.34561,-2.79948308
0.133,-1.107218,-3.12879756
0.134,-1.87175,-3.456139341
0.135,-6.515032,-3.781302036
0.136,-7.277426,-4.104080631
0.137,-7.713974,-4.424271614
0.138,-7.955814,-4.741673106
0.139,-8.047252,-5.056084986
0.14,-8.162046,-5.367309019
0.141,-8.213718,-5.675148978
0.142,-8.396833,-5.979410771
0.143,-8.574988,-6.279902563
0.144,-8.652028,-6.576434893
0.145,-8.597633,-6.868820799
0.146,-8.512842,-7.156875933
0.147,-8.479957,-7.440418676
0.148,-8.503124,-7.719270255
0.149,-8.373373,-7.993254857
0.15,-8.224398,-8.262199733
0.151,-7.879769,-8.525935314
0.152,-7.632382,-8.784295318
0.153,-2.937204,-9.037116847
0.154,-2.924661,-9.284240499
0.155,-3.005559,-9.525510463
0.156,-3.293331,-9.760774619
0.157,-3.706226,-9.989884634
0.158,-4.132997,-10.21269605
0.159,-4.539494,-10.4290684
0.16,-5.100286,-10.63886524
0.161,-10.673583,-10.84195431
0.162,-11.243986,-11.03820756
0.163,-11.795894,-11.22750125
0.164,-12.241313,-11.40971602
0.165,-12.745134,-11.58473701
0.166,-13.150407,-11.75245385
0.167,-13.374191,-11.9127608
0.168,-13.415438,-12.06555679
0.169,-13.374675,-12.21074547
0.17,-13.351283,-12.34823532
0.171,-13.227229,-12.47793964
0.172,-13.136089,-12.59977665
0.173,-12.906405,-12.71366954
0.174,-12.879019,-12.81954649
0.175,-12.595914,-12.91734075
0.176,-12.288897,-13.00699067
0.177,-11.980073,-13.08843972
0.178,-11.771598,-13.16163654
0.179,-11.742386,-13.22653498
0.18,-11.923456,-13.28309413
0.181,-12.289855,-13.33127833
0.182,-12.799525,-13.37105719
0.183,-13.328249,-13.40240564
0.184,-13.77491,-13.42530391
0.185,-14.195508,-13.43973756
0.186,-14.571135,-13.44569749
0.187,-14.951582,-13.44317995
0.188,-15.306273,-13.43218652
0.189,-15.50664,-13.41272414
0.19,-15.433066,-13.38480507
0.191,-15.122722,-13.34844691
0.192,-14.732619,-13.3036726
0.193,-14.359084,-13.25051036
0.194,-14.052333,-13.18899371
0.195,-13.777941,-13.11916143
0.196,-13.550773,-13.04105756
0.197,-13.19834,-12.95473134
0.198,-12.807134,-12.8602372
0.199,-12.478894,-12.75763471
0.2,-11.974679,-12.64698857
0.201,-11.510805,-12.52836853
0.202,-10.83946,-12.4018494
0.203,-10.390502,-12.26751093
0.204,-9.966877,-12.12543783
0.205,-9.571932,-11.97571968
0.206,-9.289952,-11.81845087
0.207,-9.288889,-11.65373056
0.208,-9.822231,-11.4816626
0.209,-10.303001,-11.30235549
0.21,-10.8058,-11.11592227
0.211,-11.678034,-10.9224805
0.212,-11.927819,-10.72215213
0.213,-11.97808,-10.51506347
0.214,-11.794087,-10.30134509
0.215,-11.504751,-10.08113175
0.216,-11.07099,-9.854562278
0.217,-10.612679,-9.621779533
0.218,-9.664021,-9.382930283
0.219,-9.07484,-9.138165121
0.22,-8.531213,-8.887638372
0.221,-8.118185,-8.63150799
0.222,-7.927461,-8.369935467
0.223,-8.122909,-8.103085723
0.224,-8.284418,-7.831127005
0.225,-8.574774,-7.554230784
0.226,-8.790623,-7.272571641
0.227,-8.828717,-6.986327161
0.228,-8.661322,-6.695677822
0.229,-8.31841,-6.400806876
0.23,-7.92208,-6.101900239
0.231,-7.486583,-5.799146371
0.232,-7.092091,-5.492736157
0.233,-6.542773,-5.182862788
0.234,-5.986685,-4.869721639
0.235,-5.333874,-4.553510143
0.236,-5.145239,-4.234427672
0.237,-4.580073,-3.912675406
0.238,-4.173449,-3.588456209
0.239,-3.82265,-3.2619745
0.24,-3.434064,-2.933436125
0.241,-3.26718,-2.603048227
0.242,-2.80316,-2.271019114
0.243,-2.293503,-1.93755813
0.244,-1.761173,-1.602875521
0.245,-1.331655,-1.267182303
0.246,-1.033918,-0.930690131
0.247,-0.653082,-0.59361116
0.248,-0.544893,-0.25615792
0.249,-0.511994,0.081456827
0.25,-0.475862,0.419020217
0.251,-0.355384,0.756319414
0.252,-0.358638,1.093141755
0.253,-0.026583,1.429274873
0.254,0.340664,1.764506837
0.255,0.885386,2.098626284
0.256,1.434303,2.431422553
0.257,2.19131,2.762685817
0.258,2.920807,3.092207215
0.259,3.835821,3.419778985
0.26,4.676319,3.745194594
0.261,5.271777,4.068248868
0.262,6.087815,4.388738123
0.263,6.669722,4.70646029
0.264,3.627744,5.021215046
0.265,4.048063,5.332803941
0.266,7.777497,5.641030518
0.267,8.007171,5.94570044
0.268,8.128601,6.246621615
0.269,4.495112,6.543604311
0.27,4.506323,6.836461284
0.271,8.239191,7.125007886
0.272,8.196176,7.409062191
0.273,4.422387,7.688445103
0.274,4.642254,7.962980471
0.275,4.703048,8.232495202
0.276,4.918292,8.496819367
0.277,5.222713,8.755786311
0.278,9.726981,9.009232757
0.279,9.951598,9.256998905
0.28,5.905552,9.498928542
0.281,6.054896,9.73486913
0.282,10.577391,9.964671911
0.283,6.48891,10.18819199
0.284,6.775279,10.40528845
0.285,11.857434,10.6158244
0.286,12.155485,10.8196671
0.287,12.373883,11.01668803
0.288,12.619559,11.20676297
0.289,13.14384,11.38977208
0.29,13.665134,11.56559996
0.291,14.128566,11.73413577
0.292,14.451223,11.89527324
0.293,14.586861,12.04891077
0.294,14.607684,12.1949515
0.295,14.635497,12.33330334
0.296,14.695027,12.46387907
0.297,14.735338,12.58659636
0.298,14.813646,12.70137783
0.299,15.181821,12.80815112
0.3,15.5204,12.90684891
0.301,15.964264,12.99740896
0.302,16.344771,13.07977419
0.303,16.585611,13.15389265
0.304,16.636614,13.21971762
0.305,16.551006,13.27720759
0.306,16.454043,13.32632632
0.307,16.20577,13.36704284
0.308,15.917934,13.39933147
0.309,15.622348,13.42317187
0.31,15.359717,13.43854899
0.311,15.205965,13.44545314
0.312,15.000597,13.44387997
0.313,14.80441,13.43383047
0.314,14.599934,13.41531098
0.315,14.374942,13.38833318
0.316,14.10952,13.35291406
0.317,13.801928,13.30907597
0.318,13.518735,13.25684655
0.319,13.10548,13.19625872
0.32,12.648834,13.12735068
0.321,12.089715,13.05016589
0.322,11.461343,12.964753
0.323,10.921584,12.87116587
0.324,10.434255,12.76946351
0.325,10.074016,12.65971004
0.326,9.883366,12.54197465
0.327,9.814208,12.41633158
0.328,9.79291,12.28286005
0.329,9.747368,12.14164422
0.33,9.564767,11.9927731
0.331,9.292435,11.83634058
0.332,8.955618,11.67244528
0.333,8.820865,11.50119053
0.334,8.721082,11.32268432
0.335,8.646694,11.13703918
0.336,8.574577,10.94437217
0.337,8.506554,10.74480477
0.338,8.526267,10.53846279
0.339,8.64755,10.32547634
0.34,8.885265,10.10597971
0.341,9.163208,9.880111289
0.342,9.433323,9.648013482
0.343,9.485879,9.40983263
0.344,9.562431,9.165718904
0.345,9.653061,8.915826218
0.346,9.471375,8.660312128
0.347,9.087314,8.399337735
0.348,8.665589,8.133067582
0.349,7.845622,7.861669554
0.35,7.033128,7.585314764
0.351,6.420735,7.304177454
0.352,5.935943,7.018434881
0.353,5.524624,6.728267203
0.354,5.252733,6.433857372
0.355,4.972804,6.135391011
0.356,4.941877,5.833056304
0.357,4.799877,5.52704387
0.358,4.737935,5.217546651
0.359,4.47748,4.904759783
0.36,4.399129,4.588880477
0.361,4.184882,4.270107895
0.362,3.881712,3.948643022
0.363,3.583143,3.62468854
0.364,3.173933,3.298448702
0.365,2.684003,2.970129201
0.366,2.140418,2.639937042
0.367,1.489331,2.30808041
0.368,0.849154,1.97476854
0.369,0.208746,1.640211583
0.37,-0.370835,1.304620478
0.371,-0.905206,0.968206813
0.372,-1.365611,0.631182696
0.373,-1.820615,0.293760621
0.374,-2.159189,-0.04384667
0.375,-2.37988,-0.381426316
0.376,-2.466289,-0.718765473
0.377,-2.485549,-1.055651451
0.378,0.684942,-1.391871843
0.379,0.833459,-1.727214664
0.38,0.928455,-2.061468481
0.381,1.020189,-2.394422548
0.382,1.078593,-2.725866938
0.383,1.050607,-3.055592677
0.384,0.911267,-3.383391873
0.385,0.906611,-3.709057849
0.386,0.581621,-4.032385275
0.387,0.30357,-4.353170293
0.388,-0.167871,-4.671210649
0.389,-0.60416,-4.98630582
0.39,-1.160504,-5.298257138
0.391,-1.660826,-5.606867921
0.392,-2.099455,-5.911943588
0.393,-2.530446,-6.213291791
0.394,-2.811238,-6.510722531
0.395,-3.109875,-6.804048279
0.396,-3.349252,-7.093084093
0.397,-3.555992,-7.377647736
0.398,-3.746591,-7.657559794
0.399,-3.852234,-7.932643781
0.4,-3.998056,-8.202726258
0.401,-4.096347,-8.467636939
0.402,-4.284036,-8.727208798
0.403,-4.355939,-8.981278176
0.404,-4.325581,-9.229684883
0.405,-4.134236,-9.472272299
0.406,-4.045377,-9.708887474
0.407,-3.958084,-9.939381222
0.408,-3.903511,-10.16360822
0.409,-3.890497,-10.38142709
0.41,-3.834069,-10.59270049
0.411,-4.022631,-10.79729523
0.412,-4.337497,-10.99508231
0.413,-4.586078,-11.18593701
0.414,-4.844783,-11.36973901
0.415,-4.98889,-11.54637243
0.416,-5.141713,-11.71572589
0.417,-5.302361,-11.87769261
0.418,-5.464742,-12.03217048
0.419,-5.642307,-12.17906211
0.42,-11.236983,-12.31827486
0.421,-11.340882,-12.44972098
0.422,-11.498382,-12.57331759
0.423,-11.717905,-12.68898675
0.424,-12.016467,-12.79665554
0.425,-12.465709,-12.89625608
0.426,-12.912402,-12.98772556
0.427,-13.451167,-13.07100631
0.428,-13.955906,-13.14604584
0.429,-14.393512,-13.21279681
0.43,-14.945699,-13.27121716
0.431,-15.204953,-13.32127004
0.432,-15.502469,-13.3629239
0.433,-15.704884,-13.39615247
0.434,-15.845731,-13.4209348
0.435,-15.944861,-13.43725527
0.436,-15.886967,-13.44510358
0.437,-15.653236,-13.4444748
0.438,-15.476453,-13.43536931
0.439,-15.2543,-13.41779286
0.44,-14.957371,-13.39175653
0.441,-14.584201,-13.35727673
0.442,-14.165404,-13.31437521
0.443,-13.736393,-13.26307901
0.444,-13.331322,-13.20342047
0.445,-12.889445,-13.13543722
0.446,-12.628107,-13.05917211
0.447,-12.52334,-12.97467322
0.448,-12.61912,-12.88199384
0.449,-12.771322,-12.7811924
0.45,-13.06966,-12.67233245
0.451,-13.09166,-12.55548264
0.452,-13.010496,-12.43071662
0.453,-12.809031,-12.29811307
0.454,-12.557169,-12.1577556
0.455,-12.327371,-12.00973269
0.456,-12.108407,-11.85413768
0.457,-11.862752,-11.69106867
0.458,-11.562996,-11.52062848
0.459,-11.192985,-11.34292456
0.46,-10.822399,-11.15806895
0.461,-10.443224,-10.96617822
0.462,-10.080086,-10.76737334
0.463,-9.803861,-10.56177966
0.464,-9.575441,-10.3495268
0.465,-9.463131,-10.1307486
0.466,-9.200563,-9.905582995
0.467,-9.191832,-9.674171943
0.468,-8.903478,-9.436661352
0.469,-8.623434,-9.193200972
0.47,-8.398548,-8.943944304
0.471,-8.209218,-8.689048505
0.472,-8.453382,-8.428674284
0.473,-8.220962,-8.162985807
0.474,-7.96077,-7.89215059
0.475,-7.443685,-7.616339395
0.476,-7.118307,-7.335726118
0.477,-6.731199,-7.050487686
0.478,-6.233204,-6.760803941
0.479,-5.681497,-6.466857528
0.48,-5.143032,-6.168833779
0.481,-4.617507,-5.866920597
0.482,-4.060253,-5.561308339
0.483,-3.637604,-5.25218969
0.484,-2.995157,-4.939759551
0.485,-2.316641,-4.624214907
0.486,-1.456745,-4.305754708
0.487,-0.538116,-3.984579743
0.488,0.344361,-3.660892511
0.489,1.139943,-3.334897096
0.49,1.571544,-3.006799038
0.491,2.114883,-2.676805202
0.492,2.527145,-2.345123647
0.493,2.911355,-2.011963499
0.494,3.146381,-1.677534812
0.495,3.25778,-1.342048445
0.496,3.2398,-1.00571592
0.497,3.110409,-0.668749294
0.498,2.754451,-0.331361023
0.499,2.495312,0.006236169
0.5,2.399715,0.34382943
0.501,2.336367,0.681205908
0.502,2.271458,1.018152887
0.503,2.258998,1.354457923
0.504,2.260385,1.689908978
0.505,2.244151,2.024294549
0.506,2.34896,2.357403809
0.507,2.486034,2.689026732
0.508,2.610543,3.018954231
0.509,2.857866,3.346978287
0.51,3.085858,3.672892083
0.511,0.437191,3.996490131
0.512,0.732262,4.317568403
0.513,4.382905,4.63592446
0.514,1.201559,4.951357579
0.515,1.472491,5.263668881
0.516,1.80543,5.572661454
0.517,2.23353,5.87814048
0.518,2.688942,6.179913354
0.519,3.128388,6.47778981
0.52,3.600988,6.771582037
0.521,4.058034,7.061104801
0.522,4.768768,7.346175557
0.523,5.450042,7.62661457
0.524,10.764052,7.902245024
0.525,11.555682,8.172893134
0.526,12.187168,8.438388258
0.527,12.885353,8.698563001
0.528,13.56976,8.953253324
0.529,13.896979,9.202298645
0.53,14.094059,9.445541943
0.531,14.089682,9.682829853
0.532,13.997323,9.914012765
0.533,13.762768,10.13894492
0.534,13.617713,10.3574845
0.535,13.480791,10.56949371
0.536,13.299915,10.77483888
0.537,8.467136,10.97339055
0.538,8.398946,11.16502353
0.539,8.431882,11.34961699
0.54,8.534973,11.52705455
0.541,8.654176,11.69722433
0.542,8.690787,11.86001905
0.543,8.877412,12.01533605
0.544,13.907269,12.16307742
0.545,13.906881,12.30315001
0.546,14.028408,12.43546549
0.547,9.095337,12.55994044
0.548,9.148424,12.67649639
0.549,9.268956,12.78505984
0.55,14.437738,12.88556234
0.551,14.6969,12.97794053
0.552,14.877726,13.06213617
0.553,14.915033,13.13809617
0.554,14.771967,13.20577263
0.555,14.628985,13.2651229
0.556,14.310392,13.31610953
0.557,13.818917,13.3587004
0.558,13.39862,13.39286864
0.559,13.043135,13.41859272
0.56,12.823025,13.43585641
0.561,12.702617,13.44464883
0.562,12.657274,13.44496444
0.563,12.70382,13.43680303
0.564,12.883542,13.42016976
0.565,13.05308,13.39507511
0.566,13.245418,13.36153489
0.567,13.463392,13.31957027
0.568,13.690599,13.2692077
0.569,13.813809,13.21047893
0.57,13.870005,13.14342098
0.571,13.866107,13.06807615
0.572,13.882414,12.98449193
0.573,13.817508,12.89272102
0.574,13.734174,12.79282129
0.575,13.670795,12.68485572
0.576,13.661436,12.56889238
0.577,13.585371,12.4450044
0.578,13.407424,12.31326987
0.579,12.987579,12.17377185
0.58,12.455837,12.02659831
0.581,11.838635,11.87184203
0.582,11.210925,11.70960059
0.583,10.663711,11.53997628
0.584,10.320205,11.36307604
0.585,10.05688,11.17901142
0.586,10.097447,10.98789846
0.587,10.043492,10.78985766
0.588,10.082523,10.58501389
0.589,10.180755,10.37349629
0.59,10.257166,10.15543823
0.591,10.205721,9.930977197
0.592,9.947291,9.70025471
0.593,9.503679,9.463416239
0.594,8.921765,9.22061111
0.595,8.3087,8.971992412
0.596,7.701494,8.717716896
0.597,7.027272,8.457944885
0.598,6.455149,8.192840163
0.599,6.347602,7.922569877
0.6,5.94441,7.647304433
0.601,5.675234,7.367217385
0.602,5.606263,7.082485327
0.603,5.692325,6.793287781
0.604,5.846933,6.499807086
0.605,5.839385,6.20222828
0.606,5.726978,5.900738987
0.607,5.509036,5.595529294
0.608,5.247415,5.286791635
0.609,4.941462,4.974720669
0.61,4.506846,4.659513155
0.611,3.916063,4.341367831
0.612,3.195566,4.020485287
0.613,2.89964,3.697067838
0.614,1.987985,3.371319397
0.615,1.417733,3.043445349
0.616,1.031413,2.713652417
0.617,1.651507,2.382148535
0.618,1.701027,2.049142715
0.619,-0.115088,1.714844916
0.62,2.418971,1.379465912
0.621,1.208422,1.043217158
0.622,1.381324,0.706310659
0.623,1.626727,0.368958833
0.624,1.265516,0.03137438
0.625,1.344808,-0.306229855
0.626,0.276838,-0.643641013
0.627,-0.117847,-0.980646357
0.628,-0.579887,-1.317033406
0.629,0.740243,-1.652590069
0.63,0.131163,-1.987104779
0.631,1.064844,-2.320366625
0.632,0.584383,-2.652165486
0.633,0.045752,-2.982292164
0.634,-0.437615,-3.310538514
0.635,-0.515319,-3.63669758
0.636,-0.770807,-3.960563718
0.637,-0.726123,-4.281932731
0.638,-0.802482,-4.600601998
0.639,-0.845874,-4.916370597
0.64,-0.797633,-5.229039439
0.641,-0.604163,-5.538411386
0.642,-0.494146,-5.844291379
0.643,-0.446145,-6.146486563
0.644,-0.471137,-6.444806405
0.645,-0.570219,-6.739062813
0.646,-0.676886,-7.029070261
0.647,-0.90411,-7.3146459
0.648,-1.357357,-7.595609675
0.649,-1.586041,-7.871784438
0.65,-1.921309,-8.142996064
0.651,-2.223666,-8.409073553
0.652,-2.470279,-8.669849144
0.653,-2.64901,-8.925158419
0.654,-2.644732,-9.174840407
0.655,-2.675172,-9.418737683
0.656,-2.851806,-9.656696471
0.657,-3.014646,-9.888566738
0.658,-3.087697,-10.11420229
0.659,-3.113317,-10.33346087
0.66,-3.146761,-10.54620423
0.661,-3.1502,-10.75229823
0.662,-3.259365,-10.95161294
0.663,-3.489888,-11.14402269
0.664,-3.642675,-11.32940617
0.665,-9.406376,-11.50764648
0.666,-9.895314,-11.67863126
0.667,-10.506455,-11.84225269
0.668,-11.161513,-11.99840761
0.669,-11.638666,-12.14699757
0.67,-12.166905,-12.28792888
0.671,-12.558705,-12.42111269
0.672,-12.914891,-12.54646502
0.673,-13.121807,-12.66390684
0.674,-13.217256,-12.7733641
0.675,-6.931798,-12.87476779
0.676,-6.936511,-12.96805397
0.677,-13.07231,-13.05316383
0.678,-12.863455,-13.13004371
0.679,-12.652842,-13.19864513
0.68,-12.536328,-13.25892484
0.681,-12.544242,-13.31084484
0.682,-6.963376,-13.35437238
0.683,-7.434339,-13.38948003
0.684,-13.608289,-13.41614565
0.685,-14.059502,-13.43435243
0.686,-14.30993,-13.44408889
0.687,-14.45983,-13.44534888
0.688,-14.724755,-13.43813162
0.689,-14.958337,-13.42244165
0.69,-15.154851,-13.39828887
0.691,-9.916185,-13.36568851
0.692,-10.158616,-13.32466112
0.693,-10.309162,-13.27523257
0.694,-15.615827,-13.21743401
0.695,-15.733509,-13.15130191
0.696,-15.955345,-13.07687794
0.697,-16.168732,-12.99420904
0.698,-16.296397,-12.90334732
0.699,-16.353106,-12.80435008
0.7,-16.211428,-12.69727974
0.701,-15.93822,-12.58220379
0.702,-15.488394,-12.4591948
0.703,-14.854805,-12.32833032
0.704,-14.063822,-12.18969286
0.705,-13.202235,-12.04336984
0.706,-12.405274,-11.8894535
0.707,-11.686271,-11.72804089
0.708,-11.110347,-11.55923379
0.709,-10.614058,-11.38313862
0.71,-10.230451,-11.19986642
0.711,-9.909874,-11.00953273
0.712,-9.643171,-10.81225756
0.713,-9.432127,-10.60816529
0.714,-9.313294,-10.39738461
0.715,-9.439388,-10.1800484
0.716,-9.374067,-9.956293697
0.717,-9.495769,-9.72626158
0.718,-9.220642,-9.490097082
0.719,-8.861499,-9.247949104
0.72,-8.224187,-8.99997032
0.721,-7.543503,-8.746317079
0.722,-6.855468,-8.487149309
0.723,-6.178505,-8.222630415
0.724,-5.51695,-7.952927176
0.725,-5.449318,-7.678209638
0.726,-4.97487,-7.39865101
0.727,-4.54506,-7.114427552
0.728,-4.193273,-6.825718468
0.729,-3.958712,-6.532705787
0.73,-3.846401,-6.235574254
0.731,-3.895416,-5.934511208
0.732,-3.832124,-5.629706469
0.733,-3.716297,-5.321352215
0.734,-3.443989,-5.009642864
0.735,-3.049489,-4.694774947
0.736,-2.68308,-4.376946987
0.737,-2.235766,-4.056359374
0.738,-1.847567,-3.733214238
0.739,-1.515354,-3.40771532
0.74,-1.255431,-3.080067848
0.741,-0.99598,-2.750478401
0.742,-0.850456,-2.419154785
0.743,-0.603019,-2.086305899
0.744,-0.444255,-1.752141602
0.745,-0.450817,-1.416872585
0.746,-0.515772,-1.080710234
0.747,-0.544041,-0.743866498
0.748,-0.513532,-0.406553757
0.749,-0.576091,-0.068984684
0.75,-0.403436,0.268627884
0.751,1.279295,0.606071082
0.752,1.64225,0.943132154
0.753,2.05304,1.279598584
0.754,2.568642,1.61525823
0.755,3.256698,1.949899461
0.756,4.17104,2.283311285
0.757,4.798749,2.615283488
0.758,5.812584,2.945606762
0.759,6.730997,3.274072839
0.76,7.789369,3.600474622
0.761,8.726903,3.924606316
0.762,9.447924,4.246263557
0.763,10.148318,4.56524354
0.764,10.770597,4.881345149
0.765,11.233256,5.194369084
0.766,11.530383,5.504117984
0.767,11.792022,5.810396552
0.768,11.879135,6.113011681
0.769,11.866434,6.411772574
0.77,11.544001,6.706490861
0.771,11.289396,6.996980725
0.772,11.121993,7.283059011
0.773,10.940777,7.564545349
0.774,10.835412,7.841262262
0.775,10.863704,8.113035281
0.776,10.901433,8.379693053
0.777,11.034443,8.641067452
0.778,11.540977,8.896993682
0.779,12.226557,9.147310382
0.78,13.059441,9.391859728
0.781,13.848997,9.630487533
0.782,14.429433,9.863043341
0.783,14.94688,10.08938053
0.784,15.171567,10.30935639
0.785,14.765244,10.52283223
0.786,14.387094,10.72967345
0.787,14.036735,10.92974965
0.788,14.111266,11.12293466
0.789,13.980131,11.3091067
0.79,14.088023,11.48814838
0.791,14.305651,11.65994681
0.792,14.531126,11.82439367
0.793,14.897639,11.98138529
0.794,15.312584,12.13082268
0.795,15.871305,12.27261162
0.796,16.342439,12.40666271
0.797,16.682906,12.53289143
0.798,16.748391,12.6512182
0.799,16.49721,12.76156842
0.8,15.923208,12.8638725
0.801,15.109966,12.95806594
0.802,14.371155,13.04408936
0.803,13.741886,13.12188851
0.804,12.84059,13.19141435
0.805,12.325669,13.25262304
0.806,12.01717,13.30547599
0.807,11.971855,13.34993988
0.808,12.12678,13.38598666
0.809,12.411454,13.41359361
0.81,12.791575,13.43274333
0.811,13.044907,13.44342375
0.812,13.4154,13.44562812
0.813,13.629958,13.43935506
0.814,13.730394,13.42460853
0.815,14.054149,13.40139781
0.816,14.03892,13.36973755
0.817,13.828508,13.32964771
0.818,13.543907,13.28115357
0.819,13.137607,13.22428569
0.82,12.683309,13.15907993
0.821,12.613524,13.08557742
0.822,12.821952,13.00382448
0.823,13.201963,12.91387267
0.824,13.91192,12.81577869
0.825,14.597829,12.70960441
0.826,15.035142,12.59541675
0.827,15.298119,12.47328772
0.828,15.452995,12.34329431
0.829,16.031276,12.20551849
0.83,16.003133,12.06004713
0.831,15.816057,11.90697194
0.832,15.516013,11.74638943
0.833,15.153409,11.57840086
0.834,14.737988,11.40311214
0.835,13.855205,11.22063379
0.836,13.610095,11.03108086
0.837,13.415757,10.83457287
0.838,13.088051,10.6312337
0.839,12.71108,10.42119158
0.84,12.083599,10.20457892
0.841,11.433686,9.981532297
0.842,10.822225,9.75219235
0.843,10.264845,9.516703673
0.844,9.671272,9.27521474
0.845,9.165002,9.02787781
0.846,8.656321,8.774848828
0.847,8.192911,8.516287328
0.848,7.795857,8.252356333
0.849,7.450687,7.983222249
0.85,6.820362,7.709054766
0.851,6.508186,7.430026745
0.852,6.137395,7.146314113
0.853,5.675811,6.85809575
0.854,5.436828,6.565553376
0.855,5.131354,6.268871439
0.856,4.949381,5.968236995
0.857,4.999447,5.663839595
0.858,5.327751,5.35587116
0.859,5.836593,5.044525862
0.86,6.278451,4.730000005
0.861,6.584303,4.412491896
0.862,6.842653,4.092201723
0.863,6.869438,3.769331429
0.864,6.765454,3.444084581
0.865,6.52775,3.116666247
0.866,6.143595,2.787282864
0.867,6.135942,2.456142107
0.868,5.69777,2.123452758
0.869,5.272013,1.789424579
0.87,4.503557,1.454268173
0.871,3.908511,1.118194854
0.872,3.44183,0.781416517
0.873,3.050963,0.444145499
0.874,2.717498,0.106594448
0.875,1.710092,-0.23102381
0.876,1.319356,-0.568496409
0.877,1.723187,-0.905610572
0.878,-0.62133,-1.24215375
0.879,-0.916681,-1.577913753
0.88,1.253361,-1.912678886
0.881,0.923527,-2.246238081
0.882,0.577105,-2.578381028
0.883,-0.795026,-2.908898314
0.884,0.815139,-3.237581547
0.885,1.397092,-3.564223494
0.886,1.15751,-3.888618208
0.887,0.884294,-4.210561158
0.888,0.775907,-4.529849362
0.889,0.592878,-4.846281508
0.89,0.425913,-5.159658087
0.891,0.307518,-5.469781516
0.892,0.290965,-5.776456263
0.893,0.147336,-6.079488969
0.894,-0.046084,-6.378688575
0.895,-0.269464,-6.673866436
0.896,-0.545067,-6.964836442
0.897,-0.853288,-7.251415138
0.898,-1.263619,-7.533421837
0.899,-1.783553,-7.810678734
0.9,-2.37801,-8.083011019
0.901,-8.337706,-8.350246989
0.902,-9.078876,-8.612218151
0.903,-9.759048,-8.868759333
0.904,-10.416668,-9.119708787
0.905,-11.015288,-9.364908289
0.906,-11.53243,-9.604203243
0.907,-11.775002,-9.837442773
0.908,-12.039337,-10.06447982
0.909,-12.21654,-10.28517125
0.91,-12.275242,-10.4993779
0.911,-12.55403,-10.70696472
0.912,-12.801452,-10.90780083
0.913,-13.158938,-11.1017596
0.914,-13.467218,-11.28871875
0.915,-13.647099,-11.46856038
0.916,-13.81858,-11.64117112
0.917,-14.065575,-11.80644214
0.918,-14.299117,-11.96426923
0.919,-14.522224,-12.11455287
0.92,-14.696714,-12.25719833
0.921,-14.778222,-12.39211566
0.922,-14.723066,-12.51921979
0.923,-14.559404,-12.63843058
0.924,-14.307816,-12.74967289
0.925,-14.124732,-12.85287656
0.926,-13.975508,-12.94797652
0.927,-13.870612,-13.03491282
0.928,-13.707508,-13.11363065
0.929,-13.540108,-13.18408037
0.93,-7.554203,-13.24621756
0.931,-7.547688,-13.30000304
0.932,-13.138466,-13.34540292
0.933,-13.310493,-13.38238855
0.934,-13.637682,-13.41093662
0.935,-14.158962,-13.43102914
0.936,-14.699124,-13.44265343
0.937,-15.213311,-13.44580216
0.938,-15.726238,-13.44047335
0.939,-16.151333,-13.42667036
0.94,-16.524819,-13.40440189
0.941,-16.783688,-13.37368199
0.942,-16.934263,-13.33453001
0.943,-16.926278,-13.28697065
0.944,-16.689977,-13.23103389
0.945,-16.248367,-13.166755
0.946,-15.587947,-13.09417451
0.947,-14.862967,-13.01333818
0.948,-13.948071,-12.92429697
0.949,-12.954686,-12.82710703
0.95,-11.958086,-12.72182964
0.951,-11.131985,-12.60853116
0.952,-10.495426,-12.48728304
0.953,-10.708057,-12.35816173
0.954,-10.280844,-12.22124862
0.955,-9.881275,-12.07663006
0.956,-9.476648,-11.92439721
0.957,-9.081038,-11.76464606
0.958,-8.7741,-11.59747734
0.959,-8.439566,-11.42299644
0.96,-8.107325,-11.24131337
0.961,-7.742639,-11.05254268
0.962,-7.520239,-10.8568034
0.963,-7.197617,-10.65421893
0.964,-6.984785,-10.44491701
0.965,-6.368569,-10.22902959
0.966,-6.620845,-10.0066928
0.967,-6.634977,-9.778046817
0.968,-6.727555,-9.543235803
0.969,-6.92823,-9.302407805
0.97,-7.237341,-9.055714664
0.971,-7.540753,-8.803311921
0.972,-7.767144,-8.545358714
0.973,-7.95716,-8.282017681
0.974,-8.041408,-8.01345486
0.975,-8.044212,-7.739839577
0.976,-7.93695,-7.461344347
0.977,-7.745698,-7.178144759
0.978,-7.848856,-6.890419372
0.979,-7.264556,-6.598349594
0.98,-6.473474,-6.302119574
0.981,-5.48291,-6.001916086
0.982,-4.619536,-5.697928406
0.983,-3.661299,-5.390348198
0.984,-2.719565,-5.079369391
0.985,-1.872107,-4.765188055
0.986,-1.106947,-4.448002281
0.987,-0.505082,-4.128012054
0.988,0.006125,-3.805419127
0.989,0.367436,-3.480426894
0.99,0.411399,-3.153240261
0.991,0.539373,-2.824065518
0.992,0.629006,-2.493110211
0.993,0.793727,-2.160583004
0.994,1.024979,-1.826693555
0.995,1.144746,-1.491652382
0.996,1.226891,-1.155670725
0.997,1.268024,-0.818960422
0.998,1.319363,-0.481733766
0.999,1.34638,-0.144203378
1,1.359265,0.193417929
1.001,1.396735,0.530917287
1.002,1.508615,0.868081904
1.003,1.638833,1.204699197
1.004,1.788797,1.54055693
1.005,2.219432,1.875443347
1.006,2.826246,2.209147301
1.007,3.494909,2.541458395
1.008,4.262871,2.872167106
1.009,4.928645,3.201064923
1.01,5.707801,3.527944478
1.011,6.457489,3.852599674
1.012,7.165805,4.174825816
1.013,7.833889,4.494419742
1.014,8.275942,4.811179949
1.015,8.759753,5.12490672
1.016,9.276307,5.435402251
1.017,9.849003,5.742470777
1.018,10.188455,6.04591869
1.019,10.778765,6.345554669
1.02,11.209935,6.641189793
1.021,11.551319,6.932637665
1.022,11.840703,7.219714528
1.023,12.07803,7.502239381
1.024,12.400998,7.780034093
1.025,12.532651,8.052923514
1.026,12.735092,8.32073559
1.027,12.832158,8.583301465
1.028,12.426631,8.840455592
1.029,12.310235,9.092035837
1.03,12.138262,9.337883577
1.031,12.099203,9.577843808
1.032,12.112104,9.811765235
1.033,12.128598,10.03950037
1.034,12.373461,10.26090563
1.035,12.304245,10.47584142
1.036,12.194785,10.68417221
1.037,12.244249,10.88576667
1.038,12.464113,11.08049768
1.039,12.853655,11.26824247
1.04,13.295731,11.44888266
1.041,13.662583,11.62230436
1.042,14.067584,11.78839823
1.043,14.494292,11.94705955
1.044,14.85479,12.09818828
1.045,15.108662,12.24168914
1.046,15.202679,12.37747164
1.047,15.066609,12.50545019
1.048,14.709837,12.62554408
1.049,14.282205,12.7376776
1.05,14.042018,12.84178005
1.051,13.76344,12.9377858
1.052,13.513344,13.0256343
1.053,13.073664,13.10527018
1.054,12.587613,13.17664322
1.055,12.147934,13.23970843
1.056,11.812952,13.29442603
1.057,11.594006,13.34076154
1.058,11.470993,13.37868573
1.059,11.316329,13.4081747
1.06,11.102375,13.42920986
1.061,10.96374,13.44177793
1.062,10.809205,13.445871
1.063,10.656719,13.44148648
1.064,10.503476,13.42862714
1.065,10.175742,13.4073011
1.066,9.785245,13.37752178
1.067,9.291367,13.33930798
1.068,9.003761,13.29268377
1.069,8.77367,13.23767857
1.07,8.646151,13.17432705
1.071,8.555178,13.10266915
1.072,8.550204,13.02275005
1.073,8.546125,12.93462015
1.074,8.540058,12.838335
1.075,8.631174,12.73395532
1.076,9.188055,12.62154692
1.077,9.626131,12.50118066
1.078,10.056755,12.37293245
1.079,10.452175,12.23688314
1.08,10.75012,12.0931185
1.081,10.828068,11.94172919
1.082,10.754483,11.78281065
1.083,10.642465,11.61646308
1.084,10.570477,11.44279136
1.085,10.511902,11.26190499
1.086,10.487116,11.07391802
1.087,10.553946,10.87894898
1.088,10.739944,10.6771208
1.089,10.914358,10.46856071
1.09,11.067767,10.25340023
1.091,11.242174,10.03177501
1.092,11.415447,9.803824777
1.093,11.543851,9.569693264
1.094,11.465392,9.329528085
1.095,11.211285,9.083480664
1.096,10.83531,8.831706134
1.097,10.340811,8.574363238
1.098,9.686477,8.31161423
1.099,9.018182,8.043624771
1.1,8.282458,7.770563829
1.101,7.55846,7.492603569
1.102,6.902035,7.209919242
1.103,6.330265,6.922689082
1.104,5.809365,6.631094185
1.105,5.305898,6.335318401
1.106,4.801164,6.035548217
1.107,4.221902,5.731972636
1.108,3.596901,5.424783062
1.109,3.017879,5.114173177
1.11,2.597825,4.800338821
1.111,2.312502,4.483477864
1.112,2.156933,4.163790087
1.113,1.898162,3.841477051
1.114,1.77694,3.516741975
1.115,1.705498,3.189789603
1.116,2.490775,2.860826077
1.117,1.768838,2.530058808
1.118,1.861807,2.197696344
1.119,1.877757,1.863948239
1.12,2.558999,1.52902492
1.121,2.96839,1.193137554
1.122,3.216078,0.856497919
1.123,2.906392,0.519318264
1.124,3.024389,0.18181118
1.125,2.795597,-0.155810535
1.126,2.298566,-0.493334012
1.127,1.79636,-0.830546444
1.128,1.308884,-1.167235218
1.129,0.852494,-1.503188053
1.13,0.478843,-1.838193133
1.131,0.04642,-2.172039237
1.132,-0.316381,-2.504515876
1.133,-0.626371,-2.835413425
1.134,-0.873572,-3.164523253
1.135,-1.015219,-3.491637859
1.136,-1.174871,-3.816550996
1.137,-1.568061,-4.139057808
1.138,-1.725787,-4.458954956
1.139,-1.741104,-4.776040745
1.14,-2.072265,-5.090115254
1.141,-2.388543,-5.400980459
1.142,-2.676675,-5.708440361
1.143,-2.929873,-6.012301107
1.144,-3.166811,-6.312371113
1.145,-7.540686,-6.608461187
1.146,-7.880921,-6.900384645
1.147,-8.220659,-7.187957429
1.148,-8.562637,-7.470998226
1.149,-8.95013,-7.749328579
1.15,-9.386898,-8.022773002
1.151,-9.790019,-8.291159088
1.152,-10.100584,-8.554317622
1.153,-10.531497,-8.812082682
1.154,-10.622512,-9.064291748
1.155,-10.686723,-9.310785804
1.156,-10.658254,-9.551409434
1.157,-10.599714,-9.786010928
1.158,-10.571318,-10.01444237
1.159,-10.568673,-10.23655973
1.16,-10.326393,-10.45222297
1.161,-10.329284,-10.66129611
1.162,-10.405112,-10.86364734
1.163,-10.48864,-11.05914906
1.164,-10.648382,-11.24767802
1.165,-10.909155,-11.42911535
1.166,-11.298764,-11.60334666
1.167,-11.644314,-11.77026209
1.168,-11.969569,-11.9297564
1.169,-12.269313,-12.08172903
1.17,-12.436233,-12.22608416
1.171,-12.696655,-12.36273079
1.172,-13.029836,-12.49158274
1.173,-13.407875,-12.61255879
1.174,-13.740607,-12.72558265
1.175,-13.93809,-12.83058307
1.176,-13.982517,-12.92749384
1.177,-14.0223,-13.01625386
1.178,-14.068938,-13.09680717
1.179,-14.087243,-13.16910298
1.18,-14.105627,-13.23309571
1.181,-14.136858,-13.288745
1.182,-14.215156,-13.33601578
1.183,-14.325742,-13.37487824
1.184,-14.544782,-13.40530788
1.185,-14.855653,-13.4272855
1.186,-15.150966,-13.44079726
1.187,-15.398166,-13.44583463
1.188,-15.577008,-13.44239444
1.189,-15.624472,-13.43047886
1.19,-15.557286,-13.4100954
1.191,-15.35948,-13.38125691
1.192,-14.998651,-13.34398157
1.193,-14.461801,-13.29829289
1.194,-13.790695,-13.24421968
1.195,-13.064742,-13.18179602
1.196,-12.334409,-13.11106127
1.197,-11.646236,-13.03206004
1.198,-10.975127,-12.94484213
1.199,-10.437396,-12.84946253
1.2,-10.07308,-12.74598138
1.201,-9.806554,-12.63446392
1.202,-9.755158,-12.51498047
1.203,-9.705856,-12.38760636
1.204,-9.571131,-12.2524219
1.205,-9.419934,-12.10951232
1.206,-9.297198,-11.95896773
1.207,-9.235884,-11.80088304
1.208,-9.229563,-11.63535792
1.209,-9.233628,-11.46249675
1.21,-9.160444,-11.2824085
1.211,-9.118707,-11.09520672
1.212,-9.003057,-10.90100945
1.213,-9.049362,-10.69993912
1.214,-9.238394,-10.49212251
1.215,-9.435195,-10.27769064
1.216,-9.50152,-10.05677872
1.217,-9.446139,-9.829526031
1.218,-9.306583,-9.596075849
1.219,-9.130865,-9.356575369
1.22,-8.993036,-9.111175593
1.221,-9.026299,-8.860031247
1.222,-8.930839,-8.603300675
1.223,-8.790102,-8.341145746
1.224,-8.485729,-8.073731747
1.225,-8.321899,-7.801227283
1.226,-7.915422,-7.523804167
1.227,-7.439932,-7.241637313
1.228,-6.910454,-6.954904627
1.229,-6.371567,-6.663786892
1.23,-5.883796,-6.368467658
1.231,-5.48074,-6.069133123
1.232,-5.134774,-5.765972017
1.233,-4.877871,-5.459175481
1.234,-4.701986,-5.14893695
1.235,-4.598405,-4.835452028
1.236,-4.651012,-4.518918367
1.237,-4.557863,-4.199535541
1.238,-4.905567,-3.877504919
1.239,-4.900814,-3.553029541
1.24,-4.80069,-3.226313987
1.241,-4.653092,-2.897564252
1.242,-4.268711,-2.56698761
1.243,-3.640054,-2.23479249
1.244,-3.139788,-1.901188339
1.245,-2.447845,-1.566385494
1.246,-1.870342,-1.230595048
1.247,-1.411724,-0.894028714
1.248,-1.000356,-0.556898698
1.249,-0.637157,-0.219417559
1.25,-0.183283,0.118201922
1.251,0.263586,0.455746877
1.252,0.650711,0.793004485
1.253,0.93704,1.129762106
1.254,1.209185,1.465807415
1.255,1.41263,1.800928537
1.256,1.609965,2.134914178
1.257,1.943605,2.467553761
1.258,2.345342,2.798637559
1.259,3.013957,3.127956824
1.26,3.845174,3.45530392
1.261,4.555189,3.780472457
1.262,5.5189,4.103257416
1.263,6.305905,4.423455283
1.264,7.2388,4.740864173
1.265,3.793149,5.055283962
1.266,8.680072,5.366516408
1.267,9.286961,5.674365281
1.268,9.756829,5.978636481
1.269,9.518557,6.279138168
1.27,9.744869,6.575680876
1.271,9.88741,6.868077635
1.272,9.911446,7.15614409
1.273,9.826356,7.439698616
1.274,9.940698,7.718562433
1.275,10.276474,7.992559717
1.276,10.337702,8.261517714
1.277,10.951781,8.525266848
1.278,11.343119,8.783640824
1.279,11.834458,9.036476739
1.28,12.190389,9.28361518
1.281,12.588874,9.524900328
1.282,12.923805,9.760180052
1.283,13.221913,9.989306009
1.284,13.434849,10.21213374
1.285,13.541833,10.42852274
1.286,13.581746,10.63833659
1.287,13.483629,10.841443
1.288,13.619251,11.03771391
1.289,13.909823,11.22702557
1.29,14.606034,11.40925863
1.291,14.951396,11.58429817
1.292,15.182569,11.75203385
1.293,15.456314,11.9123599
1.294,15.612313,12.06517525
1.295,15.717728,12.21038353
1.296,15.60502,12.3478932
1.297,15.575483,12.47761756
1.298,15.469657,12.59947481
1.299,15.153939,12.71338813
1.3,14.612124,12.8192857
1.301,13.902461,12.91710074
1.302,13.167499,13.00677158
1.303,12.619608,13.08824169
1.304,12.214691,13.1614597
1.305,12.041476,13.22637945
1.306,11.956069,13.28296
1.307,11.967727,13.33116568
1.308,12.071377,13.3709661
1.309,12.321592,13.40233616
1.31,12.766121,13.42525608
1.311,13.405938,13.43971142
1.312,14.007261,13.44569306
1.313,14.346378,13.44319722
1.314,14.402038,13.43222549
1.315,14.30883,13.41278477
1.316,14.263493,13.38488733
1.317,14.251891,13.34855076
1.318,14.456105,13.30379796
1.319,14.356921,13.25065716
1.32,14.314613,13.18916185
1.321,14.107024,13.11935081
1.322,13.917108,13.04126806
1.323,13.86036,12.95496282
1.324,13.903666,12.86048952
1.325,14.06858,12.75790771
1.326,14.124262,12.64728207
1.327,14.065543,12.52868236
1.328,13.905088,12.40218335
1.329,13.671937,12.2678648
1.33,13.392079,12.1258114
1.331,13.1412,11.9761127
1.332,12.976425,11.81886309
1.333,13.067152,11.65416173
1.334,12.862543,11.48211245
1.335,12.284299,11.30282373
1.336,11.729568,11.11640861
1.337,11.169377,10.92298462
1.338,10.791466,10.72267373
1.339,10.33465,10.51560221
1.34,9.998755,10.30190064
1.341,9.640224,10.08170375
1.342,9.22101,9.855150375
1.343,8.745216,9.622383353
1.344,8.33661,9.383549445
1.345,8.117277,9.138799234
1.346,8.089817,8.888287036
1.347,8.154011,8.632170797
1.348,8.192794,8.370611999
1.349,8.10229,8.103775553
1.35,7.825795,7.831829699
1.351,7.388142,7.554945897
1.352,6.85474,7.273298724
1.353,6.298857,6.987065755
1.354,5.758538,6.696427461
1.355,5.220413,6.401567088
1.356,4.73734,6.102670544
1.357,4.310435,5.799926284
1.358,3.910517,5.493525186
1.359,3.51074,5.183660435
1.36,3.169444,4.870527401
1.361,2.853127,4.554323513
1.362,2.69591,4.235248136
1.363,2.760439,3.913502448
1.364,2.833786,3.589289306
1.365,3.181518,3.262813128
1.366,3.244476,2.934279755
1.367,3.2317,2.603896327
1.368,3.173155,2.271871149
1.369,3.037815,1.938413563
1.37,2.831328,1.603733813
1.371,2.635706,1.268042912
1.372,2.440949,0.931552515
1.373,2.230506,0.594474776
1.374,1.754007,0.257022222
1.375,1.128293,-0.080592384
1.376,1.270396,-0.418156176
1.377,-0.230802,-0.755456322
1.378,1.519329,-1.092280155
1.379,1.095003,-1.428415308
1.38,0.732396,-1.76364985
1.381,1.014971,-2.097772415
1.382,0.53916,-2.43057234
1.383,-0.029284,-2.761839796
1.384,-0.64576,-3.09136592
1.385,-0.953783,-3.418942946
1.386,-1.464634,-3.744364338
1.387,-1.995166,-4.067424919
1.388,-2.449009,-4.387920999
1.389,-2.783846,-4.705650508
1.39,-2.976441,-5.020413116
1.391,-2.990241,-5.332010368
1.392,-3.004019,-5.640245803
1.393,-2.976887,-5.944925078
1.394,-2.976382,-6.245856094
1.395,-2.965801,-6.542849115
1.396,-2.976289,-6.835716888
1.397,-2.94636,-7.12427476
1.398,-3.074038,-7.408340796
1.399,-3.262475,-7.687735895
1.4,-3.483495,-7.962283897
1.401,-8.571025,-8.231811701
1.402,-8.860996,-8.49614937
1.403,-9.070904,-8.755130241
1.404,-9.236065,-9.008591026
1.405,-9.29355,-9.256371919
1.406,-9.593702,-9.498316696
1.407,-9.898824,-9.73427281
1.408,-10.271446,-9.964091492
1.409,-10.667831,-10.18762784
1.41,-11.061847,-10.40474092
1.411,-11.438946,-10.61529384
1.412,-11.686372,-10.81915384
1.413,-12.263889,-11.0161924
1.414,-12.892246,-11.20628528
1.415,-13.395168,-11.38931263
1.416,-13.783362,-11.56515905
1.417,-14.175845,-11.73371366
1.418,-14.579528,-11.8948702
1.419,-14.845025,-12.04852706
1.42,-15.374307,-12.19458736
1.421,-16.043865,-12.332959
1.422,-16.528361,-12.46355475
1.423,-16.818167,-12.58629226
1.424,-16.933568,-12.70109415
1.425,-16.810348,-12.80788803
1.426,-16.602077,-12.90660657
1.427,-16.311932,-12.99718754
1.428,-15.943031,-13.07957381
1.429,-15.851855,-13.15371345
1.43,-15.78487,-13.21955971
1.431,-16.044822,-13.27707107
1.432,-16.143619,-13.32621127
1.433,-16.311055,-13.36694934
1.434,-16.577094,-13.39925958
1.435,-16.811458,-13.42312163
1.436,-16.932184,-13.43852043
1.437,-16.918357,-13.44544629
1.438,-16.802546,-13.44389482
1.439,-16.592412,-13.43386702
1.44,-16.248469,-13.41536921
1.441,-15.640842,-13.38841304
1.442,-14.810624,-13.35301551
1.443,-13.869026,-13.30919894
1.444,-12.893188,-13.25699096
1.445,-12.081833,-13.19642449
1.446,-11.509832,-13.1275377
1.447,-11.121585,-13.05037404
1.448,-10.802818,-12.96498215
1.449,-10.468049,-12.87141588
1.45,-10.151306,-12.76973421
1.451,-9.879274,-12.66000127
1.452,-9.642629,-12.54228623
1.453,-9.535595,-12.41666331
1.454,-9.654754,-12.28321172
1.455,-9.9211,-12.14201559
1.456,-10.328817,-11.99316397
1.457,-11.093454,-11.83675068
1.458,-11.745538,-11.67287435
1.459,-12.473609,-11.50163831
1.46,-12.994433,-11.32315052
1.461,-13.341756,-11.13752352
1.462,-13.605195,-10.94487433
1.463,-13.927318,-10.74532444
1.464,-13.86317,-10.53899964
1.465,-13.605062,-10.32603004
1.466,-13.128677,-10.1065499
1.467,-12.432267,-9.880697611
1.468,-11.558697,-9.648615569
1.469,-10.614103,-9.410450101
1.47,-9.688307,-9.166351371
1.471,-8.933922,-8.916473281
1.472,-8.669975,-8.66097338
1.473,-8.064897,-8.400012759
1.474,-7.311886,-8.133755953
1.475,-6.555932,-7.862370836
1.476,-5.821576,-7.586028516
1.477,-5.474326,-7.304903226
1.478,-4.971868,-7.019172215
1.479,-4.312683,-6.729015635
1.48,-3.943052,-6.434616429
1.481,-3.521337,-6.136160216
1.482,-3.079295,-5.83383517
1.483,-2.66491,-5.527831908
1.484,-2.318619,-5.218343362
1.485,-2.02135,-4.905564666
1.486,-1.64103,-4.589693025
1.487,-1.2584,-4.270927595
1.488,-0.89858,-3.949469356
1.489,-0.641579,-3.625520989
1.49,-0.453806,-3.29928674
1.491,-0.344607,-2.9709723
1.492,-0.211221,-2.640784671
1.493,-0.178101,-2.308932033
1.494,-0.160947,-1.975623621
1.495,0.113187,-1.641069583
1.496,0.415592,-1.305480856
1.497,0.612383,-0.969069026
1.498,0.94167,-0.632046202
1.499,1.270251,-0.294624873
1.5,1.619304,0.042982215
1.501,1.858091,0.380562203
1.502,1.922931,0.717902248
1.503,2.048838,1.054789658
1.504,2.237326,1.391012025
1.505,2.500524,1.726357363
1.506,2.847894,2.060614238
1.507,3.300925,2.393571901
1.508,3.771445,2.725020424
1.509,4.149473,3.054750829
1.51,4.373094,3.382555222
1.511,4.421022,3.708226923
1.512,4.535854,4.031560597
1.513,4.57979,4.352352383
1.514,4.537807,4.670400024
1.515,4.182309,4.98550299
1.516,4.246206,5.29746261
1.517,4.441081,5.606082194
1.518,4.939514,5.91116716
1.519,5.696611,6.21252515
1.52,6.673446,6.509966161
1.521,7.687558,6.803302656
1.522,8.865742,7.092349688
1.523,9.773103,7.376925012
1.524,10.323248,7.656849206
1.525,10.959568,7.931945777
1.526,11.415373,8.202041279
1.527,11.690077,8.466965416
1.528,11.830477,8.726551155
1.529,11.874218,8.980634828
1.53,11.776693,9.229056235
1.531,11.743257,9.471658747
1.532,11.734302,9.708289405
1.533,11.796458,9.938799013
1.534,11.949745,10.16304224
1.535,12.161288,10.38087769
1.536,12.34994,10.59216803
1.537,12.592008,10.79678003
1.538,12.813683,10.9945847
1.539,13.212367,11.18545731
1.54,13.638006,11.36927752
1.541,13.986466,11.54592943
1.542,14.084907,11.71530167
1.543,14.195697,11.87728744
1.544,14.307451,12.03178461
1.545,14.42928,12.17869578
1.546,14.464697,12.31792831
1.547,14.593174,12.44939442
1.548,14.716852,12.57301122
1.549,14.750346,12.68870078
1.55,14.820561,12.79639014
1.551,14.868458,12.89601142
1.552,14.92266,12.9875018
1.553,15.02299,13.07080359
1.554,15.121378,13.14586427
1.555,15.184412,13.21263653
1.556,15.294226,13.27107825
1.557,15.351836,13.3211526
1.558,15.158885,13.362828
1.559,14.814568,13.39607817
1.56,14.343858,13.42088214
1.561,14.18184,13.4372243
1.562,14.30074,13.44509431
1.563,14.478774,13.44448724
1.564,14.561215,13.43540345
1.565,14.611056,13.41784867
1.566,14.513572,13.39183398
1.567,14.367257,13.35737578
1.568,14.314299,13.31449579
1.569,14.157784,13.26322104
1.57,14.005688,13.20358387
1.571,13.761893,13.13562188
1.572,13.358981,13.05937791
1.573,12.790749,12.97490004
1.574,12.209495,12.88224153
1.575,11.827336,12.78146081
1.576,11.582186,12.67262141
1.577,11.531659,12.55579195
1.578,11.638554,12.43104611
1.579,12.006201,12.29846252
1.58,12.137699,12.15812479
1.581,12.141,12.01012139
1.582,11.998601,11.85454565
1.583,11.929149,11.69149565
1.584,11.948808,11.52107419
1.585,11.759635,11.34338872
1.586,11.664455,11.15855128
1.587,11.510115,10.96667841
1.588,11.257902,10.76789107
1.589,10.953992,10.56231461
1.59,10.643147,10.35007864
1.591,10.515306,10.13131697
1.592,10.495109,9.906167538
1.593,10.564381,9.674772292
1.594,10.360934,9.437277129
1.595,10.084648,9.193831788
1.596,9.777281,8.944589762
1.597,9.418443,8.689708197
1.598,8.924298,8.429347795
1.599,8.413465,8.163672712
1.6,7.851806,7.892850456
1.601,7.267755,7.61705178
1.602,6.71347,7.336450573
1.603,6.267305,7.051223755
1.604,5.902391,6.76155116
1.605,5.643255,6.467615425
1.606,5.426714,6.169601877
1.607,5.383803,5.867698412
1.608,5.179148,5.562095379
1.609,4.960561,5.25298546
1.61,4.730635,4.940563549
1.611,4.44454,4.625026626
1.612,4.368341,4.306573636
1.613,4.023934,3.985405364
1.614,3.688663,3.661724304
1.615,3.304387,3.335734538
1.616,3.040988,3.0076416
1.617,2.802238,2.677652352
1.618,2.601155,2.345974852
1.619,2.499117,2.012818221
1.62,2.287888,1.678392514
1.621,2.133136,1.342908585
1.622,1.969705,1.006577956
1.623,1.778136,0.669612682
1.624,1.393956,0.33222522
1.625,0.989368,-0.00537171
1.626,0.543455,-0.342965253
1.627,0.087115,-0.680342557
1.628,-0.29199,-1.017290907
1.629,-0.605611,-1.353597858
1.63,-0.919961,-1.68905137
1.631,-1.230418,-2.023439939
1.632,-1.49427,-2.356552735
1.633,-0.442538,-2.688179731
1.634,-0.178755,-3.018111836
1.635,2.087393,-3.346141031
1.636,1.900348,-3.672060493
1.637,1.625267,-3.995664731
1.638,1.194697,-4.316749714
1.639,0.903056,-4.635112998
1.64,0.593173,-4.950553855
1.641,0.177778,-5.262873403
1.642,-0.291788,-5.571874723
1.643,-1.048037,-5.877362991
1.644,-1.604297,-6.179145599
1.645,-2.073312,-6.477032272
1.646,-2.37827,-6.770835194
1.647,-2.556396,-7.060369123
1.648,-2.776443,-7.345451509
1.649,-3.006113,-7.625902608
1.65,-3.136292,-7.901545597
1.651,-3.400267,-8.172206683
1.652,-3.630788,-8.437715215
1.653,-3.872948,-8.697903791
1.654,-4.147078,-8.952608363
1.655,-9.727863,-9.20166834
1.656,-9.943938,-9.44492669
1.657,-10.099417,-9.68223004
1.658,-9.959322,-9.913428771
1.659,-9.819779,-10.13837711
1.66,-4.56944,-10.35693324
1.661,-4.545757,-10.56895934
1.662,-4.574688,-10.77432175
1.663,-4.51623,-10.97289097
1.664,-9.333952,-11.16454182
1.665,-9.3975,-11.34915345
1.666,-4.55662,-11.52660948
1.667,-4.708066,-11.69679801
1.668,-4.886504,-11.85961174
1.669,-5.071757,-12.01494802
1.67,-5.210924,-12.1627089
1.671,-5.135536,-12.30280124
1.672,-9.990126,-12.43513669
1.673,-9.763185,-12.55963182
1.674,-9.521594,-12.67620813
1.675,-9.355884,-12.78479214
1.676,-9.482155,-12.88531537
1.677,-9.682422,-12.97771444
1.678,-10.057105,-13.0619311
1.679,-10.541688,-13.13791224
1.68,-11.022378,-13.20560997
1.681,-11.609071,-13.2649816
1.682,-12.192925,-13.3159897
1.683,-12.839959,-13.3586021
1.684,-13.41783,-13.39279193
1.685,-13.983488,-13.41853765
1.686,-14.436881,-13.43582302
1.687,-14.778862,-13.44463714
1.688,-10.380234,-13.44497446
1.689,-10.538012,-13.43683475
1.69,-10.630555,-13.42022316
1.691,-10.685073,-13.39515015
1.692,-10.779183,-13.36163154
1.693,-14.895222,-13.31968845
1.694,-14.698005,-13.26934734
1.695,-14.403323,-13.21063995
1.696,-14.114299,-13.14360328
1.697,-13.806525,-13.0682796
1.698,-13.607081,-12.98471641
1.699,-13.546203,-12.89296639
1.7,-13.573417,-12.7930874
1.701,-13.622928,-12.68514239
1.702,-13.617666,-12.56919944
1.703,-13.580757,-12.44533165
1.704,-13.506102,-12.3136171
1.705,-13.53937,-12.17413886
1.706,-13.336082,-12.02698485
1.707,-12.976701,-11.87224787
1.708,-12.485997,-11.71002546
1.709,-11.799483,-11.54041992
1.71,-11.081365,-11.36353817
1.711,-10.416573,-11.17949174
1.712,-9.698696,-10.98839668
1.713,-8.999302,-10.79037346
1.714,-8.296447,-10.58554694
1.715,-7.6184,-10.37404626
1.716,-6.967593,-10.15600478
1.717,-6.368198,-9.931559957
1.718,-5.93231,-9.700853317
1.719,-5.554126,-9.464030316
1.72,-5.452754,-9.22124027
1.721,-5.170677,-8.972636258
1.722,-4.966661,-8.718375023
1.723,-4.74955,-8.458616877
1.724,-4.767305,-8.193525597
1.725,-4.577183,-7.923268321
1.726,-4.525148,-7.648015446
1.727,-4.420969,-7.367940519
1.728,-4.392444,-7.083220125
1.729,-4.306434,-6.794033781
1.73,-4.149258,-6.500563817
1.731,-3.925462,-6.202995266
1.732,-3.582882,-5.901515743
1.733,-3.227772,-5.596315331
1.734,-2.904954,-5.287586458
1.735,-2.579943,-4.975523776
1.736,-2.236176,-4.660324039
1.737,-0.569685,-4.342185982
1.738,-0.26776,-4.021310188
1.739,-0.051651,-3.697898969
1.74,0.213532,-3.372156236
1.741,-1.220761,-3.044287367
1.742,-1.121299,-2.714499083
1.743,0.597813,-2.382999315
1.744,0.430124,-2.049997072
1.745,0.595192,-1.715702312
1.746,0.669018,-1.380325807
1.747,0.768751,-1.04407901
1.748,0.739218,-0.707173924
1.749,0.837398,-0.369822967
1.75,0.959415,-0.032238837
1.751,1.096586,0.305365619
1.752,1.292177,0.642777543
1.753,1.643358,0.979784198
1.754,2.208108,1.316173101
1.755,2.849631,1.651732161
1.756,3.571195,1.986249808
1.757,4.201734,2.31951513
1.758,4.545277,2.651318004
1.759,4.679129,2.98144923
1.76,5.019116,3.30970066
1.761,5.456111,3.635865333
1.762,5.919121,3.959737603
1.763,6.234657,4.281113269
1.764,6.2495,4.599789705
1.765,6.272419,4.915565987
1.766,6.286875,5.228243017
1.767,6.366936,5.537623655
1.768,6.667814,5.843512837
1.769,7.150722,6.1457177
1.77,7.772057,6.444047704
1.771,3.652766,6.738314755
1.772,8.75809,7.028333317
1.773,4.356704,7.313920534
1.774,4.760536,7.594896344
1.775,10.53734,7.871083593
1.776,11.151023,8.142308145
1.777,11.770666,8.408398995
1.778,12.420492,8.669188373
1.779,12.80921,8.924511851
1.78,12.957479,9.174208449
1.781,13.173239,9.418120734
1.782,13.41319,9.65609492
1.783,13.666674,9.887980964
1.784,13.722706,10.11363266
1.785,13.837893,10.33290775
1.786,13.765194,10.54566796
1.787,13.501421,10.75177916
1.788,13.282218,10.95111139
1.789,12.977371,11.14353897
1.79,12.540198,11.32894059
1.791,12.251788,11.50719934
1.792,12.029318,11.67820283
1.793,6.697131,11.84184325
1.794,6.69709,11.99801742
1.795,6.708059,12.14662687
1.796,6.857388,12.2875779
1.797,7.111626,12.42078166
1.798,7.386677,12.54615414
1.799,7.642048,12.66361631
1.8,7.883769,12.7730941
1.801,13.532367,12.87451849
1.802,13.870378,12.96782554
1.803,14.07531,13.0529564
1.804,14.280209,13.12985742
1.805,14.391205,13.19848009
1.806,14.355625,13.25878116
1.807,14.257377,13.31072261
1.808,14.108401,13.35427168
1.809,14.027142,13.38940091
1.81,14.004509,13.41608817
1.811,14.055226,13.43431663
1.812,14.159045,13.44407478
1.813,14.230629,13.44535648
1.814,14.212562,13.43816092
1.815,14.021862,13.42249264
1.816,13.983516,13.39836151
1.817,14.002438,13.36578275
1.818,14.044398,13.32477691
1.819,14.208353,13.27536982
1.82,14.221207,13.21759266
1.821,14.145852,13.15148184
1.822,13.94763,13.07707904
1.823,13.670744,12.99443119
1.824,13.384425,12.90359038
1.825,13.253654,12.80461389
1.826,13.251492,12.69756413
1.827,13.379752,12.58250859
1.828,13.447786,12.45951981
1.829,13.388077,12.32867534
1.83,13.208118,12.19005768
1.831,13.042621,12.04375421
1.832,13.031208,11.8898572
1.833,13.119305,11.72846366
1.834,13.189823,11.55967535
1.835,13.153394,11.38359871
1.836,13.183961,11.20034473
1.837,12.885466,11.01002897
1.838,12.389297,10.81277142
1.839,11.871512,10.60869644
1.84,11.453168,10.39793271
1.841,11.067778,10.18061311
1.842,10.640094,9.956874669
1.843,10.204182,9.726858441
1.844,9.859621,9.490709455
1.845,9.656435,9.248576604
1.846,9.392907,9.00061255
1.847,9.168953,8.746973635
1.848,9.091239,8.487819778
1.849,9.079753,8.223314373
1.85,8.969554,7.953624192
1.851,8.708528,7.678919272
1.852,8.375932,7.399372815
1.853,7.873931,7.115161074
1.854,7.223036,6.826463244
1.855,6.440083,6.533461347
1.856,5.596298,6.236340121
1.857,4.758484,5.935286899
1.858,4.032061,5.630491496
1.859,3.207641,5.322146084
1.86,2.48167,5.010445073
1.861,2.02766,4.69558499
1.862,1.850151,4.377764354
1.863,1.921542,4.057183549
1.864,3.376842,3.734044702
1.865,3.735026,3.408551549
1.866,4.088926,3.080909314
1.867,3.471082,2.751324575
1.868,4.010613,2.420005133
1.869,4.078179,2.087159884
1.87,5.310903,1.752998687
1.871,5.062958,1.417732229
1.872,4.721256,1.081571895
1.873,2.778858,0.744729632
1.874,2.150115,0.40741782
1.875,3.246765,0.069849132
1.876,2.64512,-0.267763596
1.877,-0.251283,-0.6052075
1.878,1.710846,-0.942269822
1.879,1.867798,-1.278738045
1.88,1.720023,-1.614400028
1.881,1.52352,-1.949044136
1.882,1.203433,-2.282459377
1.883,0.751645,-2.614435533
1.884,0.376407,-2.944763296
1.885,-0.135975,-3.273234393
1.886,-0.594532,-3.599641725
1.887,-0.908992,-3.923779492
1.888,-1.120545,-4.245443328
1.889,-1.375373,-4.564430423
1.89,-6.125512,-4.880539658
1.891,-6.408928,-5.193571725
1.892,-6.594959,-5.50332926
1.893,-6.746254,-5.809616962
1.894,-6.853324,-6.112241715
1.895,-6.785321,-6.411012718
1.896,-6.910894,-6.705741594
1.897,-7.120031,-6.996242519
1.898,-7.382014,-7.282332332
1.899,-7.64474,-7.563830655
1.9,-7.880069,-7.840560004
1.901,-2.8303,-8.112345901
1.902,-2.855165,-8.379016986
1.903,-2.785454,-8.640405124
1.904,-2.749378,-8.896345511
1.905,-2.659594,-9.146676777
1.906,-7.744094,-9.391241088
1.907,-7.785282,-9.629884247
1.908,-7.65987,-9.862455791
1.909,-7.691413,-10.08880908
1.91,-7.769297,-10.30880141
1.911,-7.941476,-10.52229407
1.912,-8.236341,-10.72915245
1.913,-3.215501,-10.92924612
1.914,-3.415881,-11.12244894
1.915,-3.772484,-11.30863909
1.916,-4.18577,-11.48769916
1.917,-9.910879,-11.65951628
1.918,-10.416201,-11.8239821
1.919,-11.057066,-11.98099294
1.92,-11.723805,-12.13044979
1.921,-12.330885,-12.27225843
1.922,-12.987828,-12.40632944
1.923,-13.562997,-12.5325783
1.924,-13.997055,-12.6509254
1.925,-14.268214,-12.76129612
1.926,-14.41826,-12.86362089
1.927,-14.41943,-12.95783518
1.928,-14.26761,-13.04387958
1.929,-13.91995,-13.12169986
1.93,-13.472141,-13.19124694
1.931,-12.942599,-13.25247698
1.932,-12.57433,-13.30535137
1.933,-7.166947,-13.34983677
1.934,-7.205928,-13.38590513
1.935,-7.334744,-13.41353372
1.936,-7.58215,-13.43270512
1.937,-7.836661,-13.44340722
1.938,-8.062105,-13.4456333
1.939,-12.507741,-13.43938195
1.94,-12.475403,-13.4246571
1.941,-12.500627,-13.40146804
1.942,-12.639019,-13.36982939
1.943,-12.762777,-13.3297611
1.944,-12.832509,-13.28128844
1.945,-12.878495,-13.22444195
1.946,-12.865487,-13.1592575
1.947,-12.789926,-13.08577617
1.948,-12.674332,-13.00404429
1.949,-12.557446,-12.9141134
1.95,-12.52738,-12.8160402
1.951,-12.357819,-12.70988651
1.952,-12.077495,-12.59571928
1.953,-11.637979,-12.47361049
1.954,-11.230599,-12.34363712
1.955,-10.783224,-12.20588111
1.956,-10.585051,-12.06042934
1.957,-10.18392,-11.90737349
1.958,-9.845836,-11.74681008
1.959,-9.68123,-11.57884034
1.96,-9.466628,-11.40357017
1.961,-9.301153,-11.22111009
1.962,-9.175177,-11.03157512
1.963,-9.104473,-10.83508478
1.964,-9.095297,-10.63176294
1.965,-9.312336,-10.42173781
1.966,-9.315005,-10.2051418
1.967,-9.289171,-9.982111476
1.968,-9.152783,-9.752787459
1.969,-9.013047,-9.517314337
1.97,-8.826617,-9.275840574
1.971,-8.578705,-9.02851842
1.972,-8.284436,-8.775503809
1.973,-8.007748,-8.516956268
1.974,-7.69334,-8.253038809
1.975,-7.372672,-7.983917832
1.976,-6.977272,-7.709763017
1.977,-6.469337,-7.430747217
1.978,-5.966522,-7.147046353
1.979,-5.328175,-6.858839295
1.98,-4.92304,-6.566307757
1.981,-4.431561,-6.269636181
1.982,-4.226679,-5.969011617
1.983,-3.43473,-5.664623607
1.984,-2.891848,-5.356664068
1.985,-2.388708,-5.045327167
1.986,-2.004659,-4.730809201
1.987,-2.013441,-4.413308473
1.988,-1.833463,-4.093025166
1.989,-1.732647,-3.770161218
1.99,-1.646441,-3.444920193
1.991,-1.841654,-3.117507156
1.992,-2.93628,-2.78812854
1.993,-3.310462,-2.456992016
1.994,-3.368407,-2.124306365
1.995,-3.80171,-1.790281345
1.996,-3.91238,-1.455127558
1.997,-3.837057,-1.119056317
1.998,-3.651074,-0.782279514
1.999,-3.398143,-0.445009485
2,-3.107677,-0.10745888
2.001,-2.665162,0.230159478
2.002,-2.113443,0.567632721
2.003,-1.218172,0.904748073
2.004,-0.139143,1.241292984
2.005,0.94829,1.577055264
2.006,1.809784,1.911823214
2.007,2.571892,2.245385765
2.008,3.31784,2.577532606
2.009,3.820906,2.908054321
2.01,4.534192,3.236742515
2.011,5.112402,3.563389952
2.012,5.912728,3.887790681
2.013,6.694838,4.209740169
2.014,7.408866,4.529035428
2.015,7.883656,4.845475142
2.016,8.403972,5.158859797
2.017,8.847785,5.468991806
2.018,9.328608,5.77567563
2.019,9.734475,6.078717907
2.02,9.919209,6.377927569
2.021,10.056972,6.673115966
2.022,10.059372,6.964096981
2.023,9.898596,7.250687152
2.024,9.760234,7.532705785
2.025,9.686024,7.809975068
2.026,9.528911,8.082320183
2.027,9.422891,8.349569418
2.028,9.52984,8.611554272
2.029,9.692808,8.868109564
2.03,10.193986,9.119073539
2.031,10.89054,9.364287962
2.032,11.221025,9.603598228
2.033,11.820162,9.836853452
2.034,12.423631,10.06390657
2.035,12.851277,10.28461442
2.036,13.500277,10.49883785
2.037,9.041187,10.70644179
2.038,14.51426,10.90729534
2.039,14.66146,11.10127188
2.04,14.457219,11.2882491
2.041,9.30802,11.46810911
2.042,9.172765,11.6407385
2.043,9.064768,11.80602845
2.044,9.268131,11.96387472
2.045,9.37633,12.11417781
2.046,9.627817,12.25684294
2.047,14.315616,12.39178016
2.048,14.448311,12.5189044
2.049,14.401012,12.63813551
2.05,14.036158,12.7493983
2.051,13.939651,12.85262264
2.052,13.853089,12.94774343
2.053,13.715374,13.03470071
2.054,13.385764,13.11343964
2.055,13.089874,13.18391058
2.056,12.65769,13.24606911
2.057,12.319532,13.29987603
2.058,12.201657,13.34529741
2.059,12.492362,13.38230462
2.06,13.108994,13.41087432
2.061,13.780945,13.4309885
2.062,14.168047,13.44263449
2.063,14.422902,13.44580492
2.064,14.586051,13.44049782
2.065,14.531801,13.42671652
2.066,14.418632,13.40446971
2.067,14.195803,13.37377142
2.068,13.870179,13.334641
2.069,13.485048,13.28710313
2.07,13.06418,13.23118778
2.071,12.707407,13.1669302
2.072,12.428036,13.09437091
2.073,12.265447,13.01355565
2.074,12.072328,12.92453538
2.075,11.806889,12.82736623
2.076,11.641417,12.72210946
2.077,11.455411,12.60883143
2.078,11.338858,12.48760357
2.079,11.257274,12.35850231
2.08,11.306636,12.22160905
2.081,11.458177,12.0770101
2.082,11.738809,11.92479663
2.083,12.122784,11.7650646
2.084,12.557848,11.59791474
2.085,12.996467,11.42345242
2.086,13.31674,11.24178764
2.087,13.474347,11.05303495
2.088,13.553039,10.85731336
2.089,13.474582,10.65474625
2.09,13.387539,10.44546136
2.091,13.190546,10.22959064
2.092,12.870647,10.00727018
2.093,12.475933,9.778640169
2.094,12.077644,9.543844753
2.095,11.660389,9.303031968
2.096,11.287373,9.056353648
2.097,10.962624,8.803965321
2.098,10.649241,8.546026119
2.099,10.288923,8.282698671
2.1,9.78904,8.014149004
2.101,9.271489,7.740546439
2.102,8.83232,7.46206348
2.103,8.446712,7.178875711
2.104,8.090956,6.89116168
2.105,7.740336,6.599102792
2.106,7.255104,6.302883187
2.107,6.748037,6.002689631
2.108,6.172691,5.698711397
2.109,5.652749,5.39114014
2.11,4.987133,5.080169785
2.111,4.174696,4.765996397
2.112,3.173745,4.448818061
2.113,2.421359,4.128834757
2.114,1.603543,3.806248235
2.115,1.067431,3.481261884
2.116,0.785417,3.154080606
2.117,0.560853,2.82491069
2.118,1.743923,2.493959675
2.119,1.504806,2.161436225
2.12,1.307012,1.827549996
2.121,1.307931,1.492511502
2.122,2.502554,1.156531983
2.123,2.630696,0.819823274
2.124,2.70297,0.482597669
2.125,2.66915,0.145067787
2.126,2.421283,-0.192553559
2.127,2.136302,-0.530053501
2.128,1.986257,-0.867219246
2.129,1.807623,-1.203838211
2.13,1.6624,-1.53969816
2.131,1.515307,-1.874587334
2.132,1.294246,-2.208294585
2.133,0.997006,-2.540609512
2.134,0.669844,-2.871322593
2.135,0.412952,-3.200225312
2.136,0.213371,-3.527110298
2.137,0.087867,-3.851771451
2.138,-0.029567,-4.174004073
2.139,-0.240028,-4.493604996
2.14,-0.534054,-4.810372714
2.141,-0.860289,-5.124107505
2.142,-1.190916,-5.434611561
2.143,-1.570977,-5.741689109
2.144,-1.748245,-6.045146538
2.145,-1.898325,-6.344792519
2.146,-2.206973,-6.640438125
2.147,-2.519923,-6.931896954
2.148,-2.711759,-7.218985241
2.149,-2.902905,-7.501521977
2.15,-3.127168,-7.779329025
2.151,-8.328855,-8.052231227
2.152,-8.777207,-8.32005652
2.153,-9.251092,-8.58263604
2.154,-4.1432,-8.839804232
2.155,-4.423817,-9.091398951
2.156,-4.680593,-9.337261569
2.157,-10.622691,-9.577237069
2.158,-10.909585,-9.811174147
2.159,-11.102557,-10.03892531
2.16,-11.205111,-10.26034695
2.161,-11.293961,-10.47529948
2.162,-11.310438,-10.68364736
2.163,-11.583675,-10.88525922
2.164,-12.028754,-11.08000797
2.165,-12.550369,-11.26777079
2.166,-13.316242,-11.44842932
2.167,-14.192129,-11.62186965
2.168,-15.113283,-11.78798242
2.169,-15.831425,-11.9466629
2.17,-16.380526,-12.09781104
2.171,-16.742196,-12.24133154
2.172,-16.793527,-12.37713392
2.173,-16.6465,-12.50513255
2.174,-16.406977,-12.62524673
2.175,-16.236712,-12.73740072
2.176,-16.037896,-12.84152382
2.177,-15.819672,-12.93755038
2.178,-15.527188,-13.02541984
2.179,-15.476767,-13.10507681
2.18,-15.597153,-13.17647107
2.181,-15.82322,-13.2395576
2.182,-15.98186,-13.29429663
2.183,-15.999363,-13.34065363
2.184,-15.733087,-13.3785994
2.185,-15.356178,-13.40810999
2.186,-14.952113,-13.42916681
2.187,-14.576772,-13.44175657
2.188,-14.252542,-13.44587134
2.189,-13.942261,-13.44150853
2.19,-13.736737,-13.42867089
2.191,-13.603313,-13.4073665
2.192,-13.521441,-13.37760881
2.193,-13.542077,-13.33941657
2.194,-13.652879,-13.29281386
2.195,-13.836951,-13.23783008
2.196,-13.971019,-13.17449988
2.197,-14.066738,-13.10286319
2.198,-14.22348,-13.02296518
2.199,-14.393928,-12.93485623
2.2,-14.56825,-12.83859189
2.201,-14.668331,-12.73423286
2.202,-14.724112,-12.62184492
2.203,-14.731322,-12.50149894
2.204,-14.672617,-12.37327081
2.205,-14.553333,-12.23724136
2.206,-14.368649,-12.09349637
2.207,-14.107141,-11.94212645
2.208,-13.655412,-11.78322707
2.209,-13.160341,-11.61689838
2.21,-12.658975,-11.44324528
2.211,-12.282568,-11.26237724
2.212,-12.077101,-11.07440831
2.213,-12.250175,-10.87945699
2.214,-12.226993,-10.6776462
2.215,-12.140382,-10.46910319
2.216,-12.008402,-10.25395943
2.217,-11.83865,-10.03235059
2.218,-11.675094,-9.804416369
2.219,-11.49783,-9.570300495
2.22,-11.147751,-9.330150573
2.221,-10.654134,-9.084118017
2.222,-10.286642,-8.832357949
2.223,-9.570448,-8.575029104
2.224,-8.855278,-8.312293727
2.225,-8.129601,-8.044317472
2.226,-7.396919,-7.771269296
2.227,-6.608292,-7.493321357
2.228,-5.818887,-7.2106489
2.229,-5.099376,-6.923430148
2.23,-4.514276,-6.631846193
2.231,-4.032265,-6.336080877
2.232,-3.641461,-6.036320679
2.233,-3.14135,-5.732754598
2.234,-2.572672,-5.425574031
2.235,-2.134517,-5.114972655
2.236,-1.62371,-4.801146302
2.237,-1.272129,-4.48429284
2.238,-0.956427,-4.164612044
2.239,-1.055648,-3.842305471
2.24,-0.674542,-3.517576336
2.241,-0.225892,-3.190629378
2.242,0.002177,-2.861670737
2.243,0.411269,-2.530907821
2.244,0.736409,-2.198549174
2.245,0.960465,-1.864804348
2.246,1.079367,-1.529883768
2.247,1.105018,-1.193998601
2.248,1.228062,-0.857360621
2.249,1.473805,-0.520182077
2.25,1.735612,-0.18267556
2.251,2.025985,0.154946134
2.252,2.353303,0.492470134
2.253,2.698456,0.829683633
2.254,2.978261,1.166374019
2.255,3.271911,1.50232901
2.256,3.591684,1.837336786
2.257,3.944434,2.171186127
2.258,4.273264,2.50366654
2.259,4.578845,2.834568399
2.26,4.692549,3.16368307
2.261,4.964339,3.490803048
2.262,5.23299,3.815722084
2.263,5.606557,4.138235318
2.264,6.110047,4.458139406
2.265,6.558408,4.775232649
2.266,6.902157,5.089315121
2.267,7.355496,5.400188794
2.268,7.786941,5.707657663
2.269,4.252816,6.01152787
2.27,4.65562,6.311607825
2.271,4.913192,6.607708329
2.272,5.327919,6.899642691
2.273,5.497292,7.187226847
2.274,5.668864,7.470279476
2.275,5.808231,7.748622115
2.276,5.967015,8.022079269
2.277,9.757092,8.290478524
2.278,10.115496,8.553650656
2.279,10.411695,8.811429734
2.28,10.55051,9.06365323
2.281,10.542928,9.310162118
2.282,10.401736,9.550800975
2.283,10.202474,9.785418077
2.284,5.885315,10.0138655
2.285,10.642712,10.23599921
2.286,10.935139,10.45167915
2.287,11.214431,10.66076934
2.288,11.335258,10.86313793
2.289,11.781423,11.05865736
2.29,12.426484,11.24720432
2.291,12.976071,11.42865996
2.292,13.458313,11.60290986
2.293,13.877424,11.76984415
2.294,14.088615,11.9293576
2.295,14.390858,12.08134961
2.296,14.664022,12.22572437
2.297,14.887008,12.36239084
2.298,14.995768,12.49126286
2.299,14.96033,12.61225917
2.3,14.768051,12.72530348
2.301,14.600393,12.83032453
2.302,14.430067,12.9272561
2.303,14.431617,13.01603706
2.304,14.256634,13.09661145
2.305,13.934752,13.16892846
2.306,13.690296,13.2329425
2.307,13.575312,13.28861321
2.308,13.579356,13.33590548
2.309,13.705555,13.3747895
2.31,13.860634,13.40524075
2.311,14.019499,13.42724003
2.312,14.074737,13.44077348
2.313,13.998937,13.44583256
2.314,13.877067,13.44241407
2.315,13.677881,13.43052018
2.316,13.725708,13.41015839
2.317,13.761636,13.38134153
2.318,13.782888,13.34408776
2.319,13.81499,13.29842059
2.32,13.833478,13.2443688
2.321,13.820623,13.18196648
2.322,13.761559,13.11125296
2.323,13.697078,13.03227283
2.324,13.586813,12.94507588
2.325,13.374156,12.84971711
2.326,13.269129,12.74625662
2.327,12.907819,12.63475965
2.328,12.539155,12.51529651
2.329,11.976239,12.3879425
2.33,11.643747,12.25277793
2.331,11.147712,12.10988801
2.332,10.731138,11.95936285
2.333,10.385892,11.80129734
2.334,10.056655,11.63579114
2.335,9.780825,11.46294861
2.336,9.480371,11.28287872
2.337,9.182029,11.09569501
2.338,8.760289,10.9015155
2.339,8.37688,10.7004626
2.34,7.900203,10.4926631
2.341,7.610326,10.278248
2.342,7.168745,10.0573525
2.343,6.552369,9.830115857
2.344,5.868778,9.596681357
2.345,5.208565,9.357196176
2.346,4.964421,9.111811309
2.347,4.581329,8.86068147
2.348,4.405722,8.603964996
2.349,4.069612,8.341823746
2.35,4.017742,8.074422999
2.351,3.970534,7.80193135
2.352,4.050256,7.524520605
2.353,4.250981,7.242365671
2.354,4.489157,6.955644445
2.355,4.773778,6.664537705
2.356,4.850825,6.369228992
2.357,4.772084,6.069904498
2.358,4.446361,5.766752945
2.359,3.866667,5.459965471
2.36,3.18803,5.149735504
2.361,2.458826,4.836258643
2.362,1.691187,4.519732534
2.363,2.216788,4.200356746
2.364,1.587486,3.878332645
2.365,1.058811,3.553863265
2.366,0.50081,3.227153185
2.367,0.15556,2.898408394
2.368,0.648593,2.567836164
2.369,1.721897,2.235644921
2.37,0.039558,1.902044109
2.371,1.28911,1.567244064
2.372,1.28543,1.231455876
2.373,1.323907,0.894891259
2.374,1.68798,0.557762415
2.375,1.761144,0.220281903
2.376,1.746986,-0.117337496
2.377,1.677291,-0.454882914
2.378,1.617423,-0.792141529
2.379,1.336238,-1.128900701
2.38,1.257959,-1.464948105
2.381,1.126074,-1.800071863
2.382,0.875556,-2.13406068
2.383,0.453648,-2.466703978
2.384,-0.093072,-2.797792027
2.385,-0.724307,-3.127116075
2.386,-1.13136,-3.454468484
2.387,-1.584076,-3.779642862
2.388,-1.970112,-4.102434184
2.389,-7.464049,-4.422638933
2.39,-8.131962,-4.740055221
2.391,-8.751328,-5.054482917
2.392,-9.233703,-5.365723775
2.393,-9.567512,-5.67358156
2.394,-9.66023,-5.977862167
2.395,-9.724839,-6.278373748
2.396,-9.618652,-6.574926832
2.397,-9.471279,-6.867334443
2.398,-9.284087,-7.155412218
2.399,-9.101731,-7.438978526
2.4,-8.914706,-7.717854578
2.401,-8.944795,-7.991864544
2.402,-9.101687,-8.260835662
2.403,-9.366339,-8.524598346
2.404,-9.689294,-8.782986294
2.405,-10.003507,-9.035836593
2.406,-10.329681,-9.282989823
2.407,-10.552099,-9.524290153
2.408,-10.862464,-9.759585444
2.409,-11.290128,-9.988727344
2.41,-11.680037,-10.21157138
2.411,-11.9481,-10.42797705
2.412,-12.080076,-10.6378079
2.413,-12.17981,-10.84093165
2.414,-12.338837,-11.03722022
2.415,-12.573375,-11.22654985
2.416,-12.9039,-11.40880118
2.417,-13.302425,-11.58385929
2.418,-13.636195,-11.7516138
2.419,-14.061097,-11.91195896
2.42,-14.342296,-12.06479366
2.421,-14.650237,-12.21002154
2.422,-14.778468,-12.34755103
2.423,-14.941461,-12.47729543
2.424,-15.13573,-12.59917293
2.425,-15.290124,-12.71310668
2.426,-15.502318,-12.81902486
2.427,-15.718338,-12.91686067
2.428,-15.746162,-13.00655244
2.429,-15.517939,-13.08804362
2.43,-15.131057,-13.16128282
2.431,-14.78176,-13.22622386
2.432,-14.523436,-13.28282581
2.433,-14.370385,-13.33105298
2.434,-14.111273,-13.37087495
2.435,-13.830388,-13.40226662
2.436,-13.535567,-13.4252082
2.437,-13.273379,-13.43968523
2.438,-13.160851,-13.44568857
2.439,-13.154009,-13.44321444
2.44,-13.265327,-13.4322644
2.441,-13.355682,-13.41284535
2.442,-13.411872,-13.38496955
2.443,-13.489772,-13.34865455
2.444,-13.489308,-13.30392327
2.445,-13.513939,-13.2508039
2.446,-13.44885,-13.18932994
2.447,-13.391985,-13.11954013
2.448,-13.306788,-13.0414785
2.449,-13.16645,-12.95519425
2.45,-13.275107,-12.86074178
2.451,-13.235668,-12.75818065
2.452,-13.18402,-12.64757553
2.453,-13.122744,-12.52899614
2.454,-12.987397,-12.40251726
2.455,-12.724667,-12.26821862
2.456,-12.371473,-12.12618491
2.457,-12.004892,-11.97650567
2.458,-11.566004,-11.81927527
2.459,-11.022914,-11.65459285
2.46,-10.384652,-11.48256225
2.461,-9.768051,-11.30329192
2.462,-9.153134,-11.1168949
2.463,-8.615494,-10.92348871
2.464,-8.173762,-10.72319528
2.465,-7.899417,-10.51614092
2.466,-7.753713,-10.30245615
2.467,-7.91821,-10.08227571
2.468,-7.839092,-9.855738432
2.469,-7.764533,-9.622987133
2.47,-7.705958,-9.384168567
2.471,-7.62214,-9.139433309
2.472,-7.425523,-8.888935664
2.473,-7.135674,-8.632833569
2.474,-7.130741,-8.371288496
2.475,-6.925252,-8.104465349
2.476,-6.778505,-7.83253236
2.477,-6.598829,-7.55566098
2.478,-6.414689,-7.274025776
2.479,-6.236248,-6.98780432
2.48,-6.096989,-6.697177072
2.481,-6.032669,-6.402327273
2.482,-6.035791,-6.103440824
2.483,-5.954866,-5.800706172
2.484,-5.734815,-5.494314191
2.485,-5.362451,-5.18445806
2.486,-4.850484,-4.871333143
2.487,-4.185655,-4.555136864
2.488,-4.059788,-4.236068583
2.489,-3.469265,-3.914329473
2.49,-2.959024,-3.590122389
2.491,-2.925347,-3.263651743
2.492,-2.680246,-2.935123373
2.493,-2.577108,-2.604744416
2.494,-2.641307,-2.272723175
2.495,-2.737298,-1.939268988
2.496,-2.947583,-1.604592098
2.497,-2.106856,-1.268903516
2.498,-2.432661,-0.932414895
2.499,-2.561076,-0.595338388
2.5,-2.620545,-0.257886523
2.501,-2.34304,0.07972794
2.502,-1.805262,0.417292134
2.503,-1.131809,0.754593227
2.504,-0.287149,1.091418551
2.505,0.581447,1.427555738
2.506,1.287556,1.762792855
2.507,2.189264,2.096918537
2.508,2.911876,2.429722117
2.509,3.770411,2.760993764
2.51,4.596412,3.090524612
2.511,5.349289,3.418106893
2.512,5.958493,3.743534066
2.513,6.506012,4.066600952
2.514,7.064455,4.387103858
2.515,7.676221,4.704840706
2.516,8.265799,5.019611165
2.517,8.762919,5.331216774
2.518,9.169924,5.639461065
2.519,9.209822,5.944149691
2.52,9.51339,6.245090547
2.521,9.839082,6.542093891
2.522,10.204116,6.834972463
2.523,10.512177,7.123541604
2.524,10.562025,7.407619371
2.525,10.554426,7.687026655
2.526,10.351046,7.961587289
2.527,10.410488,8.231128165
2.528,10.52778,8.495479338
2.529,10.651651,8.754474134
2.53,10.585615,9.007949258
2.531,10.608172,9.255744895
2.532,10.532488,9.497704811
2.533,10.606058,9.73367645
2.534,6.574968,9.963511032
2.535,6.566547,10.18706365
2.536,6.621336,10.40419335
2.537,6.670147,10.61476324
2.538,6.763046,10.81864054
2.539,11.303731,11.01569673
2.54,11.751163,11.20580754
2.541,12.091324,11.38885313
2.542,12.566106,11.56471808
2.543,13.096587,11.7332915
2.544,13.653767,11.89446712
2.545,14.166736,12.04814331
2.546,14.703337,12.19422317
2.547,15.170325,12.33261461
2.548,15.555993,12.46323038
2.549,15.831273,12.58598811
2.55,16.038642,12.70081041
2.551,16.438035,12.80762488
2.552,16.822262,12.90636418
2.553,17.10168,12.99696606
2.554,17.315079,13.07937338
2.555,17.46893,13.15353419
2.556,17.666522,13.21940174
2.557,17.832441,13.27693449
2.558,17.977527,13.32609617
2.559,18.009997,13.36685579
2.56,17.829445,13.39918764
2.561,17.404499,13.42307133
2.562,16.905219,13.43849182
2.563,16.511351,13.44543938
2.564,15.989827,13.44390962
2.565,15.460972,13.43390352
2.566,15.025026,13.41542737
2.567,14.8057,13.38849284
2.568,14.707161,13.3531169
2.569,14.764468,13.30932186
2.57,14.966877,13.25713532
2.571,14.968126,13.1965902
2.572,14.956184,13.12772466
2.573,14.975276,13.05058213
2.574,14.890481,12.96521125
2.575,14.75582,12.87166583
2.576,14.388734,12.77000487
2.577,14.189561,12.66029245
2.578,14.061181,12.54259775
2.579,13.850784,12.41699498
2.58,13.57896,12.28356333
2.581,13.618172,12.14238692
2.582,13.587934,11.99355478
2.583,13.362874,11.83716073
2.584,13.516724,11.67330338
2.585,13.588699,11.50208605
2.586,13.423168,11.32361668
2.587,13.076944,11.13800781
2.588,12.887126,10.94537645
2.589,12.469926,10.74584406
2.59,12.072281,10.53953645
2.591,11.984482,10.32658369
2.592,11.548061,10.10712005
2.593,11.236128,9.881283893
2.594,10.794356,9.649217616
2.595,10.402406,9.411067534
2.596,10.113656,9.1669838
2.597,9.706432,8.917120308
2.598,9.448022,8.661634596
2.599,9.143116,8.400687748
2.6,8.809458,8.134444289
2.601,8.395534,7.863072085
2.602,7.92906,7.586742237
2.603,7.462134,7.305628968
2.604,7.049305,7.01990952
2.605,6.710461,6.729764039
2.606,6.425115,6.43537546
2.607,6.260489,6.136929395
2.608,6.138511,5.834614013
2.609,6.192583,5.528619922
2.61,6.050573,5.219140052
2.611,5.884071,4.906369529
2.612,5.70135,4.590505553
2.613,5.568883,4.271747276
2.614,5.359579,3.950295675
2.615,5.158264,3.626353423
2.616,4.906015,3.300124764
2.617,4.614266,2.971815387
2.618,4.260324,2.641632288
2.619,3.919148,2.309783647
2.62,3.591671,1.976478694
2.621,3.27791,1.641927577
2.622,3.008683,1.306341228
2.623,2.701739,0.969931236
2.624,2.30475,0.632909704
2.625,1.881876,0.295489125
2.626,1.672338,-0.04211776
2.627,1.448728,-0.37969809
2.628,1.252888,-0.71703902
2.629,1.308767,-1.05392786
2.63,1.163889,-1.390152201
2.631,1.177325,-1.725500055
2.632,1.107436,-2.059759986
2.633,1.023159,-2.392721244
2.634,0.863086,-2.724173898
2.635,3.127724,-3.053908968
2.636,2.945676,-3.381718557
2.637,2.771948,-3.707395981
2.638,2.475668,-4.030735902
2.639,2.151329,-4.351534456
2.64,1.781995,-4.669589379
2.641,1.357309,-4.984700139
2.642,0.862704,-5.296668059
2.643,0.287933,-5.605296445
2.644,-0.342457,-5.910390707
2.645,-0.962171,-6.211758484
2.646,-1.592295,-6.509209764
2.647,-2.150293,-6.802557005
2.648,-7.17444,-7.091615253
2.649,-8.009744,-7.376202257
2.65,-8.848486,-7.656138586
2.651,-9.701386,-7.931247741
2.652,-10.322213,-8.201356266
2.653,-10.608925,-8.466293859
2.654,-10.632531,-8.725893476
2.655,-10.877202,-8.979991442
2.656,-11.18868,-9.228427548
2.657,-11.49678,-9.471045156
2.658,-11.708562,-9.707691297
2.659,-11.836246,-9.938216764
2.66,-11.841195,-10.16247621
2.661,-11.907672,-10.38032825
2.662,-12.178543,-10.59163552
2.663,-12.616497,-10.79626479
2.664,-13.039459,-10.99408704
2.665,-13.312773,-11.18497756
2.666,-13.64758,-11.36881598
2.667,-13.901385,-11.54548639
2.668,-13.992027,-11.7148774
2.669,-14.041218,-11.87688221
2.67,-14.056256,-12.03139869
2.671,-13.97321,-12.1783294
2.672,-13.994228,-12.3175817
2.673,-13.968321,-12.44906781
2.674,-13.929727,-12.57270481
2.675,-13.895226,-12.68841476
2.676,-13.819025,-12.79612469
2.677,-13.666903,-12.89576671
2.678,-14.031781,-12.98727798
2.679,-14.2857,-13.07060081
2.68,-14.540089,-13.14568265
2.681,-14.703085,-13.21247619
2.682,-14.69488,-13.27093929
2.683,-14.569564,-13.3210351
2.684,-14.301823,-13.36273204
2.685,-14.150192,-13.39600381
2.686,-13.857748,-13.42082944
2.687,-13.190345,-13.43719327
2.688,-12.733628,-13.44508499
2.689,-12.277678,-13.44449962
2.69,-11.992947,-13.43543753
2.691,-11.754821,-13.41790443
2.692,-11.641446,-13.39191138
2.693,-11.60959,-13.35747477
2.694,-11.590931,-13.31461631
2.695,-11.545404,-13.26336301
2.696,-11.720907,-13.20374721
2.697,-11.901779,-13.13580648
2.698,-12.23209,-13.05958366
2.699,-13.057595,-12.9751268
2.7,-13.48059,-12.88248917
2.701,-13.817518,-12.78172916
2.702,-13.880361,-12.67291031
2.703,-14.04314,-12.55610122
2.704,-14.404656,-12.43137555
2.705,-14.526247,-12.29881192
2.706,-14.492905,-12.15849393
2.707,-14.421142,-12.01051005
2.708,-14.293425,-11.85495357
2.709,-14.136295,-11.69192257
2.71,-13.839278,-11.52151985
2.711,-13.42887,-11.34385285
2.712,-12.949309,-11.15903357
2.713,-12.386299,-10.96717856
2.714,-11.664698,-10.76840877
2.715,-10.82813,-10.56284952
2.716,-9.955288,-10.35063043
2.717,-9.104253,-10.1318853
2.718,-7.920831,-9.906752041
2.719,-7.52452,-9.675372601
2.72,-7.099876,-9.437892866
2.721,-6.839555,-9.194462566
2.722,-6.747923,-8.945235183
2.723,-6.623581,-8.690367853
2.724,-6.718408,-8.43002127
2.725,-6.857335,-8.164359583
2.726,-6.973853,-7.893550289
2.727,-7.011562,-7.617764133
2.728,-6.931112,-7.337174999
2.729,-6.631692,-7.051959795
2.73,-6.129603,-6.762298351
2.731,-5.581092,-6.468373296
2.732,-4.864977,-6.17036995
2.733,-4.260971,-5.868476202
2.734,-3.621806,-5.562882396
2.735,-3.132112,-5.253781209
2.736,-4.139847,-4.941367526
2.737,-4.401886,-4.625838326
2.738,-4.401036,-4.307392547
2.739,-4.415536,-3.986230968
2.74,-4.513669,-3.662556083
2.741,-4.67726,-3.336571965
2.742,-4.679632,-3.008484149
2.743,-4.517771,-2.678499491
2.744,-2.689172,-2.346826047
2.745,-2.066798,-2.013672935
2.746,-1.397513,-1.679250209
2.747,-0.564337,-1.343768719
2.748,0.32625,-1.007439988
2.749,1.171372,-0.670476068
2.75,1.979494,-0.333089414
2.751,2.7878,0.004507251
2.752,3.634149,0.342101074
2.753,4.431819,0.679479204
2.754,5.250989,1.016428924
2.755,6.088964,1.352737788
2.756,6.770085,1.688193755
2.757,7.396088,2.02258532
2.758,7.704833,2.355701651
2.759,8.153363,2.687332718
2.76,8.144518,3.01726943
2.761,8.592306,3.345303761
2.762,8.890705,3.671228888
2.763,8.951663,3.994839315
2.764,8.871768,4.315931007
2.765,8.638483,4.634301516
2.766,8.451885,4.949750111
2.767,8.317095,5.262077903
2.768,8.363127,5.571087968
2.769,8.577226,5.876585478
2.77,8.710211,6.178377818
2.771,8.93636,6.476274707
2.772,8.777931,6.770088322
2.773,9.082549,7.059633416
2.774,9.250162,7.344727431
2.775,9.241269,7.625190615
2.776,9.317839,7.900846137
2.777,9.150639,8.171520198
2.778,9.183457,8.437042138
2.779,9.168392,8.697244546
2.78,9.152117,8.951963365
2.781,9.156679,9.201037996
2.782,9.387256,9.444311398
2.783,9.821563,9.681630188
2.784,10.484103,9.912844737
2.785,11.375452,10.13780926
2.786,11.989175,10.35638193
2.787,12.493082,10.56842493
2.788,12.819502,10.77380456
2.789,13.044943,10.97239134
2.79,13.286388,11.16406006
2.791,13.423978,11.34868987
2.792,13.623055,11.52616436
2.793,13.704865,11.69637163
2.794,13.613521,11.85920438
2.795,13.393917,12.01455993
2.796,13.164151,12.16234033
2.797,12.912203,12.30245242
2.798,12.806551,12.43480784
2.799,12.873043,12.55932314
2.8,13.043416,12.67591983
2.801,13.294982,12.78452439
2.802,13.445378,12.88506834
2.803,13.7061,12.97748829
2.804,14.08485,13.06172596
2.805,14.399997,13.13772826
2.806,14.658195,13.20544726
2.807,14.974716,13.26484025
2.808,15.076854,13.3158698
2.809,15.057385,13.35850374
2.81,14.832274,13.39271517
2.811,14.420866,13.41848253
2.812,13.919263,13.43578958
2.813,13.556152,13.4446254
2.814,13.399693,13.44498442
2.815,13.311613,13.43686641
2.816,13.242028,13.4202765
2.817,13.300701,13.39522514
2.818,13.343717,13.36172812
2.819,13.429802,13.31980658
2.82,13.530924,13.26948693
2.821,13.532818,13.21080091
2.822,13.252154,13.14378552
2.823,12.766752,13.068483
2.824,12.452294,12.98494084
2.825,11.936932,12.89321171
2.826,11.496115,12.79335345
2.827,11.129033,12.68542902
2.828,10.819095,12.56950645
2.829,10.566043,12.44565885
2.83,10.379964,12.31396429
2.831,10.387454,12.17450582
2.832,10.417368,12.02737135
2.833,10.499758,11.87265365
2.834,10.575574,11.71045028
2.835,10.623914,11.54086351
2.836,10.690929,11.36400025
2.837,10.729741,11.17997202
2.838,10.731003,10.98889485
2.839,10.649446,10.79088921
2.84,10.507788,10.58607995
2.841,10.372375,10.37459619
2.842,10.103875,10.15657128
2.843,10.155465,9.932142675
2.844,9.933843,9.701451884
2.845,9.6859,9.464644355
2.846,9.308889,9.221869393
2.847,8.817914,8.973280068
2.848,8.314948,8.719033114
2.849,7.885978,8.459288835
2.85,7.216246,8.194210997
2.851,6.865449,7.923966731
2.852,6.59313,7.648726427
2.853,6.397588,7.368663622
2.854,6.150759,7.083954894
2.855,6.0188,6.794779753
2.856,5.938624,6.501320522
2.857,5.922621,6.203762226
2.858,5.814219,5.902292475
2.859,5.638173,5.597101345
2.86,5.477822,5.288381258
2.861,5.3378,4.976326861
2.862,5.325664,4.661134904
2.863,5.224598,4.343004115
2.864,5.03184,4.022135073
2.865,4.890662,3.698730086
2.866,4.766882,3.37299306
2.867,4.614874,3.045129371
2.868,4.466624,2.715345737
2.869,4.171674,2.383850085
2.87,3.753049,2.050851421
2.871,3.815818,1.716559702
2.872,3.453198,1.381185696
2.873,2.803452,1.044940857
2.874,1.290804,0.708037185
2.875,0.661935,0.370687098
2.876,0.360598,0.033103294
2.877,-0.233297,-0.304501382
2.878,-0.755009,-0.641914071
2.879,-1.272515,-0.978922034
2.88,-1.711623,-1.31531279
2.881,-2.033432,-1.650874245
2.882,-2.215899,-1.985394828
2.883,0.638041,-2.318663626
2.884,0.536861,-2.650470512
2.885,0.345539,-2.980606284
2.886,0.149958,-3.308862792
2.887,0.727011,-3.635033071
2.888,0.433736,-3.958911471
2.889,0.240392,-4.280293789
2.89,0.084678,-4.598977394
2.891,-0.047198,-4.914761356
2.892,-0.219542,-5.227446574
2.893,-0.386882,-5.536835902
2.894,-0.524658,-5.84273427
2.895,-0.777405,-6.144948811
2.896,-1.020527,-6.443288978
2.897,-1.259853,-6.737566669
2.898,-1.484559,-7.027596343
2.899,-1.829606,-7.313195137
2.9,-2.25164,-7.594182982
2.901,-2.991283,-7.870382715
2.902,-8.729964,-8.141620193
2.903,-9.515678,-8.407724403
2.904,-9.93314,-8.668527566
2.905,-10.604766,-8.923865245
2.906,-11.145096,-9.173576453
2.907,-11.528846,-9.417503746
2.908,-11.554852,-9.655493329
2.909,-11.705751,-9.887395149
2.91,-11.770515,-10.113063
2.911,-11.918841,-10.33235458
2.912,-11.862535,-10.54513165
2.913,-11.858697,-10.75126004
2.914,-12.030965,-10.95060979
2.915,-12.179342,-11.14305521
2.916,-12.401698,-11.32847496
2.917,-12.573731,-11.50675215
2.918,-12.832292,-11.67777436
2.919,-12.891192,-11.84143376
2.92,-7.695023,-11.99762717
2.921,-7.894611,-12.14625611
2.922,-13.404634,-12.28722687
2.923,-13.420583,-12.42045057
2.924,-13.238591,-12.54584321
2.925,-13.078576,-12.66332573
2.926,-12.872644,-12.77282405
2.927,-12.770206,-12.87426915
2.928,-12.805321,-12.96759705
2.929,-12.84874,-13.05274893
2.93,-12.953496,-13.12967107
2.931,-12.872008,-13.198315
2.932,-13.204677,-13.25863743
2.933,-13.320965,-13.31060032
2.934,-13.442773,-13.35417091
2.935,-13.528357,-13.38932174
2.936,-8.808691,-13.41603064
2.937,-8.788526,-13.43428077
2.938,-8.579757,-13.44406062
2.939,-8.511665,-13.44536402
2.94,-8.502118,-13.43819016
2.941,-8.599048,-13.42254356
2.942,-8.851577,-13.39843409
2.943,-9.160474,-13.36587694
2.944,-9.479544,-13.32489264
2.945,-9.781442,-13.27550703
2.946,-10.146541,-13.21775125
2.947,-14.101352,-13.15166171
2.948,-14.303511,-13.07728009
2.949,-14.273235,-12.99465328
2.95,-14.112084,-12.90383338
2.951,-13.672328,-12.80487764
2.952,-13.498936,-12.69784847
2.953,-12.913949,-12.58281334
2.954,-12.235271,-12.45984477
2.955,-11.456859,-12.32902031
2.956,-10.859371,-12.19042244
2.957,-10.424533,-12.04413854
2.958,-9.98626,-11.89026084
2.959,-9.765428,-11.72888637
2.96,-9.657059,-11.56011687
2.961,-9.638445,-11.38405874
2.962,-9.832316,-11.200823
2.963,-10.043379,-11.01052517
2.964,-10.462804,-10.81328523
2.965,-10.60379,-10.60922755
2.966,-10.597994,-10.39848077
2.967,-10.521837,-10.18117779
2.968,-10.353375,-9.957455599
2.969,-10.142731,-9.727455261
2.97,-9.642499,-9.491321789
2.971,-9.358421,-9.249204065
2.972,-9.127551,-9.001254744
2.973,-9.003696,-8.747630156
2.974,-8.941564,-8.488490211
2.975,-8.898753,-8.223998297
2.976,-9.131358,-7.954321175
2.977,-9.071683,-7.679628875
2.978,-9.091282,-7.40009459
2.979,-8.95015,-7.115894567
2.98,-8.803316,-6.827207991
2.981,-8.599455,-6.534216879
2.982,-8.263991,-6.237105962
2.983,-7.730797,-5.936062567
2.984,-7.494135,-5.631276501
2.985,-6.767199,-5.32293993
2.986,-5.964989,-5.01124726
2.987,-5.130397,-4.696395013
2.988,-4.329844,-4.378581702
2.989,-3.565381,-4.058007707
2.99,-2.926811,-3.73487515
2.991,-2.280559,-3.409387764
2.992,-1.781817,-3.081750768
2.993,-1.389311,-2.752170737
2.994,-1.108578,-2.420855471
2.995,-1.178885,-2.088013861
2.996,-1.387757,-1.753855764
2.997,-1.756677,-1.418591867
2.998,-2.091968,-1.08243355
2.999,-2.469953,-0.745592763
3,-2.457974,-0.408281881
3.001,-2.26827,-0.070713579
3.002,-1.879379,0.266899308
3.003,-1.198805,0.604343915
3.004,-0.514401,0.941407486
3.005,0.126828,1.277877501
3.006,0.641463,1.613541819
3.007,1.130591,1.948188803
3.008,1.626023,2.281607459
3.009,2.111671,2.613587568
3.01,2.552958,2.943919817
3.011,2.937041,3.272395932
3.012,3.1515,3.598808812
3.013,3.429828,3.922952652
3.014,3.872825,4.244623081
3.015,4.554113,4.563617288
3.016,5.42476,4.879734146
3.017,6.088939,5.192774345
3.018,7.010727,5.502540514
3.019,7.804399,5.808837347
3.02,8.586831,6.111471724
3.021,9.146418,6.410252835
3.022,9.740125,6.704992299
3.023,10.306579,6.995504284
3.024,10.764629,7.281605623
3.025,11.055885,7.56311593
3.026,10.912834,7.839857713
3.027,10.943625,8.111656487
3.028,10.899244,8.378340884
3.029,10.813788,8.639742761
3.03,10.448656,8.895697303
3.031,10.426708,9.146043133
3.032,10.473966,9.390622409
3.033,10.489956,9.629280922
3.034,10.792277,9.861868201
3.035,11.275013,10.0882376
3.036,11.871652,10.30824639
3.037,12.4027,10.52175586
3.038,13.064837,10.72863139
3.039,13.557848,10.92874256
3.04,13.9843,11.12196317
3.041,14.224063,11.30817143
3.042,14.247406,11.48724991
3.043,14.008602,11.65908571
3.044,13.549732,11.82357049
3.045,12.82251,11.98060054
3.046,7.445275,12.13007685
3.047,10.85711,12.27190519
3.048,5.906885,12.40599612
3.049,8.764378,12.53226511
3.05,7.963804,12.65063254
3.051,7.465442,12.76102378
3.052,7.257636,12.86336923
3.053,7.372781,12.95760436
3.054,7.502578,13.04366976
3.055,7.707525,13.12151116
3.056,8.027454,13.19107948
3.057,8.504156,13.25233086
3.058,9.021183,13.30522669
3.059,9.565356,13.34973361
3.06,10.174063,13.38582355
3.061,10.805436,13.41347378
3.062,11.379945,13.43266684
3.063,11.849861,13.44339064
3.064,12.271451,13.44563843
3.065,12.720412,13.43940877
3.066,13.166192,13.42470561
3.067,13.693281,13.40153821
3.068,14.158262,13.36992117
3.069,14.597651,13.32987443
3.07,14.956044,13.28142325
3.071,15.08751,13.22459817
3.072,14.942293,13.15943501
3.073,14.366467,13.08597486
3.074,13.735504,13.00426405
3.075,13.12423,12.91435408
3.076,12.402102,12.81630165
3.077,11.783717,12.71016857
3.078,11.255998,12.59602177
3.079,10.719955,12.47393321
3.08,10.168527,12.34397987
3.081,9.766265,12.20624368
3.082,9.434009,12.0608115
3.083,9.422352,11.907775
3.084,9.736108,11.74723069
3.085,10.138212,11.57927977
3.086,10.4438,11.40402816
3.087,10.649679,11.22158634
3.088,10.832014,11.03206933
3.089,11.119965,10.83559664
3.09,11.500818,10.63229213
3.091,11.858069,10.422284
3.092,12.063692,10.20570464
3.093,11.959777,9.982690613
3.094,11.478869,9.753382528
3.095,10.546342,9.517924961
3.096,9.651646,9.27646637
3.097,8.914479,9.029158992
3.098,7.863315,8.776158754
3.099,6.6372,8.517625172
3.1,5.331282,8.253721251
3.101,4.15464,7.984613382
3.102,3.343048,7.710471236
3.103,2.796869,7.431467659
3.104,2.487327,7.147778562
3.105,2.451394,6.859582811
3.106,2.665226,6.567062112
3.107,2.88736,6.270400898
3.108,3.11929,5.969786214
3.109,3.286681,5.665407596
3.11,3.448828,5.357456954
3.111,3.576904,5.04612845
3.112,3.620788,4.731618377
3.113,3.752508,4.414125031
3.114,3.824931,4.093848591
3.115,3.822774,3.770990991
3.116,3.673112,3.445755792
3.117,3.29145,3.118348053
3.118,2.950196,2.788974204
3.119,2.940297,2.457841915
3.12,2.894778,2.125159963
3.121,2.847331,1.791138104
3.122,2.799255,1.455986937
3.123,4.264351,1.119917775
3.124,3.88992,0.783142507
3.125,3.373826,0.44587347
3.126,2.740761,0.108323312
3.127,2.417663,-0.229295145
3.128,3.157949,-0.566769031
3.129,2.524741,-0.903885571
3.13,2.027795,-1.240432214
3.131,1.337629,-1.576196768
3.132,0.70656,-1.910967534
3.133,0.105059,-2.24453344
3.134,-0.370808,-2.576684174
3.135,-0.77028,-2.907210316
3.136,-1.10819,-3.235903469
3.137,-1.356656,-3.562556395
3.138,-1.56243,-3.886963139
3.139,-1.772906,-4.208919163
3.14,-2.038805,-4.528221475
3.141,-2.303182,-4.844668756
3.142,-2.720519,-5.158061486
3.143,-8.153728,-5.468202074
3.144,-8.694248,-5.774894975
3.145,-9.064733,-6.07794682
3.146,-9.378731,-6.377166537
3.147,-9.620397,-6.672365468
3.148,-9.774664,-6.963357491
3.149,-10.10185,-7.249959136
3.15,-10.464329,-7.531989702
3.151,-10.794515,-7.80927137
3.152,-11.103478,-8.081629313
3.153,-11.37444,-8.348891812
3.154,-11.658529,-8.610890357
3.155,-11.710315,-8.86745976
3.156,-12.033517,-9.118438253
3.157,-12.438788,-9.363667597
3.158,-12.87362,-9.602993174
3.159,-13.272167,-9.83626409
3.16,-13.452214,-10.06333327
3.161,-13.402619,-10.28405754
3.162,-13.26127,-10.49829775
3.163,-13.184066,-10.70591881
3.164,-13.172369,-10.90678981
3.165,-13.208253,-11.10078412
3.166,-13.224609,-11.28777941
3.167,-13.147162,-11.46765779
3.168,-13.012476,-11.64030584
3.169,-12.926866,-11.80561471
3.17,-12.938995,-11.96348017
3.171,-13.194874,-12.11380269
3.172,-13.581731,-12.25648749
3.173,-13.891319,-12.39144461
3.174,-14.132615,-12.51858896
3.175,-14.36602,-12.63784037
3.176,-14.630749,-12.74912366
3.177,-14.948244,-12.85236867
3.178,-15.379639,-12.94751028
3.179,-15.761279,-13.03448853
3.18,-16.040867,-13.11324858
3.181,-16.180302,-13.18374075
3.182,-16.299184,-13.24592061
3.183,-16.566697,-13.29974896
3.184,-16.842428,-13.34519185
3.185,-16.952202,-13.38222063
3.186,-16.897136,-13.41081196
3.187,-16.498775,-13.43094781
3.188,-16.161959,-13.44261549
3.189,-15.782942,-13.44580763
3.19,-15.352516,-13.44052223
3.191,-14.824411,-13.42676262
3.192,-14.297964,-13.40453747
3.193,-13.705321,-13.37386079
3.194,-13.156589,-13.33475194
3.195,-12.731215,-13.28723556
3.196,-12.643692,-13.23134161
3.197,-12.623544,-13.16710534
3.198,-12.664849,-13.09456725
3.199,-12.700069,-13.01377306
3.2,-12.667044,-12.92477373
3.201,-12.578605,-12.82762537
3.202,-12.58727,-12.72238922
3.203,-12.761342,-12.60913165
3.204,-13.046094,-12.48792405
3.205,-13.367092,-12.35884284
3.206,-13.622985,-12.22196942
3.207,-13.846818,-12.07739009
3.208,-14.092435,-11.92519599
3.209,-14.48621,-11.76548309
3.21,-14.560664,-11.59835208
3.211,-14.512908,-11.42390835
3.212,-14.322504,-11.24226187
3.213,-14.11803,-11.05352718
3.214,-13.944078,-10.85782327
3.215,-14.434733,-10.65527353
3.216,-14.312469,-10.44600567
3.217,-13.517583,-10.23015164
3.218,-13.374702,-10.00784752
3.219,-13.06122,-9.779233482
3.22,-12.779746,-9.544453663
3.221,-12.517208,-9.303656093
3.222,-12.243864,-9.056992593
3.223,-11.740689,-8.804618685
3.224,-11.071692,-8.546693489
3.225,-10.255603,-8.283379626
3.226,-9.452355,-8.014843115
3.227,-8.954539,-7.741253268
3.228,-8.340512,-7.462782582
3.229,-7.892458,-7.179606632
3.23,-7.593719,-6.89190396
3.231,-7.403432,-6.599855962
3.232,-7.208267,-6.303646773
3.233,-7.011155,-6.003463152
3.234,-6.861729,-5.699494363
3.235,-6.750819,-5.39193206
3.236,-6.723658,-5.080970158
3.237,-6.460485,-4.766804718
3.238,-6.027442,-4.449633822
3.239,-5.39735,-4.129657443
3.24,-5.795312,-3.807077327
3.241,-5.184416,-3.482096859
3.242,-4.624843,-3.154920939
3.243,-4.279819,-2.825755849
3.244,-3.96185,-2.494809129
3.245,-3.59537,-2.162289438
3.246,-3.389262,-1.82840643
3.247,-3.023992,-1.493370616
3.248,-0.917249,-1.157393237
3.249,-0.63676,-0.820686124
3.25,-0.393447,-0.483461571
3.251,-0.081793,-0.145932196
3.252,0.259546,0.191689188
3.253,0.648994,0.529189713
3.254,1.09326,0.866356585
3.255,1.414683,1.202977221
3.256,1.735894,1.538839384
3.257,1.995417,1.873731313
3.258,2.333599,2.207441859
3.259,2.721221,2.53976062
3.26,3.056645,2.870478068
3.261,3.432989,3.199385688
3.262,3.726559,3.526276104
3.263,4.100165,3.850943213
3.264,4.384034,4.173182312
3.265,4.4472,4.492790232
3.266,4.683181,4.80956546
3.267,4.841125,5.12330827
3.268,4.873254,5.433820848
3.269,4.973959,5.740907418
3.27,2.201064,6.044374361
3.271,2.28652,6.344030342
3.272,5.474497,6.639686431
3.273,5.745283,6.931156215
3.274,6.107241,7.218255924
3.275,6.332079,7.500804543
3.276,3.135179,7.778623925
3.277,6.905531,8.051538907
3.278,7.437751,8.319377415
3.279,7.894319,8.581970579
3.28,8.369409,8.839152835
3.281,4.789412,9.090762028
3.282,5.269704,9.336639522
3.283,10.007969,9.57663029
3.284,10.509152,9.810583019
3.285,10.956438,10.0383502
3.286,11.298867,10.25978823
3.287,11.392372,10.4747575
3.288,11.423508,10.68312245
3.289,11.474762,10.88475173
3.29,11.405227,11.07951821
3.291,11.217858,11.26729907
3.292,11.278338,11.44797594
3.293,11.20779,11.62143489
3.294,11.192948,11.78756655
3.295,11.186926,11.94626619
3.296,6.44145,12.09743374
3.297,6.409621,12.24097389
3.298,11.16783,12.37679614
3.299,11.531378,12.50481486
3.3,11.975919,12.62494932
3.301,12.57697,12.73712379
3.302,12.717638,12.84126754
3.303,12.873937,12.9373149
3.304,12.812203,13.02520533
3.305,12.74191,13.10488339
3.306,12.886812,13.17629887
3.307,13.088614,13.23940672
3.308,13.456072,13.29416716
3.309,13.534777,13.34054567
3.31,13.469389,13.378513
3.311,13.307287,13.40804522
3.312,13.190423,13.4291237
3.313,13.310646,13.44173515
3.314,13.409217,13.44587163
3.315,13.502783,13.44153052
3.316,13.744801,13.42871457
3.317,14.00579,13.40743185
3.318,14.290492,13.37769578
3.319,14.282342,13.33952511
3.32,14.26192,13.2929439
3.321,14.052881,13.23798153
3.322,13.996693,13.17467265
3.323,13.924828,13.10305718
3.324,13.834999,13.02318026
3.325,13.622628,12.93509226
3.326,13.350692,12.83884873
3.327,13.025981,12.73451033
3.328,12.7465,12.62214287
3.329,12.204132,12.50181717
3.33,11.670533,12.37360912
3.331,11.151548,12.23759954
3.332,10.650096,12.09387418
3.333,10.16074,11.94252367
3.334,9.784355,11.78364344
3.335,9.371713,11.61733365
3.336,9.194307,11.44369916
3.337,9.136564,11.26284945
3.338,9.191715,11.07489854
3.339,9.448155,10.87996495
3.34,9.634144,10.67817156
3.341,9.822981,10.46964562
3.342,9.971856,10.25451859
3.343,10.040028,10.03292612
3.344,9.843484,9.80500792
3.345,9.460059,9.570907687
3.346,8.874427,9.330773022
3.347,8.183781,9.084755331
3.348,7.48518,8.833009727
3.349,6.76173,8.575694935
3.35,6.018886,8.31297319
3.351,5.245149,8.045010139
3.352,4.43668,7.771974731
3.353,3.698074,7.494039115
3.354,3.142792,7.211378528
3.355,2.798763,6.924171186
3.356,2.564953,6.632598174
3.357,2.37152,6.336843326
3.358,2.298074,6.037093117
3.359,2.098498,5.733536537
3.36,1.835053,5.426364978
3.361,1.570475,5.115772111
3.362,1.320304,4.801953764
3.363,1.063255,4.485107798
3.364,0.806101,4.165433984
3.365,0.61481,3.843133876
3.366,0.494806,3.518410682
3.367,0.417557,3.19146914
3.368,0.378507,2.862515385
3.369,0.417501,2.531756823
3.37,0.539971,2.199401995
3.371,0.718645,1.865660449
3.372,1.204536,1.530742611
3.373,1.57851,1.194859643
3.374,1.753615,0.858223319
3.375,1.714318,0.521045888
3.376,1.49288,0.183539939
3.377,1.159879,-0.154081731
3.378,0.777817,-0.491606254
3.379,0.360548,-0.82882082
3.38,-0.014024,-1.165512816
3.381,-0.235194,-1.50146996
3.382,-0.602733,-1.836480432
3.383,-1.008419,-2.170333007
3.384,-1.436539,-2.502817194
3.385,-1.827462,-2.833723361
3.386,-2.206964,-3.162842874
3.387,-0.458112,-3.489968223
3.388,-0.372164,-3.814893156
3.389,0.808365,-4.13741281
3.39,0.569016,-4.457323836
3.391,0.242681,-4.774424533
3.392,-0.147596,-5.088514967
3.393,-0.583324,-5.399397107
3.394,-1.000278,-5.706874943
3.395,-1.432057,-6.010754609
3.396,-1.631475,-6.310844511
3.397,-1.926118,-6.606955443
3.398,-2.124767,-6.898900708
3.399,-2.267317,-7.186496235
3.4,-2.405819,-7.469560696
3.401,-2.52508,-7.747915619
3.402,-2.622329,-8.021385503
3.403,-2.685678,-8.289797926
3.404,-2.671105,-8.552983654
3.405,-2.864915,-8.81077675
3.406,-8.109553,-9.063014675
3.407,-8.703397,-9.309538394
3.408,-9.502435,-9.550192476
3.409,-10.288941,-9.784825187
3.41,-11.259896,-10.01328859
3.411,-12.079177,-10.23543865
3.412,-12.924157,-10.45113529
3.413,-13.552897,-10.66024251
3.414,-13.995869,-10.86262849
3.415,-14.251567,-11.05816561
3.416,-14.134134,-11.24673058
3.417,-14.142042,-11.42820452
3.418,-14.031549,-11.60247301
3.419,-13.812954,-11.76942617
3.42,-13.666009,-11.92895874
3.421,-13.464476,-12.08097014
3.422,-13.45176,-12.22536452
3.423,-13.559383,-12.36205084
3.424,-13.687488,-12.49094292
3.425,-13.864289,-12.6119595
3.426,-13.93911,-12.72502427
3.427,-13.910733,-12.83006594
3.428,-13.829824,-12.9270183
3.429,-13.707135,-13.01582021
3.43,-13.471585,-13.09641567
3.431,-13.158599,-13.16875389
3.432,-12.897804,-13.23278924
3.433,-12.579864,-13.28848135
3.434,-12.222321,-13.33579512
3.435,-11.931391,-13.3747007
3.436,-11.711377,-13.40517357
3.437,-11.66645,-13.42719451
3.438,-11.6624,-13.44074965
3.439,-11.705075,-13.44583043
3.44,-11.914057,-13.44243365
3.441,-12.312997,-13.43056145
3.442,-12.801658,-13.41022133
3.443,-13.204656,-13.38142609
3.444,-13.41539,-13.3441939
3.445,-13.574085,-13.29854824
3.446,-13.617701,-13.24451787
3.447,-13.527217,-13.18213688
3.448,-13.355764,-13.11144458
3.449,-13.197723,-13.03248556
3.45,-12.856388,-12.94530959
3.451,-12.336208,-12.84997163
3.452,-12.039412,-12.74653181
3.453,-11.334615,-12.63505533
3.454,-10.526595,-12.51561248
3.455,-9.736535,-12.38827858
3.456,-9.07704,-12.2531339
3.457,-6.843164,-12.11026365
3.458,-6.606077,-11.95975792
3.459,-7.821742,-11.80171159
3.46,-7.543281,-11.63622431
3.461,-7.342617,-11.46340043
3.462,-7.129529,-11.2833489
3.463,-6.98383,-11.09618326
3.464,-6.902051,-10.9020215
3.465,-6.881916,-10.70098604
3.466,-6.796061,-10.49320365
3.467,-6.579412,-10.27880532
3.468,-6.337402,-10.05792623
3.469,-6.146727,-9.830705643
3.47,-6.038083,-9.597286826
3.471,-5.955406,-9.357816946
3.472,-6.102399,-9.112446988
3.473,-6.023232,-8.861331657
3.474,-6.026046,-8.604629282
3.475,-5.840908,-8.342501711
3.476,-5.694703,-8.075114217
3.477,-5.580601,-7.802635384
3.478,-5.506653,-7.525237012
3.479,-4.855794,-7.243093999
3.48,-4.79088,-6.956384235
3.481,-4.696846,-6.66528849
3.482,-4.631277,-6.369990299
3.483,-4.581973,-6.070675847
3.484,-4.523636,-5.76753385
3.485,-4.426565,-5.460755439
3.486,-4.848391,-5.150534037
3.487,-4.828084,-4.837065238
3.488,-4.752529,-4.520546682
3.489,-4.534486,-4.201177934
3.49,-4.111495,-3.879160355
3.491,-3.531421,-3.554696976
3.492,-3.181382,-3.22799237
3.493,-2.59495,-2.899252524
3.494,-2.209863,-2.568684708
3.495,-2.00399,-2.236497342
3.496,-3.092296,-1.902899872
3.497,-1.518345,-1.568102628
3.498,-1.091037,-1.2323167
3.499,-0.589767,-0.8957538
3.5,-0.136765,-0.558626129
3.501,0.0434,-0.221146246
3.502,0.266239,0.116473069
3.503,0.528513,0.454018948
3.504,0.90729,0.791278569
3.505,1.35452,1.128039292
3.506,1.795838,1.464088789
3.507,2.280628,1.799215181
3.508,2.709826,2.133207174
3.509,3.192046,2.465854185
3.51,0.506931,2.796946483
3.511,0.797122,3.126275313
3.512,4.841753,3.453633035
3.513,1.717192,3.778813251
3.514,2.122385,4.101610936
3.515,2.549085,4.421822566
3.516,2.946091,4.739246249
3.517,3.294344,5.053681851
3.518,3.654301,5.36493112
3.519,3.944253,5.672797816
3.52,4.227512,5.977087827
3.521,4.537599,6.277609302
3.522,4.886094,6.574172761
3.523,5.327428,6.866591222
3.524,5.820502,7.154680316
3.525,6.36798,7.438258405
3.526,11.543523,7.717146692
3.527,11.95849,7.991169339
3.528,12.449218,8.260153576
3.529,12.957041,8.523929809
3.53,13.401153,8.782331728
3.531,13.406385,9.035196411
3.532,13.613768,9.282364427
3.533,13.69121,9.523679939
3.534,13.629282,9.758990796
3.535,13.246896,9.988148637
3.536,12.956105,10.21100898
3.537,12.602264,10.42743131
3.538,12.256626,10.63727917
3.539,7.365826,10.84042025
3.54,7.241497,11.03672648
3.541,7.086377,11.22607409
3.542,7.051448,11.40834368
3.543,7.156874,11.58342035
3.544,7.385788,11.75119371
3.545,7.528679,11.91155796
3.546,7.72308,12.06441202
3.547,8.072806,12.20965949
3.548,8.408475,12.34720881
3.549,8.687436,12.47697325
3.55,9.094453,12.59887099
3.551,9.567951,12.71282517
3.552,14.504299,12.81876396
3.553,14.792951,12.91662055
3.554,15.077147,13.00633325
3.555,15.299429,13.08784549
3.556,15.390686,13.16110587
3.557,15.52739,13.22606822
3.558,15.580582,13.28269157
3.559,15.681164,13.33094022
3.56,15.531121,13.37078375
3.561,15.078063,13.40219703
3.562,14.841075,13.42516027
3.563,14.658132,13.43965898
3.564,14.522466,13.44568402
3.565,14.394236,13.4432316
3.566,14.208153,13.43230325
3.567,13.951114,13.41290588
3.568,13.581237,13.3850517
3.569,13.228235,13.34875829
3.57,13.030404,13.30404852
3.571,13.075769,13.25095059
3.572,13.34551,13.18949797
3.573,13.698003,13.1197294
3.574,13.920407,13.04168889
3.575,13.905855,12.95542562
3.576,14.035133,12.860994
3.577,13.680344,12.75845355
3.578,13.299957,12.64786893
3.579,12.866889,12.52930987
3.58,12.262711,12.40285111
3.581,11.438549,12.26857239
3.582,10.506071,12.12655837
3.583,9.722501,11.97689858
3.584,9.206093,11.8196874
3.585,8.912268,11.65502393
3.586,8.888537,11.483012
3.587,8.765776,11.30376007
3.588,8.682966,11.11738115
3.589,8.514527,10.92399275
3.59,8.343929,10.7237168
3.591,8.202347,10.51667958
3.592,8.188867,10.30301162
3.593,8.083499,10.08284764
3.594,7.909911,9.856326447
3.595,7.675853,9.623590873
3.596,7.548821,9.384787651
3.597,7.507683,9.140067346
3.598,7.527746,8.889584255
3.599,7.340378,8.633496305
3.6,7.340775,8.371964959
3.601,7.25863,8.105155112
3.602,7.102736,7.833234988
3.603,6.84438,7.556376031
3.604,6.552648,7.274752799
3.605,6.294438,6.988542856
3.606,6.206167,6.697926656
3.607,5.987906,6.403087431
3.608,5.71062,6.104211078
3.609,5.426376,5.801486037
3.61,5.163538,5.495103174
3.611,4.818849,5.185255664
3.612,4.553622,4.872138865
3.613,4.168972,4.555950196
3.614,3.78537,4.236889012
3.615,3.708003,3.915156482
3.616,3.384157,3.590955457
3.617,3.075888,3.264490344
3.618,4.08001,2.935966979
3.619,3.789771,2.605592494
3.62,3.488011,2.273575191
3.621,3.265942,1.940124405
3.622,2.963361,1.605450376
3.623,2.643957,1.269764115
3.624,3.046573,0.933277271
3.625,2.046059,0.596201999
3.626,1.676276,0.258750822
3.627,2.646633,-0.078863495
3.628,2.339886,-0.41642809
3.629,2.043636,-0.753730128
3.63,1.708756,-1.090556941
3.631,1.561171,-1.426696162
3.632,1.454799,-1.761935854
3.633,1.407962,-2.09606465
3.634,1.300001,-2.428871884
3.635,1.239772,-2.76014772
3.636,0.990929,-3.089683291
3.637,0.647623,-3.417270825
3.638,0.310959,-3.742703779
3.639,0.028423,-4.065776969
3.64,-0.282311,-4.386286698
3.641,-0.585455,-4.704030885
3.642,-0.931516,-5.018809194
3.643,-1.297605,-5.330423157
3.644,-1.631551,-5.638676303
3.645,-1.557908,-5.94337428
3.646,-1.762631,-6.244324975
3.647,-2.010559,-6.541338641
3.648,-2.266885,-6.83422801
3.649,-2.504813,-7.122808418
3.65,-2.718463,-7.406897915
3.651,-2.960167,-7.686317383
3.652,-3.268373,-7.960890649
3.653,-3.631244,-8.230444596
3.654,-8.47006,-8.49480927
3.655,-9.007786,-8.753817991
3.656,-9.388345,-9.007307453
3.657,-9.824133,-9.255117833
3.658,-10.254543,-9.497092886
3.659,-10.746261,-9.733080049
3.66,-11.271474,-9.962930531
3.661,-11.803265,-10.18649941
3.662,-12.208916,-10.40364574
3.663,-12.534229,-10.61423259
3.664,-12.906131,-10.8181272
3.665,-13.225491,-11.01520101
3.666,-13.556909,-11.20532976
3.667,-13.92061,-11.38839359
3.668,-14.215316,-11.56427706
3.669,-14.533092,-11.73286929
3.67,-14.70757,-11.89406398
3.671,-14.809935,-12.0477595
3.672,-14.564633,-12.19385893
3.673,-14.421197,-12.33227017
3.674,-14.40573,-12.46290595
3.675,-14.068405,-12.5856839
3.676,-13.557076,-12.70052661
3.677,-13.049295,-12.80736168
3.678,-12.663169,-12.90612174
3.679,-12.390523,-12.99674452
3.68,-7.489488,-13.07917289
3.681,-7.380985,-13.15335489
3.682,-7.362468,-13.21924372
3.683,-7.346392,-13.27679786
3.684,-7.296259,-13.32598102
3.685,-7.336009,-13.36676218
3.686,-7.439207,-13.39911563
3.687,-11.927758,-13.42302098
3.688,-12.011311,-13.43846316
3.689,-11.946115,-13.44543241
3.69,-11.948452,-13.44392436
3.691,-11.864845,-13.43393996
3.692,-11.813121,-13.41548549
3.693,-11.857163,-13.38857259
3.694,-12.007051,-13.35321824
3.695,-12.157317,-13.30944472
3.696,-12.435811,-13.25727963
3.697,-12.852971,-13.19675586
3.698,-13.239732,-13.12791157
3.699,-13.708004,-13.05079018
3.7,-14.168224,-12.96544029
3.701,-14.520269,-12.87191573
3.702,-14.640748,-12.77027547
3.703,-14.821,-12.66058358
3.704,-14.73225,-12.54290922
3.705,-14.613277,-12.4173266
3.706,-14.39438,-12.28391489
3.707,-13.980427,-12.1427582
3.708,-13.365507,-11.99394554
3.709,-12.587345,-11.83757073
3.71,-11.73353,-11.67373236
3.711,-11.533991,-11.50253374
3.712,-11.036104,-11.3240828
3.713,-10.605768,-11.13849205
3.714,-10.266442,-10.94587852
3.715,-9.998176,-10.74636365
3.716,-9.787366,-10.54007322
3.717,-9.641518,-10.3271373
3.718,-9.541112,-10.10769015
3.719,-9.547011,-9.881870134
3.72,-9.325885,-9.649819623
3.721,-9.427251,-9.411684928
3.722,-9.302905,-9.167616191
3.723,-9.156538,-8.917767298
3.724,-8.903708,-8.662295777
3.725,-9.059099,-8.401362702
3.726,-8.689132,-8.135132592
3.727,-8.431516,-7.863773303
3.728,-8.121616,-7.587455926
3.729,-7.807538,-7.30635468
3.73,-7.335569,-7.020646797
3.731,-6.892592,-6.730512415
3.732,-6.687889,-6.436134465
3.733,-6.222814,-6.137698549
3.734,-5.764611,-5.835392831
3.735,-5.32,-5.529407914
3.736,-5.010729,-5.219936721
3.737,-4.674646,-4.907174372
3.738,-4.24579,-4.591318063
3.739,-3.80115,-4.272566941
3.74,-3.397172,-3.951121977
3.741,-2.990076,-3.627185841
3.742,-2.620508,-3.300962775
3.743,-2.384337,-2.972658461
3.744,-1.873099,-2.642479894
3.745,-1.330022,-2.310635251
3.746,-0.731558,-1.977333759
3.747,-0.125803,-1.642785563
3.748,0.492843,-1.307201596
3.749,1.037891,-0.970793441
3.75,1.520054,-0.633773204
3.751,1.777257,-0.296353375
3.752,2.120592,0.041253305
3.753,2.403786,0.378833974
3.754,2.669473,0.71617579
3.755,2.945512,1.053066058
3.756,3.172897,1.389292372
3.757,3.282769,1.72464274
3.758,3.558868,2.058905726
3.759,3.911495,2.391870578
3.76,4.232102,2.723327361
3.761,4.7427,3.053067095
3.762,5.023406,3.380881878
3.763,5.606465,3.706565024
3.764,6.17535,4.029911191
3.765,6.74199,4.350716511
3.766,7.163774,4.668778715
3.767,7.681081,4.983897268
3.768,8.239197,5.295873487
3.769,8.738312,5.604510673
3.77,9.218957,5.90961423
3.771,9.55574,6.210991791
3.772,9.823777,6.50845334
3.773,9.911947,6.801811326
3.774,9.541733,7.09088079
3.775,9.336152,7.375479472
3.776,9.079245,7.655427935
3.777,8.915013,7.930549672
3.778,8.760237,8.200671219
3.779,8.53395,8.465622266
3.78,8.642842,8.725235761
3.781,8.559184,8.97934802
3.782,8.630639,9.227798824
3.783,8.851389,9.470431526
3.784,9.223874,9.707093148
3.785,9.674242,9.937634474
3.786,10.060734,10.16191015
3.787,10.548362,10.37977877
3.788,6.339985,10.59110296
3.789,11.596951,10.7957495
3.79,11.952751,10.99358935
3.791,12.007337,11.18449776
3.792,12.106626,11.36835439
3.793,12.235278,11.54504329
3.794,7.388028,11.71445308
3.795,7.483478,11.87647694
3.796,12.586527,12.03101271
3.797,12.493281,12.17796297
3.798,12.239084,12.31723505
3.799,11.961235,12.44874114
3.8,11.746831,12.57239834
3.801,11.439203,12.68812868
3.802,11.344217,12.79585919
3.803,11.30382,12.89552194
3.804,11.188179,12.98705411
3.805,11.199586,13.07039797
3.806,11.175419,13.14550098
3.807,11.131457,13.21231579
3.808,11.077833,13.27080027
3.809,11.357,13.32091755
3.81,11.839985,13.36263603
3.811,12.37159,13.3959294
3.812,12.845544,13.42077667
3.813,13.187404,13.43716219
3.814,13.43234,13.4450756
3.815,13.864921,13.44451194
3.816,14.445698,13.43547155
3.817,15.099238,13.41796013
3.818,15.742823,13.39198872
3.819,16.238203,13.3575737
3.82,16.454335,13.31473677
3.821,16.517949,13.26350494
3.822,15.985524,13.2039105
3.823,15.320483,13.13599103
3.824,14.747993,13.05978935
3.825,14.398685,12.97535352
3.826,13.990765,12.88273675
3.827,13.5715,12.78199746
3.828,13.091615,12.67319916
3.829,12.62674,12.55641044
3.83,12.417039,12.43170493
3.831,12.492284,12.29916127
3.832,12.772359,12.15886303
3.833,13.040518,12.01089865
3.834,13.211556,11.85536144
3.835,13.030521,11.69234945
3.836,12.732247,11.52196547
3.837,12.398341,11.34431692
3.838,12.09013,11.15951581
3.839,11.72457,10.96767866
3.84,11.293934,10.76892641
3.841,11.026535,10.56338439
3.842,10.53363,10.35118218
3.843,10.142469,10.13245358
3.844,9.85265,9.907336502
3.845,9.628322,9.675972871
3.846,9.444294,9.438508565
3.847,9.312308,9.195093306
3.848,9.160282,8.945880566
3.849,8.977796,8.691027473
3.85,8.766195,8.430694711
3.851,8.472197,8.16504642
3.852,8.057155,7.894250089
3.853,7.505318,7.618476456
3.854,6.972695,7.337899394
3.855,6.289129,7.052695806
3.856,5.666137,6.763045514
3.857,5.123393,6.46913114
3.858,4.723665,6.171137997
3.859,4.808294,5.869253968
3.86,4.732301,5.563669391
3.861,4.847083,5.254576935
3.862,5.072947,4.942171483
3.863,5.338266,4.626650006
3.864,5.622602,4.308211439
3.865,5.806076,3.987056557
3.866,5.832762,3.663387846
3.867,5.734137,3.337409379
3.868,5.232453,3.009326685
3.869,4.832047,2.679346619
3.87,4.243645,2.347677232
3.871,3.368178,2.014527641
3.872,2.40875,1.680107896
3.873,1.521983,1.344628848
3.874,0.877871,1.008302015
3.875,0.129217,0.67133945
3.876,-0.574737,0.333953608
3.877,-1.11179,-0.003642791
3.878,0.703015,-0.341236894
3.879,0.546503,-0.678615848
3.88,0.801174,-1.015566936
3.881,-2.603328,-1.351877712
3.882,-2.815695,-1.687336133
3.883,-2.94198,-2.021730693
3.884,0.14531,-2.354850557
3.885,-0.037754,-2.686485695
3.886,-0.109921,-3.016427011
3.887,-0.204868,-3.344466478
3.888,-0.284952,-3.670397268
3.889,-0.36268,-3.994013882
3.89,-0.417524,-4.315112282
3.891,-0.437389,-4.633490016
3.892,-0.43196,-4.948946347
3.893,-0.229632,-5.261282381
3.894,-0.238626,-5.570301191
3.895,-0.169682,-5.875807942
3.896,-0.360964,-6.177610011
3.897,-0.767403,-6.475517115
3.898,-1.149632,-6.769341423
3.899,-1.609279,-7.05889768
3.9,-2.084092,-7.344003322
3.901,-7.01236,-7.624478589
3.902,-7.745612,-7.900146644
3.903,-8.416235,-8.170833679
3.904,-8.954065,-8.436369025
3.905,-9.110012,-8.696585264
3.906,-9.29467,-8.95131833
3.907,-4.1669,-9.200407615
3.908,-4.249899,-9.443696067
3.909,-4.31807,-9.681030296
3.91,-4.362567,-9.912260662
3.911,-4.365432,-10.13724137
3.912,-4.356002,-10.35583058
3.913,-4.419614,-10.56789047
3.914,-4.727015,-10.77328733
3.915,-5.26537,-10.97189167
3.916,-5.818874,-11.16357825
3.917,-11.776449,-11.34822624
3.918,-12.340904,-11.52571919
3.919,-12.716823,-11.69594521
3.92,-12.810252,-11.85879697
3.921,-12.947084,-12.0141718
3.922,-13.037507,-12.16197172
3.923,-13.219164,-12.30210355
3.924,-13.353308,-12.43447893
3.925,-13.388602,-12.55901442
3.926,-13.145775,-12.67563148
3.927,-7.600355,-12.78425658
3.928,-7.3476,-12.88482125
3.929,-7.108606,-12.97726208
3.93,-7.289621,-13.06152078
3.931,-7.418992,-13.13754422
3.932,-12.362598,-13.20528448
3.933,-12.384762,-13.26469885
3.934,-12.344822,-13.31574986
3.935,-12.301228,-13.35840532
3.936,-12.425399,-13.39263835
3.937,-12.691124,-13.41842736
3.938,-13.030394,-13.43575608
3.939,-13.325157,-13.4446136
3.94,-13.489419,-13.44499432
3.941,-13.538928,-13.43689802
3.942,-13.576615,-13.42032978
3.943,-13.51475,-13.39530007
3.944,-13.370946,-13.36182466
3.945,-13.092424,-13.31992465
3.946,-12.758008,-13.26962647
3.947,-12.358705,-13.21096182
3.948,-11.873111,-13.1439677
3.949,-11.462516,-13.06868634
3.95,-11.138722,-12.98516522
3.951,-10.915829,-12.89345698
3.952,-10.734236,-12.79361945
3.953,-10.588254,-12.68571559
3.954,-10.568675,-12.56981341
3.955,-10.698094,-12.445986
3.956,-11.148486,-12.31431143
3.957,-11.5036,-12.17487272
3.958,-12.113234,-12.02775779
3.959,-12.268843,-11.87305939
3.96,-12.157837,-11.71087506
3.961,-11.934188,-11.54130705
3.962,-11.626951,-11.36446228
3.963,-11.055949,-11.18045225
3.964,-10.656335,-10.98939298
3.965,-10.462411,-10.79140492
3.966,-9.982284,-10.58661291
3.967,-9.48839,-10.37514608
3.968,-8.70992,-10.15713774
3.969,-8.175623,-9.932725353
3.97,-7.829435,-9.702050411
3.971,-8.146426,-9.465258354
3.972,-8.076144,-9.222498477
3.973,-8.17363,-8.97392384
3.974,-8.17649,-8.719691169
3.975,-8.097964,-8.459960757
3.976,-7.885538,-8.194896363
3.977,-7.5792,-7.924665109
3.978,-7.508666,-7.649437376
3.979,-7.229513,-7.369386694
3.98,-6.894497,-7.084689634
3.981,-6.370706,-6.795525697
3.982,-5.832019,-6.502077199
3.983,-5.351602,-6.20452916
3.984,-4.955725,-5.903069182
3.985,-5.459031,-5.597887336
3.986,-4.270135,-5.289176037
3.987,-3.920645,-4.977129927
3.988,-4.730035,-4.66194575
3.989,-4.559922,-4.343822229
3.99,-4.256736,-4.022959941
3.991,-4.030913,-3.699561187
3.992,-3.766424,-3.373829871
3.993,-3.520857,-3.045971364
3.994,-3.230747,-2.71619238
3.995,-2.924507,-2.384700844
3.996,-2.698769,-2.051705762
3.997,-2.218087,-1.717417084
3.998,0.028606,-1.38204558
3.999,0.634554,-1.0458027
4,1.309589,-0.708900444
4.001,1.97492,-0.371551228
4.002,2.475736,-0.03396775
4.003,2.76875,0.303637144
4.004,3.033432,0.641050596
4.005,3.334278,0.978059867
4.006,3.468843,1.314452474
4.007,3.740764,1.650016323
4.008,3.983822,1.984539841
4.009,4.043782,2.317812112
4.01,3.877804,2.649623008
4.011,3.817657,2.979763325
4.012,3.910123,3.30802491
4.013,4.360377,3.634200793
4.014,5.108485,3.958085323
4.015,5.891081,4.279474292
4.016,6.579031,4.598165063
4.017,7.039873,4.913956704
4.018,7.433745,5.22665011
4.019,7.854677,5.536048126
4.02,8.203373,5.84195568
4.021,8.842176,6.144179896
4.022,9.593763,6.442530224
4.023,10.227766,6.736818555
4.024,10.67973,7.02685934
4.025,10.900451,7.31246971
4.026,11.215687,7.593469588
4.027,11.462253,7.869681804
4.028,11.645075,8.140932208
4.029,11.659791,8.407049776
4.03,11.832271,8.667866723
4.031,11.948898,8.923218603
4.032,12.019214,9.172944419
4.033,12.022808,9.416886719
4.034,11.865045,9.654891698
4.035,11.919683,9.886809294
4.036,12.387093,10.11249328
4.037,13.012047,10.33180138
4.038,13.729569,10.54459529
4.039,14.263973,10.75074087
4.04,14.628534,10.95010814
4.041,14.722851,11.1425714
4.042,14.522303,11.32800929
4.043,14.083001,11.50630491
4.044,13.328195,11.67734583
4.045,12.600305,11.84102422
4.046,12.066957,11.99723688
4.047,11.604304,12.14588531
4.048,11.278464,12.28687579
4.049,11.220795,12.42011943
4.05,11.37126,12.54553222
4.051,11.960824,12.66303509
4.052,12.809566,12.77255395
4.053,13.800282,12.87401975
4.054,14.94296,12.96736852
4.055,15.734432,13.05254139
4.056,16.275259,13.12948468
4.057,16.508755,13.19814986
4.058,16.482959,13.25849364
4.059,16.359626,13.31047798
4.06,16.175856,13.3540701
4.061,15.924921,13.38924251
4.062,15.577142,13.41597305
4.063,15.229661,13.43424485
4.064,14.937427,13.4440464
4.065,14.821091,13.44537151
4.066,14.924367,13.43821935
4.067,15.231688,13.42259444
4.068,15.443287,13.39850661
4.069,15.415535,13.36597106
4.07,15.195381,13.32500831
4.071,14.712608,13.27564417
4.072,14.301843,13.21790978
4.073,13.959491,13.15184153
4.074,13.733797,13.07748108
4.075,13.62836,12.99487532
4.076,13.216827,12.90407632
4.077,12.907108,12.80514134
4.078,12.76532,12.69813276
4.079,12.728168,12.58311803
4.08,12.911396,12.46016968
4.081,13.194013,12.32936523
4.082,13.30944,12.19078716
4.083,13.165143,12.04452282
4.084,12.869877,11.89066444
4.085,12.596678,11.72930904
4.086,12.289895,11.56055833
4.087,11.917651,11.38451873
4.088,11.623726,11.20130122
4.089,11.364894,11.01102132
4.09,10.763074,10.813799
4.091,10.19114,10.60975861
4.092,9.765784,10.39902879
4.093,9.456813,10.18174242
4.094,9.077487,9.958036488
4.095,8.53548,9.728052041
4.096,7.995126,9.491934084
4.097,7.508509,9.249831488
4.098,7.241618,9.0018969
4.099,7.244866,8.74828664
4.1,7.387283,8.48916061
4.101,7.476775,8.224682187
4.102,7.392799,7.955018125
4.103,7.197797,7.680338446
4.104,6.685952,7.400816335
4.105,6.351607,7.116628029
4.106,6.224007,6.82795271
4.107,6.164531,6.534972385
4.108,6.198023,6.237871778
4.109,6.202629,5.93683821
4.11,6.148774,5.632061482
4.111,6.106983,5.323733754
4.112,6.144375,5.012049427
4.113,6.224679,4.697205017
4.114,6.357722,4.379399033
4.115,6.519336,4.058831849
4.116,6.542264,3.735705583
4.117,6.44049,3.410223964
4.118,5.964803,3.082592209
4.119,5.245647,2.753016889
4.12,4.358655,2.421705798
4.121,3.298149,2.088867829
4.122,2.440395,1.754712834
4.123,1.414741,1.419451498
4.124,0.407711,1.083295202
4.125,1.282409,0.746455891
4.126,1.345438,0.409145941
4.127,1.586076,0.071578027
4.128,1.224162,-0.266035018
4.129,1.002573,-0.603480328
4.13,0.965775,-0.940545146
4.131,1.073094,-1.277016952
4.132,1.244855,-1.612683603
4.133,1.485905,-1.947333461
4.134,1.592778,-2.280755531
4.135,1.626709,-2.612739591
4.136,1.50537,-2.943076326
4.137,1.319426,-3.271557459
4.138,1.057793,-3.597975884
4.139,0.731508,-3.922125795
4.14,0.437104,-4.243802817
4.141,0.237581,-4.562804133
4.142,-0.375685,-4.878928614
4.143,-0.95997,-5.191976943
4.144,-1.400789,-5.501751746
4.145,-1.960707,-5.808057709
4.146,-2.495288,-6.110701708
4.147,-3.097235,-6.409492926
4.148,-3.594678,-6.704242977
4.149,-9.43581,-6.994766021
4.15,-10.077826,-7.280878884
4.151,-10.608236,-7.562401173
4.152,-11.014929,-7.83915539
4.153,-11.314879,-8.11096704
4.154,-11.540829,-8.377664748
4.155,-11.948162,-8.639080362
4.156,-11.926228,-8.895049059
4.157,-11.982899,-9.145409452
4.158,-11.810738,-9.390003691
4.159,-11.634689,-9.628677557
4.16,-11.441496,-9.861280569
4.161,-11.367851,-10.08766607
4.162,-11.398091,-10.30769133
4.163,-11.422728,-10.52121761
4.164,-11.385607,-10.7281103
4.165,-11.322815,-10.92823894
4.166,-11.330352,-11.12147736
4.167,-11.605778,-11.30770372
4.168,-12.031398,-11.4868006
4.169,-12.751068,-11.65865509
4.17,-13.270203,-11.82315882
4.171,-13.812914,-11.98020809
4.172,-14.267669,-12.12970387
4.173,-14.666155,-12.2715519
4.174,-14.969327,-12.40566275
4.175,-15.454983,-12.53195187
4.176,-15.917663,-12.65033963
4.177,-16.387501,-12.76075138
4.178,-16.707478,-12.86311752
4.179,-16.908216,-12.95737349
4.18,-17.040789,-13.04345988
4.181,-17.116731,-13.1213224
4.182,-17.29682,-13.19091196
4.183,-17.5123,-13.25218469
4.184,-17.635067,-13.30510196
4.185,-17.390291,-13.34963039
4.186,-16.957884,-13.38574192
4.187,-16.33155,-13.41341377
4.188,-15.617483,-13.43262851
4.189,-14.95054,-13.44337401
4.19,-14.256811,-13.4456435
4.191,-13.690375,-13.43943555
4.192,-13.182031,-13.42475407
4.193,-12.727882,-13.40160832
4.194,-12.573726,-13.37001289
4.195,-12.417434,-13.32998771
4.196,-12.504264,-13.28155801
4.197,-12.786073,-13.22475432
4.198,-8.769616,-13.15961246
4.199,-9.174561,-13.0861735
4.2,-9.420583,-13.00448375
4.201,-9.75829,-12.9145947
4.202,-13.973779,-12.81656304
4.203,-14.027929,-12.71045057
4.204,-13.964504,-12.5963242
4.205,-13.809424,-12.47425588
4.206,-13.551026,-12.34432257
4.207,-13.190404,-12.20660621
4.208,-12.769473,-12.06119361
4.209,-12.270681,-11.90817646
4.21,-11.712546,-11.74765124
4.211,-11.104527,-11.57971916
4.212,-10.513315,-11.4044861
4.213,-9.833771,-11.22206254
4.214,-9.132687,-11.0325635
4.215,-8.342866,-10.83610846
4.216,-7.516613,-10.63282128
4.217,-6.718239,-10.42283014
4.218,-6.030527,-10.20626744
4.219,-5.783071,-9.983269709
4.22,-5.637281,-9.753977556
4.221,-5.562154,-9.518535547
4.222,-5.614599,-9.277092127
4.223,-5.803932,-9.029799526
4.224,-6.48091,-8.776813662
4.225,-6.913215,-8.518294041
4.226,-7.016044,-8.254403659
4.227,-7.523024,-7.985308899
4.228,-7.559851,-7.711179423
4.229,-7.449314,-7.43218807
4.23,-7.204483,-7.148510743
4.231,-6.371907,-6.860326299
4.232,-5.96756,-6.567816439
4.233,-5.606795,-6.271165589
4.234,-5.346394,-5.970560786
4.235,-5.65028,-5.666191561
4.236,-5.014448,-5.358249818
4.237,-4.921917,-5.046929713
4.238,-5.961386,-4.732427533
4.239,-6.118504,-4.41494157
4.24,-6.288486,-4.094671999
4.241,-6.276606,-3.771820749
4.242,-5.510817,-3.446591376
4.243,-5.325701,-3.119188936
4.244,-5.941052,-2.789819857
4.245,-5.789657,-2.458691804
4.246,-4.620212,-2.126013553
4.247,-4.335358,-1.791994856
4.248,-4.158157,-1.456846311
4.249,-3.602845,-1.120779228
4.25,-3.05593,-0.784005497
4.251,-2.607281,-0.446737453
4.252,-4.135937,-0.109187743
4.253,-3.704759,0.228430811
4.254,-0.829127,0.565905339
4.255,0.051003,0.903023066
4.256,0.916384,1.239571439
4.257,1.650939,1.575338265
4.258,2.340203,1.910111845
4.259,3.064501,2.243681105
4.26,3.665676,2.575835731
4.261,4.389599,2.906366299
4.262,5.104855,3.235064411
4.263,5.64295,3.561722823
4.264,5.953732,3.88613558
4.265,6.021571,4.208098139
4.266,5.930418,4.527407503
4.267,5.971483,4.843862349
4.268,6.111147,5.157263154
4.269,6.369926,5.467412319
4.27,6.260486,5.774114295
4.271,6.524521,6.077175708
4.272,6.928686,6.376405478
4.273,7.314427,6.671614943
4.274,7.942068,6.962617972
4.275,8.619748,7.249231091
4.276,9.078133,7.531273589
4.277,9.905208,7.80856764
4.278,10.542683,8.08093841
4.279,11.26716,8.348214171
4.28,11.409046,8.610226407
4.281,11.346287,8.866809918
4.282,11.257559,9.11780293
4.283,11.046951,9.363047193
4.284,10.838885,9.60238808
4.285,10.70102,9.835674688
4.286,10.618419,10.06275993
4.287,10.538265,10.28350063
4.288,10.520613,10.49775761
4.289,10.65811,10.70539579
4.29,10.934187,10.90628424
4.291,11.414336,11.10029631
4.292,11.926224,11.28730967
4.293,12.468467,11.46720641
4.294,12.850685,11.63987312
4.295,13.216829,11.80520091
4.296,13.557071,11.96308556
4.297,13.893391,12.11342752
4.298,14.254779,12.256132
4.299,14.728364,12.39110901
4.3,15.150938,12.51827347
4.301,15.445826,12.63754519
4.302,15.784541,12.74884897
4.303,15.915849,12.85211464
4.304,15.946057,12.94727709
4.305,15.816622,13.03427631
4.306,15.612379,13.11305746
4.307,15.196254,13.18357086
4.308,14.532401,13.24577206
4.309,13.886886,13.29962183
4.31,13.191249,13.34508623
4.311,12.632727,13.38213659
4.312,12.327809,13.41074955
4.313,12.222587,13.43090707
4.314,12.260816,13.44259644
4.315,12.452903,13.44581028
4.316,12.858629,13.44054659
4.317,13.35188,13.42680866
4.318,13.84969,13.40460517
4.319,14.476768,13.37395011
4.32,15.097701,13.33486282
4.321,15.668777,13.28736793
4.322,15.923381,13.23149539
4.323,15.793017,13.16728043
4.324,15.346334,13.09476353
4.325,14.632693,13.01399043
4.326,13.791094,12.92501204
4.327,13.079359,12.82788446
4.328,12.534921,12.72266894
4.329,12.21768,12.60943181
4.33,11.889388,12.48824447
4.331,11.46581,12.35918332
4.332,11.152887,12.22232975
4.333,10.986268,12.07777003
4.334,10.827111,11.92559531
4.335,10.92958,11.76590153
4.336,11.123509,11.59878939
4.337,11.28063,11.42436424
4.338,11.134422,11.24273606
4.339,10.83749,11.05401936
4.34,10.609105,10.85833314
4.341,10.528205,10.65580077
4.342,10.62876,10.44654994
4.343,10.844248,10.2307126
4.344,11.058646,10.00842482
4.345,11.08966,9.779826753
4.346,11.06089,9.545062534
4.347,11.052671,9.30428018
4.348,11.06035,9.057631502
4.349,11.023121,8.805272013
4.35,10.87589,8.547360824
4.351,10.815221,8.284060547
4.352,10.460164,8.015537194
4.353,10.06137,7.741960066
4.354,9.628052,7.463501654
4.355,9.152917,7.180337524
4.356,8.619391,6.892646212
4.357,8.096425,6.600609105
4.358,7.595493,6.304410333
4.359,7.149346,6.004236647
4.36,6.746185,5.700277307
4.361,6.372849,5.392723957
4.362,6.045315,5.08177051
4.363,5.758642,4.767613021
4.364,5.499912,4.450449564
4.365,5.246751,4.130480112
4.366,4.878857,3.807906403
4.367,4.521379,3.48293182
4.368,4.174112,3.155761258
4.369,3.912029,2.826600997
4.37,3.42961,2.495658572
4.371,3.05967,2.163142642
4.372,2.295617,1.829262856
4.373,3.613244,1.494229724
4.374,2.902668,1.158254485
4.375,2.292347,0.82154897
4.376,1.891251,0.48432547
4.377,1.52332,0.146796604
4.378,1.846955,-0.190824816
4.379,1.513026,-0.528325922
4.38,1.218732,-0.86549392
4.381,1.045557,-1.202116226
4.382,0.909393,-1.537980602
4.383,0.816167,-1.872875285
4.384,0.695537,-2.206589125
4.385,0.591933,-2.538911717
4.386,0.338198,-2.869633532
4.387,0.132445,-3.198546051
4.388,-0.263068,-3.525441895
4.389,-0.424493,-3.850114958
4.39,-0.771772,-4.172360535
4.391,-1.05566,-4.491975449
4.392,-1.302561,-4.808758185
4.393,-6.104477,-5.122509013
4.394,-6.607996,-5.433030113
4.395,-7.083541,-5.740125702
4.396,-7.423935,-6.043602158
4.397,-7.485677,-6.34326814
4.398,-7.453124,-6.638934708
4.399,-7.437968,-6.930415447
4.4,-7.602197,-7.217526578
4.401,-3.356033,-7.500087078
4.402,-8.313109,-7.777918794
4.403,-8.761443,-8.050846553
4.404,-9.155976,-8.318698276
4.405,-9.50123,-8.581305083
4.406,-9.998163,-8.838501401
4.407,-10.695359,-9.090125068
4.408,-11.384923,-9.336017436
4.409,-12.137482,-9.576023471
4.41,-12.768788,-9.80999185
4.411,-13.153558,-10.03777506
4.412,-13.356099,-10.25922947
4.413,-13.440885,-10.47421547
4.414,-13.581769,-10.68259751
4.415,-13.921317,-10.8842442
4.416,-14.168241,-11.0790284
4.417,-14.283786,-11.26682731
4.418,-14.264663,-11.44752251
4.419,-14.119569,-11.62100008
4.42,-13.890359,-11.78715064
4.421,-13.636332,-11.94586944
4.422,-13.576348,-12.0970564
4.423,-13.663095,-12.24061619
4.424,-13.658071,-12.37645832
4.425,-13.812502,-12.50449712
4.426,-14.089353,-12.62465187
4.427,-14.64825,-12.73684681
4.428,-14.977133,-12.84101121
4.429,-15.435493,-12.93707938
4.43,-15.920136,-13.02499076
4.431,-16.288613,-13.10468992
4.432,-16.477676,-13.17612661
4.433,-16.436874,-13.23925578
4.434,-16.185002,-13.29403765
4.435,-15.927843,-13.34043765
4.436,-15.586833,-13.37842655
4.437,-15.14666,-13.40798039
4.438,-14.678936,-13.42908054
4.439,-14.303901,-13.44171368
4.44,-13.869617,-13.44587187
4.441,-13.780411,-13.44155246
4.442,-13.892288,-13.4287582
4.443,-14.143127,-13.40749714
4.444,-14.402712,-13.37778269
4.445,-14.632173,-13.33963359
4.446,-14.821618,-13.29307388
4.447,-15.120736,-13.23813293
4.448,-15.179302,-13.17484537
4.449,-15.094039,-13.10325111
4.45,-14.898467,-13.02339528
4.451,-14.660535,-12.93532824
4.452,-14.383785,-12.83910551
4.453,-14.087773,-12.73478776
4.454,-13.797731,-12.62244076
4.455,-13.498221,-12.50213535
4.456,-13.17796,-12.37394738
4.457,-12.670117,-12.23795766
4.458,-12.123964,-12.09425195
4.459,-11.520184,-11.94292084
4.46,-10.920158,-11.78405976
4.461,-10.383323,-11.61776886
4.462,-9.942189,-11.44415299
4.463,-9.644886,-11.26332161
4.464,-9.464742,-11.07538874
4.465,-9.313318,-10.88047286
4.466,-9.175663,-10.67869688
4.467,-9.048881,-10.47018801
4.468,-9.134279,-10.25507771
4.469,-9.050088,-10.03350162
4.47,-8.853602,-9.805599431
4.471,-8.596027,-9.571514839
4.472,-8.29842,-9.331395433
4.473,-8.038702,-9.085392608
4.474,-8.040183,-8.833661469
4.475,-7.730403,-8.57636073
4.476,-7.300914,-8.313652619
4.477,-6.983794,-8.045702773
4.478,-6.751666,-7.772680134
4.479,-6.517666,-7.494756841
4.48,-6.355325,-7.212108125
4.481,-5.789981,-6.924912195
4.482,-5.536426,-6.633350127
4.483,-5.214894,-6.33760575
4.484,-4.963774,-6.03786553
4.485,-4.75474,-5.734318452
4.486,-4.946312,-5.427155903
4.487,-4.817964,-5.116571546
4.488,-4.667643,-4.802761206
4.489,-4.406653,-4.485922737
4.49,-4.074345,-4.166255907
4.491,-3.739767,-3.843962264
4.492,-3.497868,-3.519245013
4.493,-4.502917,-3.192308889
4.494,-4.312732,-2.863360022
4.495,-4.043764,-2.532605814
4.496,-3.803115,-2.200254806
4.497,-3.627651,-1.866516543
4.498,-3.182963,-1.531601446
4.499,-0.896763,-1.19572068
4.5,-0.252477,-0.859086014
4.501,0.423019,-0.521909697
4.502,1.108081,-0.184404318
4.503,1.639585,0.153217328
4.504,1.975127,0.490742371
4.505,2.31833,0.827958002
4.506,0.789397,1.164651608
4.507,0.307928,1.500610904
4.508,-0.131051,1.83562407
4.509,0.182884,2.169479879
4.51,0.523224,2.501967837
4.511,0.775334,2.832878312
4.512,1.156118,3.162002664
4.513,1.649573,3.489133383
4.514,6.031627,3.814064212
4.515,2.673606,4.136590285
4.516,3.177544,4.456508249
4.517,3.438907,4.773616397
4.518,3.598705,5.087714792
4.519,3.60598,5.398605398
4.52,3.474815,5.706092198
4.521,3.345007,6.009981323
4.522,3.273335,6.31008117
4.523,3.186464,6.60620253
4.524,3.082251,6.898158696
4.525,2.854687,7.185765593
4.526,2.843148,7.468841884
4.527,3.002368,7.747209091
4.528,3.023854,8.020691705
4.529,3.353224,8.289117294
4.53,3.773628,8.552316618
4.531,4.161768,8.810123729
4.532,9.5103,9.062376082
4.533,9.81785,9.308914632
4.534,10.029474,9.549583937
4.535,5.34057,9.784232256
4.536,5.673021,10.01271164
4.537,5.970743,10.23487804
4.538,6.21064,10.45059138
4.539,6.248795,10.65971565
4.54,6.266062,10.862119
4.541,6.28309,11.05767381
4.542,6.340082,11.24625679
4.543,6.282601,11.42774903
4.544,6.168769,11.60203611
4.545,6.015097,11.76900814
4.546,5.982807,11.92855984
4.547,6.120999,12.08059062
4.548,6.251708,12.22500462
4.549,6.377956,12.36171079
4.55,6.51625,12.49062293
4.551,6.645024,12.61165977
4.552,6.673852,12.72474499
4.553,11.332778,12.8298073
4.554,11.497084,12.92678045
4.555,11.738405,13.0156033
4.556,11.906103,13.09621984
4.557,11.974663,13.16857926
4.558,12.065791,13.23263592
4.559,11.953171,13.28834945
4.56,11.923542,13.3356847
4.561,12.03383,13.37461184
4.562,12.270605,13.40510633
4.563,12.625409,13.42714894
4.564,13.024725,13.44072576
4.565,13.31034,13.44582824
4.566,13.311866,13.44245317
4.567,13.22314,13.43060267
4.568,13.18915,13.41028421
4.569,13.278885,13.3815106
4.57,13.430338,13.34429999
4.571,13.600355,13.29867583
4.572,13.70341,13.24466689
4.573,13.686894,13.18230723
4.574,13.554234,13.11163616
4.575,13.412735,13.03269824
4.576,13.298885,12.94554324
4.577,13.277661,12.85022611
4.578,13.180362,12.74680694
4.579,12.990743,12.63535095
4.58,12.551039,12.51592841
4.581,12.062634,12.38861461
4.582,11.560972,12.25348982
4.583,11.058604,12.11063924
4.584,10.56943,11.96015294
4.585,10.095926,11.80212579
4.586,9.802857,11.63665743
4.587,9.459737,11.4638522
4.588,9.263045,11.28381903
4.589,9.082098,11.09667145
4.59,8.941675,10.90252745
4.591,8.857551,10.70150944
4.592,8.740511,10.49374415
4.593,8.676225,10.27936259
4.594,8.559452,10.05849992
4.595,8.431188,9.831295388
4.596,8.413008,9.597892254
4.597,8.536433,9.358437676
4.598,8.69096,9.113082629
4.599,8.707316,8.861981808
4.6,8.70315,8.605293532
4.601,8.625975,8.343179642
4.602,8.485834,8.075805401
4.603,8.351001,7.803339387
4.604,8.133588,7.525953388
4.605,7.911394,7.243822297
4.606,7.526537,6.957123996
4.607,6.900729,6.666039248
4.608,5.996375,6.37075158
4.609,4.929442,6.071447171
4.61,3.971932,5.768314731
4.611,3.403761,5.461545385
4.612,2.696058,5.151332549
4.613,2.142988,4.837871812
4.614,1.699517,4.521360811
4.615,1.397722,4.201999104
4.616,1.069432,3.879988049
4.617,0.905724,3.555530671
4.618,0.984829,3.228831541
4.619,0.960835,2.900096642
4.62,0.929361,2.56953324
4.621,0.923082,2.237349755
4.622,1.75303,1.903755626
4.623,1.776823,1.568961185
4.624,1.766644,1.233177518
4.625,1.797722,0.896616337
4.626,1.711613,0.559489841
4.627,2.753215,0.222010588
4.628,2.693129,-0.115608642
4.629,2.22697,-0.453154981
4.63,2.408746,-0.790415607
4.631,2.033387,-1.127177878
4.632,1.375859,-1.463229466
4.633,0.980428,-1.798358493
4.634,0.56152,-2.132353659
4.635,0.176011,-2.465004382
4.636,-0.143631,-2.796100927
4.637,-0.297339,-3.125434538
4.638,-0.353471,-3.452797571
4.639,-0.390818,-3.777983624
4.64,-0.404252,-4.10078767
4.641,-0.523685,-4.42100618
4.642,-0.491555,-4.738437258
4.643,-0.339957,-5.052880764
4.644,-0.52355,-5.364138443
4.645,-0.771886,-5.672014048
4.646,-1.095853,-5.976313463
4.647,-1.43064,-6.276844829
4.648,-1.892391,-6.573418662
4.649,-2.328415,-6.865847973
4.65,-2.745896,-7.153948385
4.651,-7.842691,-7.437538253
4.652,-3.654216,-7.716438773
4.653,-9.220735,-7.9904741
4.654,-9.962589,-8.259471455
4.655,-10.638998,-8.523261237
4.656,-11.157771,-8.781677125
4.657,-11.691557,-9.034556191
4.658,-12.116298,-9.281738993
4.659,-12.40777,-9.523069685
4.66,-12.498672,-9.758396108
4.661,-12.457958,-9.987569889
4.662,-12.298887,-10.21044653
4.663,-12.072568,-10.42688552
4.664,-6.325438,-10.63675039
4.665,-5.949969,-10.83990881
4.666,-5.667849,-11.0362327
4.667,-5.483177,-11.22559828
4.668,-5.398114,-11.40788614
4.669,-5.409406,-11.58298137
4.67,-5.424135,-11.75077356
4.671,-5.547336,-11.91115692
4.672,-5.604303,-12.06403033
4.673,-5.696315,-12.2092974
4.674,-5.822408,-12.34686654
4.675,-6.154893,-12.47665101
4.676,-6.461268,-12.59856899
4.677,-11.193212,-12.71254361
4.678,-6.927533,-12.81850301
4.679,-7.313687,-12.91638037
4.68,-7.738292,-13.006114
4.681,-8.165744,-13.0876473
4.682,-8.618503,-13.16092888
4.683,-9.002612,-13.22591253
4.684,-9.384017,-13.28255727
4.685,-14.233275,-13.33082741
4.686,-14.430724,-13.37069249
4.687,-14.511624,-13.40212739
4.688,-14.530554,-13.42511228
4.689,-14.450064,-13.43963267
4.69,-14.308218,-13.44567942
4.691,-14.21025,-13.4432487
4.692,-14.201884,-13.43234205
4.693,-14.217794,-13.41296635
4.694,-14.329928,-13.38513381
4.695,-14.693818,-13.34886197
4.696,-14.902145,-13.30417372
4.697,-14.945918,-13.25109722
4.698,-14.920481,-13.18966595
4.699,-14.775503,-13.11991862
4.7,-14.64495,-13.04189922
4.701,-14.378096,-12.95565694
4.702,-14.121636,-12.86124616
4.703,-13.738357,-12.75872639
4.704,-13.165146,-12.64816228
4.705,-12.435774,-12.52962354
4.706,-11.693939,-12.40318491
4.707,-10.974857,-12.26892611
4.708,-10.401398,-12.12693178
4.709,-9.984073,-11.97729145
4.71,-9.603655,-11.82009947
4.711,-9.238304,-11.65545496
4.712,-8.751499,-11.48346171
4.713,-8.502525,-11.30422817
4.714,-8.295016,-11.11786735
4.715,-8.213008,-10.92449674
4.716,-8.32716,-10.72423827
4.717,-8.629833,-10.51721819
4.718,-9.232988,-10.30356704
4.719,-9.610516,-10.08341951
4.72,-9.686686,-9.856914422
4.721,-9.577588,-9.624194573
4.722,-9.303566,-9.385406696
4.723,-9.153375,-9.140701346
4.724,-8.962935,-8.890232809
4.725,-8.806227,-8.634159005
4.726,-8.607926,-8.372641387
4.727,-8.213764,-8.105844842
4.728,-7.631814,-7.833937584
4.729,-6.933694,-7.557091051
4.73,-6.723696,-7.275479792
4.731,-6.196036,-6.989281363
4.732,-5.728337,-6.698676212
4.733,-5.320646,-6.403847564
4.734,-4.969973,-6.104981307
4.735,-4.613193,-5.802265877
4.736,-4.196398,-5.495892134
4.737,-3.68646,-5.186053247
4.738,-3.140168,-4.872944567
4.739,-2.619797,-4.556763509
4.74,-2.083252,-4.237709424
4.741,-1.54594,-3.915983475
4.742,-1.180451,-3.59178851
4.743,-0.766623,-3.265328931
4.744,-0.31872,-2.936810572
4.745,0.132515,-2.606440562
4.746,0.462623,-2.274427198
4.747,0.934951,-1.940979814
4.748,1.371393,-1.606308648
4.749,1.525084,-1.270624709
4.75,1.650801,-0.934139644
4.751,1.639967,-0.597065607
4.752,1.777502,-0.259615121
4.753,2.001517,0.077999051
4.754,2.211274,0.415564045
4.755,2.559269,0.752867027
4.756,2.914717,1.089695328
4.757,3.137379,1.425836579
4.758,3.436643,1.761078845
4.759,3.835887,2.095210755
4.76,4.332936,2.42802164
4.761,4.850152,2.759301665
4.762,5.242961,3.088841957
4.763,5.520727,3.416434743
4.764,5.655605,3.741873477
4.765,5.859865,4.064952969
4.766,5.978651,4.38546952
4.767,6.198983,4.703221045
4.768,6.261369,5.018007201
4.769,6.535792,5.329629518
4.77,6.802368,5.637891519
4.771,6.957563,5.942598844
4.772,3.620177,6.243559377
4.773,3.913335,6.540583363
4.774,4.284225,6.833483529
4.775,8.813572,7.122075203
4.776,9.369782,7.406176428
4.777,9.956627,7.68560808
4.778,10.553224,7.960193976
4.779,11.178708,8.229760993
4.78,11.923218,8.494139168
4.781,12.711423,8.753161811
4.782,13.408063,9.00666561
4.783,14.102287,9.254490732
4.784,14.683705,9.496480922
4.785,14.917633,9.732483608
4.786,15.279168,9.962349989
4.787,15.587447,10.18593514
4.788,15.605482,10.40309808
4.789,15.660711,10.6137019
4.79,15.635966,10.81761381
4.791,15.626214,11.01470524
4.792,15.670001,11.20485193
4.793,15.647794,11.387934
4.794,15.804422,11.563836
4.795,15.846059,11.73244704
4.796,15.81409,11.8936608
4.797,15.830131,12.04737564
4.798,15.916802,12.19349464
4.799,15.904002,12.33192568
4.8,15.783658,12.46258148
4.801,15.510071,12.58537965
4.802,14.985588,12.70024277
4.803,14.510626,12.80709842
4.804,14.05487,12.90587924
4.805,13.759012,12.99652293
4.806,13.602663,13.07897236
4.807,13.5628,13.15317552
4.808,13.549364,13.21908565
4.809,13.665916,13.27666118
4.81,13.957285,13.32586581
4.811,14.393917,13.36666852
4.812,14.839002,13.39904358
4.813,15.291091,13.42297058
4.814,15.612646,13.43843443
4.815,15.841832,13.44542539
4.816,16.029228,13.44393905
4.817,16.165717,13.43397634
4.818,16.284327,13.41554354
4.819,16.352852,13.38865229
4.82,16.259022,13.35331952
4.821,16.142701,13.30956752
4.822,15.940327,13.25742388
4.823,15.704955,13.19692146
4.824,15.399167,13.12809843
4.825,15.023019,13.05099816
4.826,14.578838,12.96566928
4.827,14.179591,12.87216558
4.828,13.766938,12.77054601
4.829,13.381433,12.66087465
4.83,13.016829,12.54322064
4.831,12.630688,12.41765817
4.832,12.295495,12.2842664
4.833,11.97044,12.14312943
4.834,11.689445,11.99433625
4.835,11.492709,11.83798068
4.836,11.433437,11.67416129
4.837,11.19202,11.50298138
4.838,10.947778,11.32454886
4.839,10.69662,11.13897625
4.84,10.500841,10.94638055
4.841,10.230879,10.74688318
4.842,9.863262,10.54060994
4.843,9.430825,10.32769087
4.844,8.956025,10.10826022
4.845,8.448931,9.882456334
4.846,7.889655,9.65042159
4.847,7.41584,9.412302283
4.848,7.093883,9.168248544
4.849,6.906432,8.918414251
4.85,6.756651,8.662956922
4.851,6.576917,8.402037622
4.852,6.397926,8.135820861
4.853,6.291107,7.864474487
4.854,6.229233,7.588169584
4.855,6.2369,7.307080361
4.856,6.289363,7.021384044
4.857,6.324899,6.731260764
4.858,6.299908,6.436893442
4.859,6.233206,6.138467677
4.86,6.146898,5.836171625
4.861,6.062318,5.530195883
4.862,6.08997,5.220733367
4.863,5.95739,4.907979194
4.864,5.717718,4.592130553
4.865,5.386382,4.273386587
4.866,5.085918,3.951948262
4.867,4.732791,3.628018245
4.868,4.382274,3.301800772
4.869,3.949276,2.973501523
4.87,3.539272,2.64332749
4.871,3.492974,2.311486846
4.872,3.39389,1.978188816
4.873,3.242903,1.643643543
4.874,2.980526,1.308061957
4.875,2.742989,0.971655642
4.876,2.261542,0.634636701
4.877,1.686497,0.297217623
4.878,1.111445,-0.040388849
4.879,0.678571,-0.377969857
4.88,2.2417,-0.715312556
4.881,1.859429,-1.052204252
4.882,1.365698,-1.388432536
4.883,0.835417,-1.723785418
4.884,0.343499,-2.058051457
4.885,-0.124241,-2.391019901
4.886,-0.173029,-2.722480813
4.887,0.389281,-3.052225209
4.888,0.095186,-3.380045185
4.889,0.32725,-3.705734052
4.89,-0.329641,-4.029086463
4.891,-0.920078,-4.349898547
4.892,-1.40565,-4.667968032
4.893,-1.814133,-4.983094376
4.894,-2.072297,-5.295078893
4.895,-2.370044,-5.603724877
4.896,-6.694428,-5.908837728
4.897,-7.109623,-6.210225073
4.898,-7.533327,-6.507696889
4.899,-7.902186,-6.801065619
4.9,-8.404638,-7.090146297
4.901,-8.520995,-7.374756656
4.902,-8.718689,-7.654717252
4.903,-8.932901,-7.92985157
4.904,-9.179862,-8.199986139
4.905,-9.373024,-8.464950639
4.906,-9.621271,-8.72457801
4.907,-9.825278,-8.97870456
4.908,-10.034586,-9.227170061
4.909,-9.977658,-9.469817857
4.91,-10.349471,-9.706494959
4.911,-10.741323,-9.937052142
4.912,-10.953376,-10.16134404
4.913,-11.283082,-10.37922924
4.914,-11.472549,-10.59057037
4.915,-11.7008,-10.79523417
4.916,-11.829387,-10.9930916
4.917,-12.193816,-11.18401792
4.918,-12.512354,-11.36789275
4.919,-12.745624,-11.54460015
4.92,-12.885498,-11.71402872
4.921,-13.019463,-11.87607162
4.922,-13.192362,-12.03062669
4.923,-13.540812,-12.17759648
4.924,-13.956391,-12.31688834
4.925,-14.226376,-12.44841443
4.926,-14.467993,-12.57209183
4.927,-14.626128,-12.68784255
4.928,-14.723933,-12.79559363
4.929,-14.771552,-12.89527713
4.93,-14.793321,-12.98683018
4.931,-14.790545,-13.07019508
4.932,-14.709191,-13.14531925
4.933,-14.454816,-13.21215534
4.934,-14.176528,-13.2706612
4.935,-14.037609,-13.32079994
4.936,-13.885044,-13.36253996
4.937,-13.775379,-13.39585493
4.938,-13.724941,-13.42072385
4.939,-13.750851,-13.43713105
4.94,-13.810522,-13.44506617
4.941,-13.855009,-13.44452421
4.942,-13.949667,-13.43550552
4.943,-14.085861,-13.41801577
4.944,-14.233231,-13.39206601
4.945,-14.353566,-13.35767258
4.946,-14.519541,-13.31485718
4.947,-14.701268,-13.2636468
4.948,-14.793867,-13.20407373
4.949,-14.749392,-13.13617552
4.95,-14.511875,-13.05999499
4.951,-14.210671,-12.97558017
4.952,-13.85423,-12.88298429
4.953,-13.430224,-12.78226571
4.954,-12.984242,-12.67348796
4.955,-12.36559,-12.5567196
4.956,-11.658141,-12.43203427
4.957,-10.953121,-12.29951057
4.958,-10.38144,-12.15923207
4.959,-10.267367,-12.01128721
4.96,-10.132416,-11.85576926
4.961,-10.063251,-11.69277628
4.962,-9.901724,-11.52241104
4.963,-9.583721,-11.34478095
4.964,-9.355571,-11.15999801
4.965,-9.030813,-10.96817871
4.966,-8.729342,-10.76944402
4.967,-8.668262,-10.56391922
4.968,-8.493577,-10.35173389
4.969,-8.334703,-10.13302183
4.97,-8.175597,-9.907920923
4.971,-8.080889,-9.6765731
4.972,-8.032757,-9.439124225
4.973,-8.041508,-9.195724008
4.974,-8.036914,-8.946525913
4.975,-8.044128,-8.691687058
4.976,-7.934329,-8.431368118
4.977,-7.64447,-8.165733223
4.978,-7.159313,-7.894949857
4.979,-6.660241,-7.619188746
4.98,-6.095773,-7.338623758
4.981,-5.775715,-7.053431788
4.982,-5.278188,-6.763792649
4.983,-5.010358,-6.469888957
4.984,-4.985669,-6.171906018
4.985,-4.915773,-5.870031709
4.986,-4.918756,-5.564456362
4.987,-4.590892,-5.25537264
4.988,-4.135012,-4.94297542
4.989,-3.514677,-4.627461668
4.99,-2.925147,-4.309030314
4.991,-2.36715,-3.987882128
4.992,-1.951344,-3.664219594
4.993,-1.662611,-3.338246779
4.994,-1.383844,-3.010169209
4.995,-1.21305,-2.680193736
4.996,-1.218613,-2.348528408
4.997,-1.173726,-2.015382339
4.998,-1.252619,-1.680965577
4.999,-1.567595,-1.345488971
5,-2.02263,-1.009164038
