phase_combined,theta_t_combined,theta_t_combined_fit,phase_natural,theta_t_Natural,theta_t_Natural_fit,phase_induced,theta_t_induced,theta_t_induced_fit
-0.785398163,-9.407537,-8.454749649,-0.783720553,-8.950227,-7.174226,-0.785398163,-0.454959,-5.211474
-0.782256571,-9.3128,-8.550827645,-0.77915896,-9.083996,-7.208185,-0.760265422,-0.712551,-5.332494
-0.779114978,-9.344491,-8.647836828,-0.774597368,-9.218735,-7.241994,-0.735132681,-1.2094,-5.450146
-0.775973385,-9.478762,-8.745770106,-0.770038917,-9.364301,-7.275653,-0.70999994,-1.660171,-5.564357
-0.772831793,-9.679876,-8.844620285,-0.765477324,-9.492297,-7.309159,-0.684867198,-2.022978,-5.675054
-0.7696902,-9.906905,-8.944380076,-0.760915732,-9.63214,-7.342514,-0.659734457,-7.396223,-5.782167
-0.766548607,-10.154271,-9.045042088,-0.756354139,-9.754198,-7.375716,-0.634601716,-7.690875,-5.885629
-0.763407015,-10.494764,-9.146598837,-0.751792547,-9.833627,-7.408765,-0.609468975,-2.510026,-5.985375
-0.760265422,-10.900579,-9.249042738,-0.747234096,-9.82303,-7.441659,-0.584336234,-2.545529,-6.081342
-0.75712383,-11.459923,-9.352366114,-0.742672503,-9.705807,-7.474399,-0.559203492,-2.567725,-6.173468
-0.753982237,-11.95513,-9.456561189,-0.738110911,-9.7452,-7.506983,-0.534070751,-2.574073,-6.261696
-0.750840644,-12.460694,-9.561620095,-0.733549318,-9.761143,-7.539411,-0.50893801,-2.818092,-6.34597
-0.747699052,-12.944806,-9.66753487,-0.728987726,-9.738316,-7.571682,-0.483805269,-2.862951,-6.426236
-0.744557459,-13.270496,-9.774297456,-0.724429275,-9.760625,-7.603795,-0.458672527,-2.849841,-6.502445
-0.741415866,-13.460464,-9.881899707,-0.719867682,-9.58318,-7.63575,-0.433539786,-2.928953,-6.574548
-0.738274274,-13.41895,-9.99033338,-0.71530609,-9.637004,-7.667547,-0.408407045,-2.925389,-6.642499
-0.735132681,-13.421234,-10.09959015,-0.710744497,-9.416988,-7.699183,-0.383274304,-2.867626,-6.706256
-0.731991088,-13.303546,-10.20966158,-0.706182905,-9.323564,-7.73066,-0.358141563,-2.623436,-6.765778
-0.728849496,-13.094741,-10.32053917,-0.701624454,-9.420288,-7.761976,-0.333008821,-2.574047,-6.821028
-0.725707903,-12.8877,-10.43221432,-0.697062861,-9.533424,-7.79313,-0.30787608,-2.489745,-6.871971
-0.72256631,-12.653155,-10.54467834,-0.692501269,-9.719415,-7.824122,-0.282743339,-2.306766,-6.918574
-0.719424718,-12.338883,-10.65792246,-0.687939676,-9.929665,-7.854951,-0.257610598,-7.089281,-6.960808
-0.716283125,-12.198842,-10.7719378,-0.683378084,-10.095951,-7.885617,-0.232477856,-2.129089,-6.998647
-0.713141532,-12.192563,-10.88671542,-0.678819633,-9.625055,-7.916119,-0.207345115,-2.165165,-7.032067
-0.70999994,-12.281638,-11.0022463,-0.67425804,-9.622459,-7.946456,-0.182212374,-6.976149,-7.061046
-0.706858347,-12.405312,-11.1185213,-0.669696448,-9.35919,-7.976627,-0.157079633,-7.113627,-7.085567
-0.703716754,-12.555929,-11.23553123,-0.665134855,-8.989096,-8.006633,-0.131946891,-7.355396,-7.105613
-0.700575162,-12.804982,-11.35326681,-0.660573262,-8.640192,-8.036472,-0.10681415,-7.590666,-7.121173
-0.697433569,-13.122359,-11.47171867,-0.656014812,-8.234726,-8.066144,-0.081681409,-7.761238,-7.132235
-0.694291976,-13.53035,-11.59087736,-0.651453219,-7.891782,-8.095648,-0.056548668,-8.075554,-7.138794
-0.691150384,-13.908041,-11.71073336,-0.646891626,-7.534684,-8.124984,-0.031415927,-8.103511,-7.140846
-0.688008791,-14.430919,-11.83127705,-0.642330034,-7.252099,-8.15415,-0.006283185,-8.101714,-7.138388
-0.684867198,-14.935304,-11.95249877,-0.637768441,-6.776148,-8.183147,0.018849556,-8.068854,-7.131422
-0.681725606,-15.091814,-12.07438873,-0.63320999,-6.764999,-8.211974,0.043982297,-8.056569,-7.119953
-0.678584013,-15.300692,-12.19693711,-0.628648398,-7.060778,-8.240629,0.069115038,-8.119635,-7.103989
-0.675442421,-15.613167,-12.32013399,-0.624086805,-7.721486,-8.269114,0.09424778,-8.260891,-7.083538
-0.672300828,-15.913547,-12.44396938,-0.619525213,-8.343781,-8.297426,0.119380521,-8.338931,-7.058614
-0.669159235,-16.155142,-12.56843321,-0.61496362,-8.817062,-8.325565,0.144513262,-8.578349,-7.029234
-0.666017643,-16.408508,-12.69351535,-0.610405169,-9.013409,-8.353532,0.169646003,-8.980047,-6.995414
-0.66287605,-16.604736,-12.81920559,-0.605843577,-9.037096,-8.381324,0.194778745,-9.159788,-6.957178
-0.659734457,-16.839381,-12.94549364,-0.601281984,-8.893073,-8.408942,0.219911486,-9.311827,-6.914548
-0.656592865,-17.010379,-13.07236915,-0.596720392,-8.675459,-8.436385,0.245044227,-9.487874,-6.867552
-0.653451272,-17.246334,-13.19982172,-0.592158799,-8.451346,-8.463653,0.270176968,-9.630892,-6.816219
-0.650309679,-17.478914,-13.32784083,-0.587600348,-8.163302,-8.490744,0.295309709,-9.751969,-6.760582
-0.647168087,-17.737158,-13.45641594,-0.583038756,-7.892044,-8.517659,0.320442451,-9.92076,-6.700677
-0.644026494,-18.097012,-13.58553641,-0.578477163,-7.531582,-8.544397,0.345575192,-10.109847,-6.63654
-0.640884901,-18.599606,-13.71519157,-0.573915571,-7.172821,-8.570957,0.370707933,-10.314437,-6.568212
-0.637743309,-18.938263,-13.84537065,-0.569353978,-7.303557,-8.597338,0.395840674,-10.420256,-6.495737
-0.634601716,-19.454686,-13.97606283,-0.564795527,-7.131592,-8.623541,0.420973416,-10.363394,-6.41916
-0.631460123,-19.907579,-14.10725724,-0.560233935,-7.095286,-8.649564,0.446106157,-10.168503,-6.338529
-0.628318531,-20.282817,-14.23894292,-0.555672342,-6.927257,-8.675407,0.471238898,-10.133348,-6.253897
-0.625176938,-20.562994,-14.37110887,-0.55111075,-7.089235,-8.701069,0.496371639,-6.848497,-6.165315
-0.622035345,-20.853787,-14.50374402,-0.546549157,-7.258507,-8.726551,0.52150438,-6.521008,-6.072839
-0.618893753,-21.134411,-14.63683726,-0.541990706,-7.417408,-8.751851,0.546637122,-6.178114,-5.97653
-0.61575216,-21.432355,-14.77037738,-0.537429114,-7.637056,-8.776969,0.571769863,-5.779957,-5.876446
-0.612610567,-21.676836,-14.90435316,-0.532867521,-7.922177,-8.801904,0.596902604,-5.364551,-5.772651
-0.609468975,-21.958707,-15.0387533,-0.528305929,-8.305688,-8.826656,0.622035345,-4.900122,-5.665212
-0.606327382,-22.258001,-15.17356644,-0.523744336,-8.744654,-8.851225,0.647168087,-4.46574,-5.554195
-0.603185789,-22.534101,-15.30878119,-0.519185885,-9.110835,-8.875609,0.672300828,-4.129408,-5.439671
-0.600044197,-22.768034,-15.44438607,-0.514624293,-9.306281,-8.899809,0.697433569,-3.965266,-5.321711
-0.596902604,-22.734708,-15.58036957,-0.5100627,-9.296877,-8.923823,0.72256631,-3.998095,-5.200392
-0.593761012,-22.697859,-15.71672014,-0.505501108,-9.152599,-8.947652,0.747699052,-4.205731,-5.075788
-0.590619419,-22.788579,-15.85342617,-0.500939515,-8.79505,-8.971294,0.772831793,-4.362835,-4.94798
-0.587477826,-22.672808,-15.99047598,-0.496381064,-8.403367,-8.99475,0.797964534,-4.31094,-4.817047
-0.584336234,-22.670789,-16.12785787,-0.491819472,-7.932437,-9.018019,0.823097275,-4.384824,-4.683072
-0.581194641,-22.503482,-16.26556008,-0.487257879,-7.344741,-9.0411,0.848230016,-4.446739,-4.54614
-0.578053048,-22.564604,-16.40357081,-0.482696286,-6.594917,-9.063993,0.873362758,-4.353039,-4.406338
-0.574911456,-22.663302,-16.54187821,-0.478134694,-5.729235,-9.086697,0.898495499,-4.224346,-4.263753
-0.571769863,-22.813432,-16.68047039,-0.473576243,-4.97447,-9.109213,0.92362824,-3.979809,-4.118475
-0.56862827,-23.044439,-16.81933541,-0.46901465,-4.442808,-9.131539,0.948760981,-3.659667,-3.970597
-0.565486678,-23.251326,-16.9584613,-0.464453058,-4.22825,-9.153674,0.973893723,-3.337037,-3.820212
-0.562345085,-23.497664,-17.09783604,-0.459891465,-4.236939,-9.17562,0.999026464,-3.322443,-3.667415
-0.559203492,-23.772892,-17.23744757,-0.455329873,-4.299948,-9.197374,1.024159205,-2.855324,-3.512301
-0.5560619,-24.05396,-17.37728381,-0.450771422,-4.325205,-9.218937,1.049291946,-2.954485,-3.35497
-0.552920307,-24.171166,-17.5173326,-0.446209829,-4.339529,-9.240308,1.074424688,-2.979712,-3.19552
-0.549778714,-24.639056,-17.65758179,-0.441648237,-4.343187,-9.261487,1.099557429,-2.97226,-3.034053
-0.546637122,-25.133945,-17.79801917,-0.437086644,-4.485721,-9.282473,1.12469017,-3.244822,-2.870669
-0.543495529,-25.539457,-17.93863251,-0.432525052,-4.707876,-9.303266,1.149822911,-3.074254,-2.705473
-0.540353936,-25.837573,-18.07940952,-0.427966601,-5.065423,-9.323866,1.174955652,-3.205325,-2.538568
-0.537212344,-26.075906,-18.22033792,-0.423405008,-5.349255,-9.344271,1.200088394,-3.884547,-2.370061
-0.534070751,-26.257101,-18.36140535,-0.418843416,-5.60192,-9.364482,1.225221135,-4.124277,-2.200057
-0.530929158,-26.683205,-18.50259946,-0.414281823,-5.804652,-9.384498,1.250353876,-4.49474,-2.028663
-0.527787566,-26.801728,-18.64390785,-0.409720231,-6.038495,-9.404319,1.275486617,-4.690031,-1.855989
-0.524645973,-26.935416,-18.7853181,-0.40516178,-6.389292,-9.423944,1.300619359,-4.840379,-1.682142
-0.52150438,-27.099253,-18.92681777,-0.400600187,-6.768463,-9.443374,1.3257521,-4.101807,-1.507234
-0.518362788,-27.305241,-19.06839438,-0.396038595,-7.175369,-9.462606,1.350884841,-4.092,-1.331374
-0.515221195,-27.589179,-19.21003543,-0.391477002,-7.532088,-9.481642,1.376017582,-4.093806,-1.154673
-0.512079603,-28.012018,-19.35172841,-0.38691541,-7.798323,-9.50048,1.401150324,-4.845793,-0.977242
-0.50893801,-28.212554,-19.49346076,-0.382356959,-7.990475,-9.519121,1.426283065,-4.823396,-0.799195
-0.505796417,-28.732143,-19.63521994,-0.377795366,-8.270191,-9.537564,1.451415806,-4.504653,-0.620643
-0.502654825,-28.985608,-19.77699334,-0.373233774,-8.643954,-9.555808,1.476548547,-4.086133,-0.441699
-0.499513232,-29.431282,-19.91876837,-0.368672181,-8.892455,-9.573853,1.501681288,-3.843265,-0.262477
-0.496371639,-29.84119,-20.06053242,-0.364110589,-9.002197,-9.5917,1.52681403,-3.321193,-0.083088
-0.493230047,-30.136938,-20.20227284,-0.359552138,-9.019227,-9.609346,1.551946771,-2.72208,0.096353
-0.490088454,-30.244589,-20.34397698,-0.354990545,-8.904606,-9.626793,1.577079512,-2.146386,0.275733
-0.486946861,-30.344999,-20.48563217,-0.350428953,-8.689758,-9.644039,1.602212253,-1.47475,0.454939
-0.483805269,-30.36638,-20.62722575,-0.34586736,-10.061416,-9.661085,1.627344995,-0.767117,0.633857
-0.480663676,-30.303208,-20.76874501,-0.341305767,-10.087963,-9.67793,1.652477736,-0.153981,0.812376
-0.477522083,-30.232286,-20.91017725,-0.336747317,-10.161727,-9.694573,1.677610477,0.517501,0.990381
-0.474380491,-30.158413,-21.05150977,-0.332185724,-10.404481,-9.711015,1.702743218,1.048558,1.167761
-0.471238898,-30.084515,-21.19272983,-0.327624131,-10.344464,-9.727254,1.727875959,1.452733,1.344404
-0.468097305,-29.978285,-21.33382473,-0.323062539,-10.553252,-9.743291,1.753008701,1.850709,1.520198
-0.464955713,-29.928004,-21.47478171,-0.318500946,-10.803189,-9.759126,1.778141442,2.151678,1.695032
-0.46181412,-30.097596,-21.61558804,-0.313942495,-11.011213,-9.774757,1.803274183,2.31615,1.868795
-0.458672527,-30.314031,-21.75623099,-0.309380903,-11.237721,-9.790185,1.828406924,2.399473,2.041379
-0.455530935,-30.649599,-21.89669779,-0.30481931,-11.429126,-9.805409,1.853539666,2.285729,2.212673
-0.452389342,-31.018063,-22.03697571,-0.300257718,-11.521091,-9.820429,1.878672407,2.279926,2.38257
-0.449247749,-31.413249,-22.177052,-0.295696125,-11.484927,-9.835245,1.903805148,2.312171,2.550963
-0.446106157,-31.85775,-22.31691391,-0.291137674,-11.330911,-9.849856,1.928937889,2.246898,2.717745
-0.442964564,-32.383001,-22.45654869,-0.286576082,-11.260468,-9.864263,1.954070631,2.118968,2.88281
-0.439822972,-32.93733,-22.5959436,-0.282014489,-10.96049,-9.878464,1.979203372,1.993599,3.046056
-0.436681379,-33.383414,-22.7350859,-0.277452897,-10.709258,-9.892459,2.004336113,1.846598,3.207378
-0.433539786,-33.57748,-22.87396285,-0.272891304,-10.594348,-9.906249,2.029468854,1.813899,3.366674
-0.430398194,-33.4422,-23.01256174,-0.268332853,-10.525435,-9.919832,2.054601595,1.40746,3.523845
-0.427256601,-33.075183,-23.15086983,-0.263771261,-10.567785,-9.933209,2.079734337,1.637979,3.678791
-0.424115008,-32.5409,-23.28887442,-0.259209668,-10.665004,-9.94638,2.104867078,1.933731,3.831413
-0.420973416,-32.045689,-23.4265628,-0.254648076,-10.762391,-9.959343,2.129999819,2.310351,3.981616
-0.417831823,-31.639539,-23.56392228,-0.250086483,-10.914545,-9.972099,2.15513256,2.568811,4.129305
-0.41469023,-31.272931,-23.70094019,-0.245528032,-11.115933,-9.984648,2.180265302,2.790489,4.274387
-0.411548638,-31.017928,-23.83760385,-0.24096644,-11.284365,-9.996989,2.205398043,3.026092,4.416769
-0.408407045,-30.849362,-23.97390062,-0.236404847,-11.302382,-10.009122,2.230530784,3.276945,4.556362
-0.405265452,-30.774837,-24.10981785,-0.231843255,-10.86675,-10.021047,2.255663525,6.995053,4.693078
-0.40212386,-30.987581,-24.24534293,-0.227281662,-10.743713,-10.032763,2.280796267,7.171386,4.826831
-0.398982267,-31.356089,-24.38046325,-0.222723211,-10.61744,-10.04427,2.305929008,7.443339,4.957536
-0.395840674,-31.889602,-24.51516623,-0.218161619,-10.492198,-10.055569,2.331061749,7.710716,5.08511
-0.392699082,-32.416107,-24.6494393,-0.213600026,-10.153535,-10.066658,2.35619449,7.91009,5.209474
-0.389557489,-32.871706,-24.78326992,-0.209038434,-10.436537,-10.077537,2.381327231,8.173553,5.330547
-0.386415896,-33.139163,-24.91664558,-0.204476841,-10.455481,-10.088208,2.406459973,8.433638,5.448255
-0.383274304,-33.325169,-25.04955376,-0.19991839,-10.493534,-10.098668,2.431592714,8.630738,5.562523
-0.380132711,-33.256153,-25.181982,-0.195356798,-10.490174,-10.108918,2.456725455,9.086829,5.673277
-0.376991118,-33.005163,-25.31391786,-0.190795205,-10.538701,-10.118957,2.481858196,9.100118,5.78045
-0.373849526,-32.623149,-25.4453489,-0.186233613,-10.588287,-10.128786,2.506990938,9.002076,5.883972
-0.370707933,-32.095026,-25.57626273,-0.18167202,-10.545844,-10.138405,2.532123679,8.873245,5.983779
-0.36756634,-31.596396,-25.70664699,-0.177113569,-10.513098,-10.147812,2.55725642,8.645493,6.079808
-0.364424748,-31.059747,-25.83648935,-0.172551976,-10.504466,-10.157008,2.582389161,8.504404,6.171997
-0.361283155,-30.52918,-25.96577749,-0.167990384,-10.582598,-10.165993,2.607521902,8.088822,6.260289
-0.358141563,-30.005884,-26.09449915,-0.163428791,-10.656324,-10.174767,2.632654644,7.627415,6.344628
-0.35499997,-29.440389,-26.22264209,-0.158867199,-10.783851,-10.183328,2.657787385,7.289594,6.42496
-0.351858377,-29.224414,-26.35019411,-0.154308748,-10.988537,-10.191678,2.682920126,7.074635,6.501236
-0.348716785,-29.160013,-26.47714302,-0.149747155,-11.278507,-10.199816,2.708052867,7.01015,6.573406
-0.345575192,-29.159885,-26.60347671,-0.145185563,-11.650819,-10.207741,2.733185609,6.793872,6.641425
-0.342433599,-29.274026,-26.72918308,-0.14062397,-12.104822,-10.215454,2.75831835,6.703508,6.705251
-0.339292007,-29.428515,-26.85425007,-0.136062378,-12.615194,-10.222955,2.783451091,6.450318,6.764842
-0.336150414,-29.643777,-26.97866566,-0.131503927,-13.293621,-10.230242,2.808583832,6.178194,6.820162
-0.333008821,-30.188519,-27.10241788,-0.126942334,-13.647976,-10.237317,2.833716574,1.612453,6.871175
-0.329867229,-30.565661,-27.2254948,-0.122380742,-13.846045,-10.244179,2.858849315,1.345663,6.917849
-0.326725636,-30.882443,-27.34788452,-0.117819149,-13.889438,-10.250828,2.883982056,1.138372,6.960155
-0.323584043,-31.156067,-27.4695752,-0.113257557,-13.753597,-10.257264,2.909114797,1.001763,6.998066
-0.320442451,-31.215783,-27.59055503,-0.108699106,-13.468543,-10.263486,2.934247538,0.895522,7.031558
-0.317300858,-31.402773,-27.71081227,-0.104137513,-13.111666,-10.269494,2.95938028,0.724201,7.06061
-0.314159265,-31.644516,-27.8303352,-0.099575921,-12.606498,-10.275289,2.984513021,0.62402,7.085203
-0.311017673,-31.935471,-27.94911216,-0.095014328,-12.223044,-10.28087,3.009645762,0.637167,7.105322
-0.30787608,-32.188967,-28.06713155,-0.090452736,-11.82703,-10.286237,3.034778503,0.846698,7.120955
-0.304734487,-32.395069,-28.1843818,-0.085894285,-11.440891,-10.29139,3.059911245,1.084837,7.132091
-0.301592895,-32.557298,-28.30085141,-0.081332692,-11.088194,-10.296329,3.085043986,1.417731,7.138724
-0.298451302,-32.750868,-28.41652892,-0.0767711,-10.760746,-10.301053,3.110176727,1.807384,7.140848
-0.295309709,-33.00752,-28.53140292,-0.072209507,-10.350772,-10.305564,3.135309468,6.207073,7.138464
-0.292168117,-33.253833,-28.64546208,-0.067647915,-10.449974,-10.30986,3.16044221,6.848481,7.131572
-0.289026524,-33.432375,-28.75869509,-0.063089464,-10.540363,-10.313941,3.185574951,7.15717,7.120176
-0.285884931,-33.524117,-28.87109072,-0.058527871,-10.807578,-10.317808,3.210707692,7.29671,7.104285
-0.282743339,-33.624064,-28.9826378,-0.053966279,-10.957895,-10.32146,3.235840433,7.439444,7.083907
-0.279601746,-33.744172,-29.09332521,-0.049404686,-11.094215,-10.324897,3.260973174,7.548766,7.059057
-0.276460154,-33.836419,-29.20314188,-0.044843094,-11.199532,-10.328119,3.286105916,7.628306,7.029748
-0.273318561,-33.888356,-29.31207682,-0.040284643,-11.206555,-10.331127,3.311238657,7.631359,6.996001
-0.270176968,-33.845989,-29.42011908,-0.03572305,-10.999273,-10.33392,3.336371398,7.423715,6.957836
-0.267035376,-33.843632,-29.5272578,-0.031161458,-11.087212,-10.336497,3.361504139,7.121308,6.915278
-0.263893783,-33.770223,-29.63348217,-0.026599865,-11.212625,-10.33886,3.386636881,6.920138,6.868353
-0.26075219,-33.637374,-29.73878143,-0.022038272,-11.256586,-10.341007,3.411769622,7.0498,6.817091
-0.257610598,-33.427943,-29.84314491,-0.017479822,-11.21724,-10.342939,3.436902363,6.780444,6.761524
-0.254469005,-33.089189,-29.94656198,-0.012918229,-11.205569,-10.344656,3.462035104,6.035907,6.701687
-0.251327412,-32.669278,-30.04902212,-0.008356636,-11.212728,-10.346158,3.487167845,6.036771,6.637619
-0.24818582,-32.174754,-30.15051482,-0.003795044,-11.257221,-10.347444,3.512300587,6.067256,6.569359
-0.245044227,-31.799879,-30.2510297,0.000766549,-11.338896,-10.348516,3.537433328,4.219579,6.496951
-0.241902634,-29.781139,-30.3505564,0.005325,-11.491535,-10.349371,3.562566069,4.265118,6.420441
-0.238761042,-29.726015,-30.44908466,0.009886592,-11.652415,-10.350012,3.58769881,5.874319,6.339876
-0.235619449,-29.693686,-30.54660428,0.014448185,-11.856149,-10.350437,3.612831552,5.864847,6.255308
-0.232477856,-29.672804,-30.64310515,0.019009777,-11.988152,-10.350647,3.637964293,6.118216,6.16679
-0.229336264,-29.65722,-30.73857721,0.02357137,-12.547469,-10.350641,3.663097034,6.139838,6.074378
-0.226194671,-31.840222,-30.83301049,0.028129821,-13.0485,-10.35042,3.688229775,6.062485,5.97813
-0.223053078,-32.118595,-30.92639509,0.032691413,-13.749341,-10.349984,3.713362517,5.834799,5.878107
-0.219911486,-32.571101,-31.01872119,0.037253006,-14.302239,-10.349332,3.738495258,5.403128,5.774373
-0.216769893,-32.983006,-31.10997905,0.041814598,-14.711131,-10.348465,3.763627999,4.913122,5.666992
-0.2136283,-33.382612,-31.200159,0.046376191,-14.901944,-10.347383,3.78876074,4.460938,5.556033
-0.210486708,-33.579629,-31.28925146,0.050934642,-14.92576,-10.346085,3.813893481,4.211983,5.441565
-0.207345115,-33.752699,-31.37724692,0.055496234,-14.911839,-10.344572,3.839026223,4.235413,5.323662
-0.204203522,-33.886281,-31.46413596,0.060057827,-14.72871,-10.342844,3.864158964,4.378966,5.202396
-0.20106193,-34.026558,-31.54990923,0.064619419,-14.41215,-10.3409,3.889291705,4.523588,5.077846
-0.197920337,-34.177654,-31.63455749,0.069181012,-13.989722,-10.338742,3.914424446,4.679221,4.950089
-0.194778745,-34.339879,-31.71807154,0.073739463,-13.484681,-10.336368,3.939557188,4.857208,4.819206
-0.191637152,-34.467882,-31.8004423,0.078301055,-12.970744,-10.333779,3.964689929,5.03435,4.68528
-0.188495559,-34.495071,-31.88166077,0.082862648,-12.501261,-10.330975,3.98982267,5.1586,4.548396
-0.185353967,-34.481406,-31.96171802,0.08742424,-12.129016,-10.327957,4.014955411,5.351794,4.408639
-0.182212374,-34.516734,-32.04060523,0.091985833,-11.778686,-10.324723,4.040088153,5.220633,4.266099
-0.179070781,-34.653972,-32.11831364,0.096544284,-11.611049,-10.321274,4.065220894,4.93159,4.120865
-0.175929189,-34.831038,-32.1948346,0.101105876,-11.537188,-10.317611,4.090353635,4.498977,3.973029
-0.172787596,-35.035438,-32.27015955,0.105667469,-11.540341,-10.313733,4.115486376,4.04866,3.822683
-0.169646003,-35.225711,-32.34428,0.110229061,-11.75706,-10.309641,4.140619117,3.451362,3.669924
-0.166504411,-35.378593,-32.41718757,0.114790654,-11.955861,-10.305333,4.165751859,2.802243,3.514848
-0.163362818,-35.528113,-32.48887397,0.119349105,-12.148463,-10.300812,4.1908846,2.13717,3.357552
-0.160221225,-35.682883,-32.559331,0.123910697,-12.254778,-10.296076,4.216017341,1.622085,3.198136
-0.157079633,-35.849908,-32.62855054,0.12847229,-12.285435,-10.291126,4.241150082,0.888437,3.036701
-0.15393804,-35.999614,-32.69652458,0.133033883,-12.335188,-10.285962,4.266282824,0.431579,2.873347
-0.150796447,-36.058669,-32.76324521,0.137595475,-12.449929,-10.280584,4.291415565,0.016421,2.70818
-0.147654855,-36.117137,-32.82870459,0.142153926,-12.505114,-10.274991,4.316548306,-0.196813,2.541302
-0.144513262,-36.066408,-32.89289499,0.146715519,-12.488922,-10.269185,4.341681047,1.835942,2.37282
-0.141371669,-36.042443,-32.9558088,0.151277111,-12.427459,-10.263166,4.366813788,-0.990878,2.20284
-0.138230077,-35.974497,-33.01743846,0.155838704,-12.220736,-10.256933,4.39194653,-1.015626,2.031468
-0.135088484,-35.939362,-33.07777656,0.160400296,-11.946595,-10.250486,4.417079271,-1.260702,1.858814
-0.131946891,-35.904895,-33.13681574,0.164958747,-11.696096,-10.243826,4.442212012,-1.376951,1.684985
-0.128805299,-35.805587,-33.19454877,0.16952034,-11.416077,-10.236953,4.467344753,-1.481377,1.510093
-0.125663706,-35.640779,-33.25096851,0.174081932,-11.337451,-10.229867,4.492477495,-1.550127,1.334248
-0.122522113,-35.515398,-33.30606793,0.178643525,-11.257308,-10.222568,4.517610236,-1.593836,1.157559
-0.119380521,-31.200341,-33.35984009,0.183205117,-11.146764,-10.215057,4.542742977,-1.610984,0.98014
-0.116238928,-31.002651,-33.41227816,0.187763568,-10.981569,-10.207332,4.567875718,-1.606015,0.802102
-0.113097336,-34.758563,-33.46337541,0.192325161,-10.537228,-10.199396,4.59300846,-1.607719,0.623558
-0.109955743,-34.538924,-33.51312521,0.196886753,-10.532441,-10.191247,4.618141201,-1.650687,0.444619
-0.10681415,-34.508423,-33.56152103,0.201448346,-10.607445,-10.182886,4.643273942,-1.719388,0.2654
-0.103672558,-34.616013,-33.60855647,0.206009938,-10.738455,-10.174314,4.668406683,-1.857487,0.086013
-0.100530965,-34.795371,-33.65422521,0.210568389,-10.979895,-10.165529,4.693539424,-2.183976,-0.093428
-0.097389372,-35.077306,-33.69852104,0.215129982,-11.201718,-10.156533,4.718672166,-2.516031,-0.27281
-0.09424778,-35.527533,-33.74143785,0.219691574,-11.41432,-10.147326,4.743804907,0.487495,-0.452019
-0.091106187,-35.923941,-33.78296966,0.224253167,-11.667228,-10.137908,4.768937648,-3.079899,-0.630944
-0.087964594,-36.374505,-33.82311059,0.228814759,-11.950623,-10.128278,4.794070389,-3.311063,-0.809469
-0.084823002,-36.661035,-33.86185484,0.23337321,-12.223331,-10.118438,4.819203131,-3.545594,-0.987484
-0.081681409,-36.878929,-33.89919676,0.237934803,-12.471556,-10.108387,4.844335872,-3.701727,-1.164875
-0.078539816,-36.758267,-33.93513077,0.242496395,-12.815232,-10.098126,4.869468613,-3.788831,-1.341531
-0.075398224,-36.346646,-33.96965144,0.247057988,-12.803656,-10.087655,4.894601354,-3.818938,-1.517339
-0.072256631,-35.674992,-34.00275342,0.25161958,-12.735172,-10.076974,4.919734096,-3.833599,-1.69219
-0.069115038,-34.858883,-34.03443147,0.256178031,-12.649438,-10.066084,4.944866837,-2.577909,-1.865972
-0.065973446,-33.991473,-34.06468049,0.260739624,-12.555691,-10.054984,4.969999578,-2.801958,-2.038575
-0.062831853,-33.066519,-34.09349546,0.265301216,-12.60416,-10.043674,4.995132319,-3.059944,-2.209891
-0.05969026,-32.170421,-34.12087149,0.269862809,-12.296325,-10.032156,5.02026506,-3.270086,-2.379812
-0.056548668,-31.321374,-34.14680379,0.274424401,-11.718128,-10.020429,5.045397802,-3.403855,-2.54823
-0.053407075,-30.621021,-34.1712877,0.278982852,-11.332299,-10.008493,5.070530543,-3.513465,-2.715039
-0.050265482,-30.123159,-34.19431866,0.283544445,-11.047205,-9.99635,5.095663284,-2.477089,-2.880134
-0.04712389,-27.642994,-34.21589222,0.288106037,-10.914316,-9.983998,5.120796025,-1.697851,-3.04341
-0.043982297,-27.490734,-34.23600406,0.29266763,-10.93562,-9.971438,5.145928767,-1.965308,-3.204764
-0.040840704,-27.476091,-34.25464996,0.297229223,-11.086522,-9.958671,5.171061508,-2.11872,-3.364094
-0.037699112,-29.742244,-34.27182583,0.301787673,-11.213002,-9.945697,5.196194249,-2.22631,-3.5213
-0.034557519,-30.178497,-34.28752768,0.306349266,-11.383421,-9.932516,5.22132699,-1.398505,-3.676283
-0.031415927,-30.519762,-34.30175165,0.310910859,-11.546578,-9.919128,5.246459731,-1.581969,-3.828944
-0.028274334,-30.836112,-34.31449398,0.315472451,-11.769644,-9.905534,5.271592473,-1.894234,-3.979187
-0.025132741,-31.091053,-34.32575104,0.320034044,-11.911393,-9.891733,5.296725214,-2.25993,-4.126918
-0.021991149,-31.226999,-34.33551931,0.324592495,-11.946278,-9.877727,5.321857955,-2.725791,-4.272043
-0.018849556,-31.434365,-34.34379539,0.329154087,-11.926992,-9.863515,5.346990696,-3.215333,-4.41447
-0.015707963,-31.44572,-34.35057601,0.33371568,-11.82909,-9.849098,5.372123438,-3.677184,-4.554109
-0.012566371,-31.45215,-34.35585799,0.338277272,-11.67883,-9.834476,5.397256179,-3.947319,-4.690873
-0.009424778,-31.477985,-34.35963828,0.342838865,-11.450163,-9.81965,5.42238892,-9.594416,-4.824675
-0.006283185,-31.405737,-34.36191397,0.347397316,-11.227247,-9.804619,5.447521661,-9.932749,-4.95543
-0.003141593,-31.249985,-34.36268224,0.351958908,-11.059019,-9.789384,5.472654403,-10.133215,-5.083056
0,-31.022805,-34.3619404,0.356520501,-10.979335,-9.773946,5.497787144,-10.182891,-5.207472
0.003141593,-30.633366,-34.35968588,0.361082093,-10.989052,-9.758304,5.522919885,-10.177558,-5.3286
0.006283185,-30.343652,-34.35591623,0.365643686,-11.077728,-9.742459,5.548052626,-10.084759,-5.446364
0.009424778,-30.078208,-34.35062911,0.370202137,-11.265193,-9.726411,5.573185367,-4.669937,-5.560688
0.012566371,-29.867393,-34.34382232,0.374763729,-11.52332,-9.710161,5.598318109,-4.610776,-5.6715
0.015707963,-29.682673,-34.33549377,0.379325322,-11.730675,-9.693709,5.62345085,-4.466176,-5.778732
0.018849556,-29.618672,-34.32564149,0.383886914,-11.986424,-9.677055,5.648583591,-4.338118,-5.882314
0.021991149,-29.450621,-34.31426361,0.388448507,-12.26068,-9.6602,5.673716332,-4.304558,-5.982182
0.025132741,-29.387502,-34.30135843,0.393006958,-12.519433,-9.643144,5.698849074,-4.300125,-6.078273
0.028274334,-29.37551,-34.28692433,0.39756855,-12.714547,-9.625887,5.723981815,-4.43385,-6.170525
0.031415927,-29.38361,-34.27095981,0.402130143,-12.864834,-9.60843,5.749114556,-4.598889,-6.258881
0.034557519,-27.586838,-34.25346353,0.406691735,-12.931146,-9.590773,5.774247297,-9.89053,-6.343285
0.037699112,-27.608532,-34.23443423,0.411253328,-12.876725,-9.572916,5.799380039,-9.90459,-6.423683
0.040840704,-27.805858,-34.21387079,0.415811779,-12.526443,-9.55486,5.82451278,-10.026592,-6.500025
0.043982297,-27.913279,-34.19177222,0.420373371,-12.127747,-9.536605,5.849645521,-9.924898,-6.572262
0.04712389,-27.897178,-34.16813763,0.424934964,-12.086705,-9.518152,5.874778262,-9.856533,-6.64035
0.050265482,-29.813476,-34.14296627,0.429496556,-11.717919,-9.499501,5.899911003,-9.795844,-6.704244
0.053407075,-29.910634,-34.1162575,0.434058149,-11.352664,-9.480653,5.925043745,-9.721848,-6.763905
0.056548668,-30.063551,-34.08801082,0.4386166,-11.078256,-9.461606,5.950176486,-9.623034,-6.819294
0.05969026,-30.168295,-34.05822583,0.443178192,-10.865471,-9.442364,5.975309227,-9.544962,-6.870378
0.062831853,-30.293436,-34.02690228,0.447739785,-10.68457,-9.422924,6.000441968,-9.511594,-6.917123
0.065973446,-30.396837,-33.99404,0.452301378,-10.520281,-9.403289,6.02557471,-9.526999,-6.959501
0.069115038,-30.274338,-33.95963899,0.45686297,-10.453043,-9.383458,6.050707451,-9.367863,-6.997483
0.072256631,-30.198323,-33.92369934,0.461421421,-10.509985,-9.363431,6.075840192,-9.432084,-7.031047
0.075398224,-30.019475,-33.88622128,0.465983014,-10.741433,-9.34321,6.100972933,-9.655141,-7.060172
0.078539816,-29.810278,-33.84720515,0.470544606,-11.059344,-9.322795,6.126105675,-9.622407,-7.084838
0.081681409,-29.325851,-33.80665142,0.475106199,-11.429457,-9.302185,6.151238416,-9.518208,-7.10503
0.084823002,-28.864558,-33.76456068,0.479667791,-11.494958,-9.281382,6.176371157,-9.356133,-7.120736
0.087964594,-28.454857,-33.72093365,0.484226242,-11.635936,-9.260386,6.201503898,-9.121503,-7.131946
0.091106187,-27.966292,-33.67577116,0.488787835,-11.759494,-9.239197,6.226636639,-8.829268,-7.138652
0.09424778,-27.713322,-33.62907416,0.493349427,-11.82591,-9.217815,6.251769381,-8.479262,-7.14085
0.097389372,-27.666479,-33.58084375,0.49791102,-11.767024,-9.196242,6.276902122,-8.314469,-7.138539
0.100530965,-27.784681,-33.53108111,0.502472612,-11.695465,-9.174478,6.302034863,-8.305443,-7.13172
0.103672558,-28.045945,-33.47978759,0.507031063,-11.722889,-9.152523,6.327167604,-8.05727,-7.120398
0.10681415,-28.453933,-33.42696462,0.511592656,-11.777548,-9.130377,6.352300346,-7.966239,-7.10458
0.109955743,-29.020138,-33.37261377,0.516154248,-11.877005,-9.108041,6.377433087,-7.874349,-7.084275
0.113097336,-29.430854,-33.31673674,0.520715841,-11.826028,-9.085516,6.402565828,-3.508233,-7.059497
0.116238928,-29.656301,-33.25933534,0.525277433,-11.680837,-9.062802,6.427698569,-3.583042,-7.030262
0.119380521,-29.680417,-33.2004115,0.529835884,-11.506184,-9.039899,6.45283131,-3.703612,-6.996587
0.122522113,-29.724322,-33.13996727,0.534397477,-11.266344,-9.016808,6.477964052,-3.844533,-6.958494
0.125663706,-27.675851,-33.07800485,0.538959069,-11.221354,-8.99353,6.503096793,-3.964866,-6.916007
0.128805299,-27.419703,-33.01452652,0.543520662,-11.172702,-8.970064,6.528229534,-4.087494,-6.869153
0.131946891,-27.127026,-32.94953471,0.548082254,-11.37205,-8.946412,6.553362275,-4.272877,-6.817961
0.135088484,-26.869102,-32.88303196,0.552640705,-11.288112,-8.922573,6.578495017,-4.546284,-6.762464
0.138230077,-26.706114,-32.81502092,0.557202298,-11.10916,-8.898549,6.603627758,-4.807008,-6.702697
0.141371669,-26.666092,-32.74550439,0.56176389,-10.871483,-8.87434,6.628760499,-5.245259,-6.638697
0.144513262,-29.183361,-32.67448526,0.566325483,-10.855858,-8.849946,6.65389324,-9.235573,-6.570506
0.147654855,-29.559215,-32.60196655,0.570887075,-10.744709,-8.825368,6.679025982,-9.27516,-6.498165
0.150796447,-29.996681,-32.52795141,0.575445526,-11.086653,-8.800606,6.704158723,-5.709531,-6.421721
0.15393804,-30.433,-32.4524431,0.580007119,-11.314617,-8.775662,6.729291464,-5.736353,-6.341222
0.157079633,-30.692554,-32.375445,0.584568711,-11.623326,-8.750534,6.754424205,-5.696845,-6.256719
0.160221225,-31.073114,-32.2969606,0.589130304,-11.904799,-8.725225,6.779556946,-8.802947,-6.168265
0.163362818,-31.254039,-32.21699354,0.593691896,-12.156305,-8.699734,6.804689688,-8.497942,-6.075915
0.166504411,-31.230823,-32.13554754,0.598250347,-12.452111,-8.674062,6.829822429,-8.127356,-5.97973
0.169646003,-31.061066,-32.05262647,0.60281194,-12.655895,-8.648209,6.85495517,-5.071812,-5.879768
0.172787596,-30.855992,-31.96823428,0.607373532,-12.711927,-8.622176,6.880087911,-4.892169,-5.776093
0.175929189,-30.623604,-31.88237508,0.611935125,-12.6236,-8.595965,6.905220653,-4.736057,-5.668772
0.179070781,-30.358339,-31.79505308,0.616496718,-12.427441,-8.569574,6.930353394,-4.618985,-5.55787
0.182212374,-30.042881,-31.70627259,0.621055169,-12.056104,-8.543005,6.955486135,-4.516255,-5.443459
0.185353967,-29.935724,-31.61603806,0.625616761,-11.575226,-8.516258,6.980618876,-4.378647,-5.325611
0.188495559,-29.897214,-31.52435404,0.630178354,-11.012703,-8.489334,7.005751618,-4.214753,-5.2044
0.191637152,-29.91425,-31.43122521,0.634739946,-10.339011,-8.462233,7.030884359,-4.037746,-5.079902
0.194778745,-29.905333,-31.33665636,0.639301539,-9.67686,-8.434956,7.0560171,-3.935938,-4.952197
0.197920337,-29.87095,-31.24065239,0.64385999,-8.950793,-8.407504,7.081149841,-3.75504,-4.821364
0.20106193,-29.789418,-31.14321832,0.648421582,-8.366325,-8.379877,,,
0.204203522,-29.7129,-31.04435928,0.652983175,-7.990233,-8.352075,,,
0.207345115,-29.734533,-30.94408051,0.657544767,-7.707769,-8.3241,,,
0.210486708,-29.886527,-30.84238739,0.66210636,-7.510583,-8.295951,,,
0.2136283,-30.111718,-30.73928536,0.666664811,-7.462583,-8.26763,,,
0.216769893,-30.333531,-30.63478004,0.671226403,-7.565691,-8.239137,,,
0.219911486,-30.468427,-30.5288771,0.675787996,-7.659858,-8.210472,,,
0.223053078,-30.699446,-30.42158235,0.680349588,-8.061406,-8.181637,,,
0.226194671,-30.996426,-30.31290173,0.684911181,-8.544844,-8.152631,,,
0.229336264,-31.372843,-30.20284125,0.689469632,-9.079934,-8.123456,,,
0.232477856,-31.738512,-30.09140705,0.694031224,-9.627142,-8.094111,,,
0.235619449,-31.939557,-29.97860539,0.698592817,-10.003879,-8.064598,,,
0.238761042,-32.083608,-29.86444262,0.703154409,-10.238561,-8.034918,,,
0.241902634,-31.999717,-29.74892521,0.707716002,-10.295221,-8.00507,,,
0.245044227,-31.770114,-29.63205973,0.712274453,-10.24478,-7.975056,,,
0.24818582,-31.357821,-29.51385287,0.716836045,-10.114711,-7.944875,,,
0.251327412,-30.793257,-29.3943114,0.721397638,-9.9232,-7.91453,,,
0.254469005,-30.135651,-29.27344224,0.72595923,-9.616597,-7.884019,,,
0.257610598,-29.338623,-29.15125238,0.730520823,-9.205718,-7.853345,,,
0.26075219,-28.539328,-29.02774892,0.735079274,-8.978933,-7.822507,,,
0.263893783,-27.807263,-28.90293907,0.739640866,-8.469968,-7.791507,,,
0.267035376,-27.04859,-28.77683015,0.744202459,-7.921518,-7.760344,,,
0.270176968,-26.445378,-28.64942957,0.748764051,-7.790344,-7.72902,,,
0.273318561,-25.932015,-28.52074486,0.753325644,-7.786095,-7.697535,,,
0.276460154,-25.622874,-28.39078363,0.757884095,-7.866773,-7.66589,,,
0.279601746,-25.495576,-28.25955362,0.762445687,-7.936862,-7.634085,,,
0.282743339,-25.618072,-28.12706263,0.76700728,-8.01408,-7.602122,,,
0.285884931,-25.861485,-27.9933186,0.771568873,-8.095342,-7.57,,,
0.289026524,-26.214738,-27.85832956,0.776130465,-8.149232,-7.537721,,,
0.292168117,-26.522239,-27.72210361,0.780688916,-8.258939,-7.505285,,,
0.295309709,-27.032627,-27.58464898,0.785250509,-8.220645,-7.472693,,,
0.298451302,-27.603724,-27.44597399,0.789812101,-8.048364,-7.439945,,,
0.301592895,-28.202399,-27.30608705,0.794373694,-7.5862,-7.407043,,,
0.304734487,-28.685967,-27.16499668,0.798935286,-7.264243,-7.373986,,,
0.30787608,-29.020908,-27.02271147,0.803493737,-6.978336,-7.340776,,,
0.311017673,-29.257114,-26.87924013,0.80805533,-6.677785,-7.307413,,,
0.314159265,-29.376603,-26.73459144,0.812616922,-6.498121,-7.273898,,,
0.317300858,-29.454446,-26.5887743,0.817178515,-6.473443,-7.240232,,,
0.320442451,-29.534405,-26.44179768,0.821740107,-6.567476,-7.206415,,,
0.323584043,-29.58142,-26.29367066,0.826298558,-6.963547,-7.172449,,,
0.326725636,-29.484767,-26.14440239,0.830860151,-7.000717,-7.138333,,,
0.329867229,-29.251067,-25.99400212,0.835421743,-7.26955,-7.104068,,,
0.333008821,-28.988054,-25.84247919,0.839983336,-7.5481,-7.069656,,,
0.336150414,-28.588329,-25.68984303,0.844544928,-7.690699,-7.035096,,,
0.339292007,-28.016412,-25.53610316,0.849103379,-7.917684,-7.00039,,,
0.342433599,-27.354301,-25.38126918,0.853664972,-8.150387,-6.965539,,,
0.345575192,-26.69032,-25.22535077,0.858226564,-8.361159,-6.930542,,,
0.348716785,-26.072049,-25.0683577,0.862788157,-8.480562,-6.895402,,,
0.351858377,-25.590517,-24.91029985,0.867349749,-8.583205,-6.860117,,,
0.35499997,-25.181212,-24.75118714,0.8719082,-8.633392,-6.824691,,,
0.358141563,-24.883321,-24.59102959,0.876469793,-8.697952,-6.789122,,,
0.361283155,-24.68846,-24.42983733,0.881031385,-8.919372,-6.753412,,,
0.364424748,-24.524226,-24.26762052,0.885592978,-9.349149,-6.717561,,,
0.36756634,-24.431369,-24.10438943,0.89015457,-9.701334,-6.68157,,,
0.370707933,-24.378252,-23.94015442,0.894713021,-9.920781,-6.645441,,,
0.373849526,-24.348781,-23.7749259,0.899274614,-9.957169,-6.609173,,,
0.376991118,-24.33034,-23.60871437,0.903836206,-9.774743,-6.572768,,,
0.380132711,-24.262244,-23.44153041,0.908397799,-9.410531,-6.536226,,,
0.383274304,-24.14486,-23.27338468,0.912959392,-8.956988,-6.499548,,,
0.386415896,-23.973452,-23.10428789,0.917517842,-8.483595,-6.462735,,,
0.389557489,-23.682046,-22.93425086,0.922079435,-8.063073,-6.425787,,,
0.392699082,-23.296192,-22.76328444,0.926641028,-7.702688,-6.388705,,,
0.395840674,-22.875946,-22.5913996,0.93120262,-6.986007,-6.351491,,,
0.398982267,-22.466523,-22.41860735,0.935764213,-6.688961,-6.314144,,,
0.40212386,-21.893253,-22.24491876,0.940322664,-6.438951,-6.276666,,,
0.405265452,-21.531766,-22.07034501,0.944884256,-6.198198,-6.239058,,,
0.408407045,-21.477313,-21.8948973,0.949445849,-5.996981,-6.20132,,,
0.411548638,-21.315698,-21.71858694,0.954007441,-6.05772,-6.163452,,,
0.41469023,-21.202174,-21.54142528,0.958569034,-5.697358,-6.125457,,,
0.417831823,-21.10666,-21.36342373,0.963127485,-5.629547,-6.087333,,,
0.420973416,-21.083328,-21.1845938,0.967689077,-5.530611,-6.049084,,,
0.424115008,-21.092013,-21.00494702,0.97225067,-5.343815,-6.010708,,,
0.427256601,-21.101626,-20.824495,0.976812262,-4.951209,-5.972207,,,
0.430398194,-21.021541,-20.64324943,0.981373855,-4.485949,-5.933582,,,
0.433539786,-20.897148,-20.46122204,0.985932306,-4.285305,-5.894834,,,
0.436681379,-20.755929,-20.27842461,0.990493898,-4.325501,-5.855963,,,
0.439822972,-20.685454,-20.094869,0.995055491,-4.520011,-5.81697,,,
0.442964564,-20.63165,-19.91056712,0.999617083,-5.018848,-5.777856,,,
0.446106157,-20.60222,-19.72553093,1.004178676,-5.504995,-5.738622,,,
0.449247749,-20.587252,-19.53977245,1.008737127,-5.970426,-5.699268,,,
0.452389342,-20.739006,-19.35330375,1.013298719,-6.643187,-5.659796,,,
0.455530935,-20.844123,-19.16613696,1.017860312,-7.054805,-5.620206,,,
0.458672527,-21.055653,-18.97828427,1.022421904,-7.779406,-5.580499,,,
0.46181412,-21.189909,-18.78975789,1.026983497,-8.363455,-5.540676,,,
0.464955713,-21.222433,-18.60057012,1.031541948,-8.699079,-5.500738,,,
0.468097305,-21.053931,-18.41073328,1.03610354,-8.943646,-5.460685,,,
0.471238898,-20.39533,-18.22025974,1.040665133,-8.926727,-5.420519,,,
0.474380491,-19.834509,-18.02916193,1.045226725,-9.122156,-5.38024,,,
0.477522083,-19.153893,-17.83745232,1.049788318,-9.086767,-5.339849,,,
0.480663676,-18.376289,-17.64514343,1.054346769,-9.094407,-5.299346,,,
0.483805269,-17.788551,-17.45224781,1.058908361,-8.919252,-5.258734,,,
0.486946861,-17.189176,-17.25877806,1.063469954,-8.696183,-5.218012,,,
0.490088454,-16.632404,-17.06474683,1.068031546,-8.38525,-5.177181,,,
0.493230047,-16.325411,-16.8701668,1.072593139,-8.163211,-5.136243,,,
0.496371639,-16.185776,-16.67505069,1.07715159,-7.976555,-5.095198,,,
0.499513232,-16.207363,-16.47941125,1.081713182,-7.750555,-5.054047,,,
0.502654825,-16.289923,-16.2832613,1.086274775,-7.437872,-5.012791,,,
0.505796417,-16.54796,-16.08661366,1.090836368,-7.100131,-4.97143,,,
0.50893801,-16.597383,-15.88948119,1.09539796,-6.816683,-4.929966,,,
0.512079603,-16.659963,-15.69187681,1.099956411,-6.610566,-4.8884,,,
0.515221195,-16.791529,-15.49381344,1.104518004,-6.487776,-4.846731,,,
0.518362788,-16.83413,-15.29530405,1.109079596,-6.484926,-4.804962,,,
0.52150438,-16.80523,-15.09636165,1.113641189,-6.592393,-4.763093,,,
0.524645973,-16.723603,-14.89699925,1.118202781,-6.723337,-4.721125,,,
0.527787566,-16.712689,-14.69722992,1.122761232,-6.867953,-4.679058,,,
0.530929158,-16.771155,-14.49706672,1.127322825,-7.052903,-4.636894,,,
0.534070751,-16.966073,-14.29652278,1.131884417,-7.274018,-4.594634,,,
0.537212344,-17.227485,-14.09561122,1.13644601,-7.478129,-4.552278,,,
0.540353936,-17.290396,-13.89434521,1.141007602,-7.671967,-4.509828,,,
0.543495529,-17.387721,-13.69273791,1.145566053,-7.460345,-4.467283,,,
0.546637122,-17.359326,-13.49080254,1.150127646,-7.380019,-4.424646,,,
0.549778714,-17.213713,-13.28855231,1.154689238,-7.124439,-4.381916,,,
0.552920307,-17.002888,-13.08600047,1.159250831,-6.776063,-4.339095,,,
0.5560619,-16.809099,-12.88316027,1.163812423,-6.407546,-4.296184,,,
0.559203492,-16.811847,-12.68004499,1.168370874,-6.053992,-4.253184,,,
0.562345085,-16.6488,-12.47666792,1.172932467,-5.828065,-4.210095,,,
0.565486678,-16.463713,-12.27304237,1.177494059,-5.652627,-4.166919,,,
0.56862827,-16.23676,-12.06918165,1.182055652,-5.476182,-4.123656,,,
0.571769863,-16.050431,-11.86509911,1.186617244,-5.326412,-4.080307,,,
0.574911456,-16.023381,-11.66080809,1.191175695,-5.205083,-4.036873,,,
0.578053048,-15.970289,-11.45632193,1.195737288,-5.178228,-3.993355,,,
0.581194641,-15.961402,-11.25165401,1.20029888,-5.530642,-3.949754,,,
0.584336234,-16.004785,-11.0468177,1.204860473,-5.709078,-3.906071,,,
0.587477826,-15.955005,-10.84182636,1.209422065,-5.848382,-3.862306,,,
0.590619419,-15.90531,-10.6366934,1.213980516,-5.885362,-3.818462,,,
0.593761012,-15.820323,-10.43143218,1.218542109,-5.561584,-3.774537,,,
0.596902604,-15.670901,-10.22605612,1.223103701,-5.553014,-3.730535,,,
0.600044197,-15.53644,-10.02057859,1.227665294,-5.44706,-3.686454,,,
0.603185789,-15.338622,-9.815012999,1.232226887,-5.573514,-3.642297,,,
0.606327382,-15.088845,-9.609372737,1.236785337,-5.45857,-3.598064,,,
0.609468975,-14.841499,-9.403671197,1.24134693,-5.268875,-3.553756,,,
0.612610567,-14.548376,-9.197921771,1.245908523,-4.929394,-3.509375,,,
0.61575216,-14.273161,-8.992137846,1.250470115,-4.64705,-3.46492,,,
0.618893753,-13.945574,-8.786332804,1.255031708,-4.460749,-3.420393,,,
0.622035345,-13.557305,-8.580520023,1.259590159,-4.119273,-3.375795,,,
0.625176938,-12.908456,-8.374712872,1.264151751,-3.979784,-3.331127,,,
0.628318531,-12.599124,-8.168924713,1.268713344,-3.824541,-3.286389,,,
0.631460123,-12.397401,-7.963168899,1.273274936,-3.848759,-3.241584,,,
0.634601716,-12.214068,-7.757458771,1.277836529,-3.95262,-3.19671,,,
0.637743309,-7.133885,-7.551807661,1.28239498,-3.982685,-3.15177,,,
0.640884901,-6.859994,-7.346228885,1.286956572,-4.059054,-3.106765,,,
0.644026494,-6.545193,-7.140735749,1.291518165,-4.00588,-3.061695,,,
0.647168087,-6.376994,-6.93534154,1.296079757,-3.885324,-3.016561,,,
0.650309679,-6.208436,-6.730059532,1.30064135,-3.697216,-2.971364,,,
0.653451272,-5.971902,-6.524902981,1.305199801,-3.538107,-2.926106,,,
0.656592865,-5.755274,-6.319885123,1.309761393,-3.55393,-2.880786,,,
0.659734457,-5.681795,-6.115019178,1.314322986,-3.599501,-2.835407,,,
0.66287605,-5.350651,-5.910318341,1.318884578,-3.611515,-2.789969,,,
0.666017643,-5.081325,-5.705795788,1.323446171,-3.796218,-2.744473,,,
0.669159235,-4.742035,-5.501464672,1.328004622,-3.73857,-2.698919,,,
0.672300828,-4.519354,-5.297338121,1.332566214,-3.647779,-2.65331,,,
0.675442421,-4.375534,-5.093429239,1.337127807,-3.566444,-2.607645,,,
0.678584013,-4.234222,-4.889751103,1.341689399,-3.606947,-2.561926,,,
0.681725606,-4.136585,-4.686316763,1.346250992,-3.73055,-2.516154,,,
0.684867198,-3.960665,-4.483139239,1.350809443,-3.884258,-2.470329,,,
0.688008791,-3.665863,-4.280231524,1.355371035,-3.95137,-2.424453,,,
0.691150384,-3.407663,-4.077606579,1.359932628,-3.876414,-2.378526,,,
0.694291976,-3.249554,-3.875277333,1.36449422,-3.678039,-2.33255,,,
0.697433569,-3.042576,-3.673256682,1.369055813,-3.50898,-2.286526,,,
0.700575162,-2.653795,-3.471557489,1.373614264,-3.38782,-2.240454,,,
0.703716754,-2.444199,-3.270192581,1.378175856,-3.151185,-2.194335,,,
0.706858347,-2.284191,-3.069174748,1.382737449,-2.67427,-2.14817,,,
0.70999994,-2.160521,-2.868516746,1.387299041,-2.653688,-2.101961,,,
0.713141532,-2.062819,-2.668231288,1.391860634,-2.726645,-2.055708,,,
0.716283125,-1.943224,-2.468331052,1.396419085,-2.803867,-2.009413,,,
0.719424718,-1.727603,-2.268828672,1.400980677,-3.028,-1.963075,,,
0.72256631,-1.568655,-2.069736742,1.40554227,-3.184017,-1.916697,,,
0.725707903,-1.395202,-1.871067813,1.410103863,-3.484015,-1.870279,,,
0.728849496,-1.10663,-1.672834393,1.414665455,-3.738328,-1.823822,,,
0.731991088,-0.992393,-1.475048945,1.419223906,-4.099225,-1.777327,,,
0.735132681,-0.864452,-1.277723884,1.423785499,-4.302676,-1.730795,,,
0.738274274,-0.924135,-1.080871581,1.428347091,-4.336682,-1.684227,,,
0.741415866,-0.648407,-0.884504358,1.432908684,-4.14876,-1.637624,,,
0.744557459,-0.472099,-0.688634487,1.437470276,-3.909647,-1.590986,,,
0.747699052,-0.160178,-0.493274191,1.442028727,-3.506526,-1.544316,,,
0.750840644,0.027668,-0.298435641,1.44659032,-3.127005,-1.497614,,,
0.753982237,0.323822,-0.104130958,1.451151912,-2.793525,-1.45088,,,
0.75712383,0.397767,0.089627793,1.455713505,-2.572993,-1.404116,,,
0.760265422,0.514915,0.2828286,1.460275097,-2.488871,-1.357324,,,
0.763407015,0.516118,0.475459506,1.464833548,-2.499963,-1.310502,,,
0.766548607,0.56286,0.667508611,1.469395141,-2.78806,-1.263654,,,
0.7696902,0.645904,0.85896407,1.473956733,-2.750242,-1.216779,,,
0.772831793,0.777054,1.049814098,1.478518326,-2.882685,-1.169879,,,
0.775973385,0.938083,1.240046971,1.483079918,-2.853069,-1.122955,,,
0.779114978,0.983636,1.429651022,1.487638369,-2.442544,-1.076007,,,
0.782256571,1.135854,1.618614647,1.492199962,-2.392624,-1.029037,,,
0.785398163,1.329316,1.806926303,1.496761554,-1.96036,-0.982045,,,
0.788539756,1.413227,1.994574512,1.501323147,-1.774412,-0.935033,,,
0.791681349,1.5435,2.181547859,1.505884739,-1.428704,-0.888002,,,
0.794822941,1.703567,2.367834993,1.51044319,-1.105528,-0.840952,,,
0.797964534,1.885905,2.553424632,1.515004783,-1.015151,-0.793884,,,
0.801106127,1.9319,2.738305558,1.519566375,-0.553187,-0.7468,,,
0.804247719,1.913675,2.922466624,1.524127968,-0.086107,-0.699701,,,
0.807389312,1.878498,3.105896749,1.52868956,0.584332,-0.652587,,,
0.810530905,1.999511,3.288584923,1.533248011,0.674996,-0.605459,,,
0.813672497,1.965133,3.470520208,1.537809604,0.594852,-0.558319,,,
0.81681409,1.94727,3.651691736,1.542371196,0.392506,-0.511167,,,
0.819955683,1.921434,3.832088712,1.546932789,0.300566,-0.464004,,,
0.823097275,1.896261,4.011700415,1.551494382,0.452987,-0.416832,,,
0.826238868,1.881798,4.190516199,1.556052832,0.254812,-0.369651,,,
0.829380461,1.898472,4.368525491,1.560614425,0.249435,-0.322463,,,
0.832522053,1.841113,4.545717798,1.565176018,0.163504,-0.275268,,,
0.835663646,1.995046,4.7220827,1.56973761,-0.091121,-0.228067,,,
0.838805239,1.90273,4.897609859,1.574299203,-0.30938,-0.180861,,,
0.841946831,1.803505,5.072289012,1.578857654,-0.556182,-0.133651,,,
0.845088424,1.806305,5.246109978,1.583419246,-0.836921,-0.086439,,,
0.848230016,1.926444,5.419062656,1.587980839,-1.064015,-0.039225,,,
0.851371609,2.146439,5.591137027,1.592542431,-1.238854,0.00799,,,
0.854513202,2.323597,5.762323154,1.597104024,-1.266862,0.055204,,,
0.857654794,2.800254,5.932611182,1.601662475,-1.18174,0.102418,,,
0.860796387,3.403928,6.101991342,1.606224067,-0.93461,0.149629,,,
0.86393798,4.206308,6.270453947,1.61078566,-0.754806,0.196838,,,
0.867079572,4.806918,6.437989398,1.615347252,-0.59555,0.244042,,,
0.870221165,5.274295,6.604588182,1.619908845,-0.592602,0.291241,,,
0.873362758,5.691453,6.770240872,1.624467296,-0.245604,0.338434,,,
0.87650435,5.996406,6.93493813,1.629028888,0.209474,0.38562,,,
0.879645943,6.135082,7.098670705,1.633590481,0.592993,0.432798,,,
0.882787536,6.317261,7.261429438,1.638152073,0.825778,0.479967,,,
0.885929128,6.526812,7.423205258,1.642713666,0.875459,0.527126,,,
0.889070721,6.347317,7.583989188,1.647272117,0.984577,0.574274,,,
0.892212314,6.309281,7.743772338,1.651833709,1.00943,0.62141,,,
0.895353906,6.287988,7.902545916,1.656395302,1.19636,0.668533,,,
0.898495499,6.530042,8.060301218,1.660956894,1.391387,0.715643,,,
0.901637092,6.778282,8.217029639,1.665518487,1.534669,0.762737,,,
0.904778684,7.051847,8.372722664,1.670076938,1.572252,0.809815,,,
0.907920277,7.240589,8.527371876,1.67463853,1.649276,0.856877,,,
0.91106187,7.355137,8.680968953,1.679200123,1.747072,0.903921,,,
0.914203462,7.382475,8.833505672,1.683761715,1.86541,0.950946,,,
0.917345055,7.433398,8.984973905,1.688323308,2.021771,0.997951,,,
0.920486648,7.71146,9.135365621,1.692881759,2.210749,1.044936,,,
0.92362824,7.892246,9.284672892,1.697443351,2.231982,1.091898,,,
0.926769833,8.191312,9.432887886,1.702004944,2.08006,1.138838,,,
0.929911425,8.494077,9.580002872,1.706566537,1.848627,1.185755,,,
0.933053018,8.58908,9.726010219,1.711128129,1.525528,1.232646,,,
0.936194611,8.697287,9.8709024,1.71568658,1.255404,1.279512,,,
0.939336203,8.863593,10.01467199,1.720248173,1.017909,1.326352,,,
0.942477796,9.175369,10.15731165,1.724809765,0.917236,1.373163,,,
0.945619389,9.711691,10.29881418,1.729371358,0.97864,1.419946,,,
0.948760981,10.257691,10.43917245,1.73393295,1.149126,1.4667,,,
0.951902574,10.897506,10.57837945,1.738491401,1.475543,1.513423,,,
0.955044167,11.473466,10.71642827,1.743052994,1.984011,1.560115,,,
0.958185759,11.791969,10.85331211,1.747614586,2.613075,1.606774,,,
0.961327352,12.047197,10.98902427,1.752176179,3.418456,1.6534,,,
0.964468945,12.326456,11.12355816,1.756737771,4.074284,1.699991,,,
0.967610537,12.48331,11.25690729,1.761296222,4.447228,1.746547,,,
0.97075213,12.624571,11.3890653,1.765857815,4.630058,1.793067,,,
0.973893723,12.74133,11.52002592,1.770419407,4.587728,1.839549,,,
0.977035315,12.642712,11.64978297,1.774981,4.373841,1.885993,,,
0.980176908,12.353067,11.77833043,1.779542592,4.016354,1.932398,,,
0.983318501,11.954456,11.90566233,1.784101043,3.540627,1.978762,,,
0.986460093,11.598787,12.03177287,1.788662636,2.983543,2.025086,,,
0.989601686,11.36671,12.15665631,1.793224228,2.454827,2.071367,,,
0.992743279,11.411908,12.28030704,1.797785821,2.004479,2.117605,,,
0.995884871,11.60938,12.40271958,1.802347413,1.724904,2.163799,,,
0.999026464,11.780499,12.52388853,1.806905864,1.669823,2.209948,,,
1.002168056,11.893558,12.64380862,1.811467457,1.78727,2.256051,,,
1.005309649,11.930087,12.76247469,1.816029049,1.977698,2.302107,,,
1.008451242,12.195272,12.87988169,1.820590642,2.206582,2.348116,,,
1.011592834,12.459553,12.9960247,1.825152234,2.401057,2.394075,,,
1.014734427,12.70885,13.11089889,1.829710685,2.413309,2.439985,,,
1.01787602,12.939244,13.22449955,1.834272278,2.319613,2.485844,,,
1.021017612,13.169624,13.33682209,1.83883387,1.940607,2.531651,,,
1.024159205,13.377885,13.44786205,1.843395463,1.519526,2.577405,,,
1.027300798,13.534597,13.55761505,1.847957055,1.151768,2.623106,,,
1.03044239,13.635492,13.66607686,1.852515506,0.821099,2.668752,,,
1.033583983,13.761943,13.77324334,1.857077099,0.467498,2.714343,,,
1.036725576,13.695598,13.87911048,1.861638691,0.138378,2.759877,,,
1.039867168,13.683023,13.98367439,1.866200284,-0.012853,2.805354,,,
1.043008761,13.768865,14.08693129,1.870761877,-0.069915,2.850772,,,
1.046150354,13.756985,14.18887751,1.875320327,0.057384,2.896131,,,
1.049291946,13.740522,14.28950952,1.87988192,0.386245,2.94143,,,
1.052433539,13.925165,14.38882388,1.884443513,0.886876,2.986667,,,
1.055575132,13.91924,14.48681728,1.889005105,1.450062,3.031843,,,
1.058716724,13.886037,14.58348655,1.893566698,1.981009,3.076955,,,
1.061858317,13.726721,14.6788286,1.898125149,2.434123,3.122004,,,
1.06499991,13.618432,14.77284048,1.902686741,2.825974,3.166987,,,
1.068141502,13.442659,14.86551935,1.907248334,3.246751,3.211904,,,
1.071283095,13.27558,14.95686251,1.911809926,3.58702,3.256755,,,
1.074424688,13.206845,15.04686736,1.916371519,3.884419,3.301538,,,
1.07756628,13.387761,15.13553141,1.92092997,4.213588,3.346252,,,
1.080707873,13.336364,15.22285232,1.925491562,4.584937,3.390897,,,
1.083849465,13.585668,15.30882784,1.930053155,4.670314,3.435471,,,
1.086991058,13.882868,15.39345586,1.934614747,4.983479,3.479973,,,
1.090132651,14.000855,15.47673438,1.93917634,4.991988,3.524403,,,
1.093274243,14.044008,15.55866153,1.943734791,4.951562,3.56876,,,
1.096415836,13.969309,15.63923554,1.948296383,4.944748,3.613043,,,
1.099557429,13.951221,15.71845478,1.952857976,4.969607,3.65725,,,
1.102699021,13.901951,15.79631774,1.957419568,5.065657,3.701381,,,
1.105840614,14.09886,15.87282302,1.961981161,5.1616,3.745436,,,
1.108982207,13.910453,15.94796934,1.966539612,5.246659,3.789412,,,
1.112123799,13.647345,16.02175556,1.971101204,5.335838,3.833309,,,
1.115265392,13.415379,16.09418063,1.975662797,5.292367,3.877127,,,
1.118406985,13.370304,16.16524365,1.980224389,5.310777,3.920864,,,
1.121548577,13.517747,16.23494382,1.984785982,5.4176,3.964519,,,
1.12469017,13.816691,16.30328047,1.989344433,5.542787,4.008092,,,
1.127831763,14.245855,16.37025305,1.993906025,5.657444,4.051582,,,
1.130973355,14.690605,16.43586114,1.998467618,5.750199,4.094987,,,
1.134114948,15.203946,16.50010442,2.00302921,5.826691,4.138307,,,
1.137256541,15.32112,16.56298271,2.007590803,5.863811,4.181541,,,
1.140398133,15.697914,16.62449594,2.012149254,5.793682,4.224688,,,
1.143539726,15.845382,16.68464415,2.016710846,5.7205,4.267747,,,
1.146681319,15.959036,16.74342754,2.021272439,5.684279,4.310717,,,
1.149822911,16.019224,16.80084639,2.025834032,5.72372,4.353598,,,
1.152964504,16.085479,16.85690111,2.030395624,5.734976,4.396388,,,
1.156106097,16.082117,16.91159225,2.034954075,5.678612,4.439086,,,
1.159247689,16.052359,16.96492046,2.039515668,5.618762,4.481692,,,
1.162389282,15.992016,17.01688651,2.04407726,5.52716,4.524205,,,
1.165530874,15.945466,17.0674913,2.048638853,5.498554,4.566624,,,
1.168672467,15.965185,17.11673585,2.053200445,5.435171,4.608947,,,
1.17181406,16.070611,17.16462129,2.057758896,5.59065,4.651175,,,
1.174955652,16.175722,17.21114887,2.062320489,5.810055,4.693306,,,
1.178097245,16.391778,17.25631998,2.066882081,6.045517,4.735339,,,
1.181238838,16.468366,17.30013611,2.071443674,6.222726,4.777274,,,
1.18438043,16.592875,17.34259886,2.076005266,6.389102,4.81911,,,
1.187522023,16.582755,17.38370998,2.080563717,6.647626,4.860845,,,
1.190663616,16.658212,17.4234713,2.08512531,6.904793,4.902479,,,
1.193805208,16.788047,17.46188481,2.089686902,7.330836,4.944011,,,
1.196946801,17.061153,17.49895258,2.094248495,7.558686,4.98544,,,
1.200088394,17.262265,17.53467683,2.098810087,7.620574,5.026765,,,
1.203229986,17.454953,17.56905988,2.103368538,7.632568,5.067986,,,
1.206371579,17.633508,17.60210415,2.107930131,7.598324,5.109101,,,
1.209513172,17.871655,17.63381223,2.112491723,7.496835,5.15011,,,
1.212654764,18.039005,17.66418677,2.117053316,7.356434,5.191012,,,
1.215796357,18.298102,17.69323057,2.121614908,9.464399,5.231806,,,
1.21893795,18.695781,17.72094654,2.126173359,9.352097,5.272491,,,
1.222079542,19.016621,17.74733769,2.130734952,9.29623,5.313066,,,
1.225221135,19.348465,17.77240718,2.135296544,9.212177,5.353531,,,
1.228362728,19.694396,17.79615824,2.139858137,9.281195,5.393884,,,
1.23150432,19.876147,17.81859426,2.144419729,9.415981,5.434125,,,
1.234645913,20.401275,17.83971872,2.14897818,9.496275,5.474253,,,
1.237787506,20.611218,17.85953521,2.153539773,9.506101,5.514267,,,
1.240929098,20.914312,17.87804745,2.158101365,9.442424,5.554167,,,
1.244070691,21.151953,17.89525926,2.162662958,9.453484,5.593951,,,
1.247212283,21.397482,17.91117457,2.16722455,9.714729,5.633618,,,
1.250353876,21.522137,17.92579746,2.171783001,7.081214,5.673168,,,
1.253495469,21.539413,17.93913206,2.176344594,6.608086,5.7126,,,
1.256637061,21.477436,17.95118267,2.180906186,6.216342,5.751914,,,
1.259778654,21.465012,17.96195367,2.185467779,5.804138,5.791107,,,
1.262920247,21.613044,17.97144955,2.190029372,5.500599,5.83018,,,
1.266061839,21.830274,17.97967492,2.194587822,5.275792,5.869132,,,
1.269203432,22.03509,17.98663451,2.199149415,5.100051,5.907962,,,
1.272345025,22.208623,17.99233314,2.203711008,4.884137,5.946668,,,
1.275486617,22.300833,17.99677575,2.2082726,4.838896,5.985251,,,
1.27862821,22.382728,17.99996738,2.212834193,4.913336,6.02371,,,
1.281769803,22.48016,18.0019132,2.217392644,5.173981,6.062043,,,
1.284911395,22.408942,18.00261845,2.221954236,5.645073,6.10025,,,
1.288052988,22.502316,18.0020885,2.226515829,8.514163,6.13833,,,
1.291194581,22.566986,18.00032885,2.231077421,8.715619,6.176282,,,
1.294336173,22.551157,17.99734505,2.235639014,8.789304,6.214106,,,
1.297477766,22.442823,17.99314281,2.240197465,8.468934,6.251801,,,
1.300619359,22.285543,17.98772791,2.244759057,8.383253,6.289365,,,
1.303760951,22.115432,17.98110625,2.24932065,8.213581,6.326799,,,
1.306902544,21.899669,17.97328382,2.253882242,8.001113,6.364101,,,
1.310044137,21.716703,17.96426674,2.258443835,7.723435,6.40127,,,
1.313185729,21.532121,17.9540612,2.263002286,7.354989,6.438306,,,
1.316327322,21.428263,17.94267351,2.267563878,6.936892,6.475209,,,
1.319468915,21.430365,17.93011008,2.272125471,6.539888,6.511976,,,
1.322610507,21.381718,17.91637743,2.276687063,6.518393,6.548608,,,
1.3257521,21.388915,17.90148215,2.281248656,6.260588,6.585104,,,
1.328893692,21.340576,17.88543096,2.285807107,6.086974,6.621463,,,
1.332035285,21.40045,17.86823066,2.290368699,5.818346,6.657684,,,
1.335176878,21.639867,17.84988817,2.294930292,5.557836,6.693767,,,
1.33831847,21.750456,17.83041048,2.299491884,5.528221,6.72971,,,
1.341460063,21.955581,17.80980469,2.304053477,5.404443,6.765513,,,
1.344601656,22.232672,17.788078,2.308611928,5.386193,6.801175,,,
1.347743248,22.484432,17.76523769,2.31317352,5.56438,6.836696,,,
1.350884841,22.549627,17.74129117,2.317735113,5.923857,6.872075,,,
1.354026434,22.626654,17.7162459,2.322296705,6.367156,6.907311,,,
1.357168026,22.777546,17.69010945,2.326858298,6.317143,6.942403,,,
1.360309619,23.001334,17.6628895,2.331416749,6.777557,6.97735,,,
1.363451212,23.172211,17.63459381,2.335978341,7.192811,7.012152,,,
1.366592804,23.257081,17.60523021,2.340539934,7.477408,7.046809,,,
1.369734397,23.185835,17.57480664,2.345101527,7.581386,7.081319,,,
1.37287599,23.030547,17.54333115,2.349663119,7.533475,7.115681,,,
1.376017582,22.719332,17.51081183,2.35422157,7.375228,7.149895,,,
1.379159175,22.483896,17.47725691,2.358783163,7.103706,7.183961,,,
1.382300768,22.152657,17.44267466,2.363344755,6.651849,7.217877,,,
1.38544236,21.736932,17.40707347,2.367906348,6.403214,7.251643,,,
1.388583953,21.11393,17.3704618,2.37246794,6.233026,7.285258,,,
1.391725546,20.667602,17.3328482,2.377026391,6.11619,7.318721,,,
1.394867138,20.39491,17.29424131,2.381587984,5.996061,7.352033,,,
1.398008731,20.214302,17.25464983,2.386149576,5.862053,7.385191,,,
1.401150324,20.242904,17.21408257,2.390711169,5.789894,7.418195,,,
1.404291916,20.325022,17.17254841,2.395272761,5.837765,7.451045,,,
1.407433509,20.418283,17.1300563,2.399831212,6.017069,7.483741,,,
1.410575101,20.417655,17.0866153,2.404392805,6.374419,7.51628,,,
1.413716694,20.335094,17.0422345,2.408954397,6.753317,7.548663,,,
1.416858287,20.302413,16.99692313,2.41351599,7.150771,7.580889,,,
1.419999879,20.203428,16.95069044,2.418077582,7.50581,7.612957,,,
1.423141472,20.153964,16.90354578,2.422636033,7.653723,7.644867,,,
1.426283065,20.093236,16.8554986,2.427197626,7.777185,7.676618,,,
1.429424657,19.878062,16.80655838,2.431759218,7.788341,7.708209,,,
1.43256625,19.536109,16.75673469,2.436320811,7.767376,7.739639,,,
1.435707843,19.068752,16.7060372,2.440882403,7.703352,7.770909,,,
1.438849435,18.610784,16.6544756,2.445440854,7.557507,7.802017,,,
1.441991028,18.30924,16.60205971,2.450002447,7.661771,7.832962,,,
1.445132621,17.96856,16.54879936,2.454564039,7.592563,7.863745,,,
1.448274213,17.831184,16.4947045,2.459125632,7.459378,7.894364,,,
1.451415806,17.723271,16.43978512,2.463687224,7.268627,7.924818,,,
1.454557399,17.55708,16.38405129,2.468245675,7.1956,7.955108,,,
1.457698991,17.303374,16.32751313,2.472807268,7.264411,7.985232,,,
1.460840584,17.22677,16.27018083,2.47736886,7.521216,8.01519,,,
1.463982177,17.306501,16.21206467,2.481930453,7.8859,8.044982,,,
1.467123769,17.561319,16.15317496,2.486492045,8.221177,8.074606,,,
1.470265362,18.018622,16.09352208,2.491050496,8.614828,8.104061,,,
1.473406955,18.619435,16.03311649,2.495612089,8.822531,8.133349,,,
1.476548547,19.221062,15.97196869,2.500173682,8.851845,8.162467,,,
1.47969014,19.623635,15.91008925,2.504735274,8.826176,8.191415,,,
1.482831732,19.88491,15.8474888,2.509296867,8.793907,8.220193,,,
1.485973325,20.043642,15.78417801,2.513855318,8.783646,8.248799,,,
1.489114918,20.014032,15.72016762,2.51841691,8.788016,8.277234,,,
1.49225651,19.986972,15.65546843,2.522978503,8.828402,8.305497,,,
1.495398103,19.844164,15.59009129,2.527540095,8.857087,8.333587,,,
1.498539696,19.571102,15.5240471,2.532101688,8.84058,8.361504,,,
1.501681288,19.085786,15.45734681,2.536660139,8.689648,8.389247,,,
1.504822881,18.646298,15.39000144,2.541221731,8.53373,8.416815,,,
1.507964474,18.451488,15.32202203,2.545783324,8.368654,8.444208,,,
1.511106066,18.101752,15.25341969,2.550344916,8.518319,8.471425,,,
1.514247659,17.831282,15.18420557,2.554906509,8.547281,8.498466,,,
1.517389252,17.563952,15.11439088,2.55946496,8.390433,8.52533,,,
1.520530844,17.305955,15.04398687,2.564026552,8.525392,8.552017,,,
1.523672437,16.93066,14.97300482,2.568588145,9.136356,8.578525,,,
1.52681403,16.516415,14.90145606,2.573149737,9.060647,8.604856,,,
1.529955622,16.240512,14.82935199,2.57771133,8.88212,8.631007,,,
1.533097215,16.101714,14.75670402,2.582269781,9.018766,8.656979,,,
1.536238808,15.913126,14.6835236,2.586831373,9.08273,8.68277,,,
1.5393804,15.752645,14.60982225,2.591392966,9.256755,8.708381,,,
1.542521993,15.673967,14.53561151,2.595954558,9.016421,8.733811,,,
1.545663586,15.649486,14.46090294,2.600516151,9.130359,8.759059,,,
1.548805178,15.567955,14.38570817,2.605074602,9.138548,8.784124,,,
1.551946771,15.591945,14.31003884,2.609636194,9.14019,8.809007,,,
1.555088364,15.6719,14.23390664,2.614197787,9.026115,8.833707,,,
1.558229956,15.872796,14.15732328,2.618759379,8.775023,8.858223,,,
1.561371549,16.086054,14.08030052,2.623320972,8.371911,8.882554,,,
1.564513141,16.179494,14.00285013,2.627879423,7.769803,8.906701,,,
1.567654734,16.090644,13.92498393,2.632441015,7.037339,8.930662,,,
1.570796327,15.981647,13.84671375,2.637002608,6.278525,8.954438,,,
1.573937919,15.761433,13.76805147,2.6415642,5.688577,8.978027,,,
1.577079512,15.559442,13.68900896,2.646125793,5.038362,9.001429,,,
1.580221105,15.419153,13.60959816,2.650684244,4.597775,9.024644,,,
1.583362697,15.374671,13.52983101,2.655245836,4.221303,9.047672,,,
1.58650429,15.423461,13.44971948,2.659807429,3.909289,9.070511,,,
1.589645883,15.452197,13.36927554,2.664369022,3.773699,9.093161,,,
1.592787475,15.588737,13.28851122,2.668930614,3.809421,9.115622,,,
1.595929068,15.855597,13.20743854,2.673489065,3.98146,9.137893,,,
1.599070661,16.162385,13.12606956,2.678050658,4.399528,9.159975,,,
1.602212253,16.327278,13.04441633,2.68261225,4.953147,9.181865,,,
1.605353846,16.594431,12.96249094,2.687173843,5.449944,9.203565,,,
1.608495439,16.813637,12.8803055,2.691735435,5.831262,9.225073,,,
1.611637031,17.154559,12.79787211,2.696293886,6.004008,9.246389,,,
1.614778624,17.237524,12.7152029,2.700855479,6.12309,9.267513,,,
1.617920217,17.238576,12.63231001,2.705417071,6.250268,9.288444,,,
1.621061809,17.19233,12.54920558,2.709978664,6.460364,9.309182,,,
1.624203402,17.076114,12.46590178,2.714540256,6.838969,9.329726,,,
1.627344995,16.902452,12.38241078,2.719098707,7.328994,9.350076,,,
1.630486587,16.720794,12.29874475,2.7236603,7.842593,9.370231,,,
1.63362818,16.558543,12.21491586,2.728221892,8.240495,9.390191,,,
1.636769773,16.455031,12.13093632,2.732783485,8.474627,9.409956,,,
1.639911365,16.441966,12.0468183,2.737345077,8.578582,9.429525,,,
1.643052958,16.451158,11.96257401,2.741903528,8.70868,9.448898,,,
1.64619455,16.507099,11.87821564,2.746465121,8.868453,9.468074,,,
1.649336143,16.413024,11.79375539,2.751026713,9.076141,9.487054,,,
1.652477736,16.137268,11.70920545,2.755588306,9.145482,9.505836,,,
1.655619328,15.928893,11.62457801,2.760149898,8.940272,9.52442,,,
1.658760921,15.679828,11.53988528,2.764708349,8.731084,9.542806,,,
1.661902514,15.42459,11.45513944,2.769269942,8.254954,9.560993,,,
1.665044106,15.177494,11.37035267,2.773831534,7.920121,9.578982,,,
1.668185699,14.909672,11.28553715,2.778393127,7.676873,9.596771,,,
1.671327292,14.547907,11.20070505,2.782954719,7.531072,9.61436,,,
1.674468884,14.172811,11.11586853,2.78751317,7.33697,9.631749,,,
1.677610477,13.836868,11.03103975,2.792074763,7.251474,9.648938,,,
1.68075207,13.629434,10.94623084,2.796636355,7.176513,9.665927,,,
1.683893662,13.586613,10.86145395,2.801197948,7.117142,9.682714,,,
1.687035255,13.645899,10.77672118,2.805759541,7.054456,9.699299,,,
1.690176848,13.774778,10.69204463,2.810317991,6.917272,9.715683,,,
1.69331844,14.041639,10.60743641,2.814879584,6.667628,9.731865,,,
1.696460033,14.183914,10.52290857,2.819441177,6.351611,9.747844,,,
1.699601626,14.192861,10.43847318,2.824002769,6.075108,9.76362,,,
1.702743218,14.380019,10.35414227,2.828564362,6.079627,9.779193,,,
1.705884811,14.608968,10.26992786,2.833122813,6.003716,9.794563,,,
1.709026404,14.852174,10.18584194,2.837684405,5.705632,9.809729,,,
1.712167996,15.079975,10.10189649,2.842245998,5.347273,9.824691,,,
1.715309589,15.276219,10.01810346,2.84680759,5.035562,9.839448,,,
1.718451182,15.409249,9.934474784,2.851369183,4.79,9.854,,,
1.721592774,15.497791,9.851022354,2.855927634,4.76922,9.868348,,,
1.724734367,15.535714,9.76775805,2.860489226,5.081639,9.88249,,,
1.727875959,15.494801,9.684693721,2.865050819,5.369292,9.896427,,,
1.731017552,15.414259,9.601841188,2.869612411,5.968974,9.910157,,,
1.734159145,15.423758,9.519212242,2.874174004,6.700693,9.923682,,,
1.737300737,15.45072,9.436818643,2.878732455,7.587606,9.937,,,
1.74044233,15.389923,9.354672119,2.883294047,8.590313,9.950111,,,
1.743583923,15.312782,9.272784367,2.88785564,9.814887,9.963015,,,
1.746725515,15.253366,9.191167047,2.892417232,11.342389,9.975712,,,
1.749867108,15.226999,9.109831788,2.896978825,12.533733,9.988201,,,
1.753008701,15.187386,9.028790179,2.901537276,13.258701,10.000483,,,
1.756150293,15.02721,8.948053775,2.906098868,13.668377,10.012556,,,
1.759291886,15.098836,8.86763409,2.910660461,13.692914,10.024421,,,
1.762433479,14.982687,8.787542601,2.915222053,13.518905,10.036078,,,
1.765575071,14.987058,8.707790745,2.919783646,13.000112,10.047525,,,
1.768716664,15.055854,8.628389914,2.924342097,12.3052,10.058764,,,
1.771858257,15.142502,8.549351461,2.928903689,11.637793,10.069793,,,
1.774999849,15.268853,8.470686695,2.933465282,10.830846,10.080613,,,
1.778141442,15.267685,8.392406879,2.938026874,9.906882,10.091223,,,
1.781283035,15.082516,8.314523232,2.942588467,9.04053,10.101623,,,
1.784424627,14.944918,8.237046925,2.947146918,8.370529,10.111813,,,
1.78756622,14.817691,8.159989081,2.95170851,7.866713,10.121792,,,
1.790707813,14.681533,8.083360777,2.956270103,7.738998,10.131561,,,
1.793849405,14.541283,8.007173037,2.960831695,7.772903,10.141119,,,
1.796990998,14.409869,7.931436835,2.965393288,7.876182,10.150466,,,
1.800132591,14.232099,7.856163096,2.969951739,8.000085,10.159601,,,
1.803274183,13.98484,7.781362687,2.974513331,8.067445,10.168526,,,
1.806415776,13.714648,7.707046426,2.979074924,8.077736,10.177239,,,
1.809557368,13.483601,7.633225074,2.983636517,8.114933,10.18574,,,
1.812698961,13.330586,7.559909336,2.988198109,8.23907,10.194029,,,
1.815840554,13.076139,7.48710986,2.99275656,8.439216,10.202106,,,
1.818982146,12.896289,7.414837238,2.997318153,8.723847,10.20997,,,
1.822123739,12.616942,7.343102001,3.001879745,9.109156,10.217623,,,
1.825265332,12.266742,7.271914621,3.006441338,9.636143,10.225062,,,
1.828406924,11.8646,7.201285509,3.01100293,10.101205,10.232289,,,
1.831548517,-1.852222,7.131225015,3.015561381,10.323038,10.239303,,,
1.83469011,-2.101965,7.061743426,3.020122974,10.500126,10.246104,,,
1.837831702,-2.230223,6.992850965,3.024684566,10.776296,10.252692,,,
1.840973295,-2.468802,6.924557791,3.029246159,10.913338,10.259066,,,
1.844114888,-2.71921,6.856873996,3.033807751,10.891777,10.265227,,,
1.84725648,-3.220145,6.789809607,3.038366202,10.649202,10.271174,,,
1.850398073,-3.291796,6.723374583,3.042927795,10.362686,10.276908,,,
1.853539666,-3.218398,6.657578815,3.047489387,9.731902,10.282428,,,
1.856681258,-3.131276,6.592432124,3.05205098,8.982673,10.287734,,,
1.859822851,-3.037919,6.527944262,3.056612572,8.236543,10.292825,,,
1.862964444,-3.011924,6.464124908,3.061171023,7.682724,10.297703,,,
1.866106036,-3.08184,6.40098367,3.065732616,7.172383,10.302366,,,
1.869247629,-3.392557,6.338530085,3.070294208,6.676865,10.306815,,,
1.872389222,-3.520871,6.276773612,3.074855801,6.321011,10.31105,,,
1.875530814,-3.633968,6.21572364,3.079417393,6.141221,10.31507,,,
1.878672407,-3.809152,6.155389478,3.083975844,6.055958,10.318875,,,
1.881814,-4.052499,6.095780362,3.088537437,6.100987,10.322465,,,
1.884955592,-4.302752,6.036905449,3.093099029,6.303929,10.325841,,,
1.888097185,-4.534744,5.978773819,3.097660622,6.573715,10.329002,,,
1.891238777,-4.804406,5.921394472,3.102222214,7.151397,10.331948,,,
1.89438037,-5.173344,5.864776327,3.106780665,7.891745,10.334679,,,
1.897521963,-5.68984,5.808928226,3.111342258,8.616046,10.337195,,,
1.900663555,-6.274704,5.753858927,3.11590385,9.410502,10.339496,,,
1.903805148,-6.898573,5.699577104,3.120465443,10.170489,10.341582,,,
1.906946741,-7.413006,5.646091352,3.125027036,10.840523,10.343453,,,
1.910088333,-7.825697,5.59341018,3.129585486,11.591477,10.345108,,,
1.913229926,-8.092305,5.54154201,3.134147079,12.174516,10.346548,,,
1.916371519,-8.396758,5.490495183,3.138708672,12.752221,10.347773,,,
1.919513111,-8.415718,5.440277951,3.143270264,13.252795,10.348782,,,
1.922654704,-8.363762,5.390898479,3.147831857,13.169212,10.349577,,,
1.925796297,-8.200481,5.342364845,3.152390308,13.108187,10.350156,,,
1.928937889,-7.925635,5.294685037,3.1569519,12.9576,10.350519,,,
1.932079482,5.791062,5.247866956,3.161513493,12.684316,10.350667,,,
1.935221075,5.987256,5.201918411,3.166075085,12.355753,10.3506,,,
1.938362667,5.867686,5.156847121,3.170636678,11.907173,10.350317,,,
1.94150426,6.020594,5.112660712,3.175195129,11.565806,10.349819,,,
1.944645853,6.161835,5.06936672,3.179756721,11.288037,10.349106,,,
1.947787445,6.297947,5.026972588,3.184318314,11.04534,10.348177,,,
1.950929038,6.17946,4.985485663,3.188879906,10.894493,10.347033,,,
1.954070631,6.294183,4.944913199,3.193441499,10.810987,10.345674,,,
1.957212223,6.553024,4.905262356,3.19799995,10.492667,10.344099,,,
1.960353816,6.670923,4.866540197,3.202561542,10.05743,10.342309,,,
1.963495408,6.994581,4.828753689,3.207123135,10.186797,10.340304,,,
1.966637001,7.097974,4.791909701,3.211684727,9.866249,10.338084,,,
1.969778594,7.250968,4.756015006,3.21624632,9.59161,10.335649,,,
1.972920186,7.2623,4.721076278,3.220804771,9.280998,10.332999,,,
1.976061779,7.022672,4.687100093,3.225366363,8.935391,10.330133,,,
1.979203372,6.945949,4.654092924,3.229927956,8.531976,10.327053,,,
1.982344964,6.616514,4.622061149,3.234489548,8.064109,10.323758,,,
1.985486557,6.241183,4.59101104,3.239051141,7.742194,10.320248,,,
1.98862815,5.80535,4.560948773,3.243609592,7.347711,10.316523,,,
1.991769742,5.345216,4.531880416,3.248171184,7.213213,10.312584,,,
1.994911335,-7.161337,4.503811941,3.252732777,7.113587,10.30843,,,
1.998052928,-7.584581,4.476749211,3.257294369,7.107292,10.304061,,,
2.00119452,-7.887849,4.450697988,3.261855962,7.077967,10.299478,,,
2.004336113,-8.074434,4.425663932,3.266414413,7.03316,10.294681,,,
2.007477706,-8.036309,4.401652594,3.270976005,6.960752,10.28967,,,
2.010619298,-8.072965,4.378669422,3.275537598,6.824931,10.284444,,,
2.013760891,-7.860757,4.356719759,3.280099191,6.824015,10.279005,,,
2.016902484,3.724854,4.33580884,3.284660783,4.725902,10.273352,,,
2.020044076,3.472629,4.315941794,3.289219234,4.914026,10.267484,,,
2.023185669,3.479604,4.297123642,3.293780827,5.316709,10.261404,,,
2.026327262,3.24555,4.279359298,3.298342419,5.734483,10.255109,,,
2.029468854,3.041944,4.262653569,3.302904012,6.106394,10.248602,,,
2.032610447,2.77336,4.24701115,3.307465604,6.458494,10.241881,,,
2.03575204,2.468385,4.232436631,3.312024055,8.216565,10.234947,,,
2.038893632,2.278879,4.218934488,3.316585648,8.432562,10.2278,,,
2.042035225,-9.265484,4.20650909,3.32114724,8.705584,10.22044,,,
2.045176817,-9.573696,4.195164695,3.325708833,9.017617,10.212868,,,
2.04831841,-9.77516,4.18490545,3.330270425,9.370136,10.205083,,,
2.051460003,-9.89846,4.175735391,3.334828876,9.664482,10.197085,,,
2.054601595,-9.92673,4.167658441,3.339390469,9.87468,10.188876,,,
2.057743188,-9.842136,4.160678412,3.343952061,9.884537,10.180454,,,
2.060884781,1.605469,4.154799005,3.348513654,9.895663,10.171821,,,
2.064026373,1.724673,4.150023806,3.353075246,9.848345,10.162976,,,
2.067167966,1.613065,4.146356289,3.357633697,9.877962,10.15392,,,
2.070309559,-9.668056,4.143799814,3.36219529,9.88277,10.144652,,,
2.073451151,-9.905044,4.142357628,3.366756882,9.824409,10.135173,,,
2.076592744,-10.278963,4.142032863,3.371318475,9.793568,10.125483,,,
2.079734337,-10.729952,4.142828537,3.375880067,9.659349,10.115583,,,
2.082875929,-11.240168,4.144747555,3.380438518,9.539252,10.105472,,,
2.086017522,-11.670494,4.147792703,3.385000111,9.483431,10.095151,,,
2.089159115,-12.00155,4.151966656,3.389561703,9.549926,10.08462,,,
2.092300707,-12.240165,4.157271971,3.394123296,9.68456,10.073879,,,
2.0954423,-12.406979,4.16371109,3.398684888,9.847067,10.062928,,,
2.098583893,-12.424302,4.171286338,3.403243339,9.958898,10.051768,,,
2.101725485,-12.28945,4.179999926,3.407804932,10.042851,10.040399,,,
2.104867078,-12.108209,4.189853946,3.412366524,10.187785,10.028821,,,
2.108008671,-11.892055,4.200850374,3.416928117,10.331003,10.017034,,,
2.111150263,-11.700016,4.21299107,3.421489709,10.487756,10.005039,,,
2.114291856,-11.572614,4.226277777,3.42604816,10.606622,9.992836,,,
2.117433449,-11.541336,4.240712118,3.430609753,10.617244,9.980424,,,
2.120575041,-11.675678,4.256295603,3.435171345,10.562275,9.967805,,,
2.123716634,-11.818907,4.27302962,3.439732938,10.458516,9.954979,,,
2.126858226,-11.854572,4.290915442,3.444294531,10.301199,9.941945,,,
2.129999819,-11.819373,4.309954223,3.448852981,10.04131,9.928705,,,
2.133141412,-11.777591,4.330146999,3.453414574,9.735799,9.915258,,,
2.136283004,-11.735143,4.351494689,3.457976167,9.34192,9.901605,,,
2.139424597,-11.894354,4.373998091,3.462537759,8.837738,9.887745,,,
2.14256619,-11.973118,4.397657888,3.467099352,8.285078,9.87368,,,
2.145707782,-12.072468,4.422474642,3.471657803,7.792321,9.85941,,,
2.148849375,-12.119891,4.448448797,3.476219395,7.409477,9.844934,,,
2.151990968,-11.983591,4.47558068,3.480780988,7.185602,9.830254,,,
2.15513256,-11.706326,4.503870497,3.48534258,7.076967,9.815369,,,
2.158274153,-11.233484,4.533318336,3.489904173,6.987237,9.800279,,,
2.161415746,0.305896,4.563924168,3.494462624,6.952955,9.784986,,,
2.164557338,0.759512,4.595687843,3.499024216,6.982318,9.769489,,,
2.167698931,1.259886,4.628609093,3.503585809,7.087674,9.753789,,,
2.170840524,1.825669,4.662687532,3.508147401,7.275569,9.737886,,,
2.173982116,2.449851,4.697922653,3.512708994,7.553087,9.721781,,,
2.177123709,3.089613,4.734313834,3.517267445,7.879435,9.705473,,,
2.180265302,3.650681,4.77186033,3.521829037,8.200529,9.688963,,,
2.183406894,4.071748,4.810561281,3.52639063,8.488286,9.672251,,,
2.186548487,4.375448,4.850415706,3.530952222,8.737356,9.655339,,,
2.18969008,4.641478,4.891422506,3.535513815,8.978573,9.638225,,,
2.192831672,4.736061,4.933580465,3.540072266,9.246019,9.620911,,,
2.195973265,4.923757,4.976888245,3.544633858,9.393556,9.603396,,,
2.199114858,5.004586,5.021344394,3.549195451,9.581844,9.585682,,,
2.20225645,4.960628,5.06694734,3.553757043,9.822177,9.567769,,,
2.205398043,4.775658,5.113695391,3.558318636,10.079305,9.549656,,,
2.208539635,4.504676,5.16158674,3.562877087,10.41159,9.531344,,,
2.211681228,3.992292,5.210619461,3.567438679,10.535148,9.512835,,,
2.214822821,3.674133,5.26079151,3.572000272,10.533609,9.494127,,,
2.217964413,3.286117,5.312100725,3.576561864,10.436578,9.475222,,,
2.221106006,2.892409,5.364544829,3.581123457,10.274983,9.456119,,,
2.224247599,2.478756,5.418121426,3.585681908,10.156099,9.43682,,,
2.227389191,-6.999964,5.472828002,3.5902435,10.023319,9.417324,,,
2.230530784,-7.265985,5.528661929,3.594805093,10.181806,9.397633,,,
2.233672377,-7.361388,5.58562046,3.599366686,10.173805,9.377746,,,
2.236813969,-7.449675,5.643700733,3.603928278,10.18815,9.357664,,,
2.239955562,-7.275264,5.70289977,3.608486729,10.284779,9.337387,,,
2.243097155,-6.947291,5.763214476,3.613048322,10.683214,9.316916,,,
2.246238747,-6.489448,5.824641641,3.617609914,10.831002,9.296251,,,
2.24938034,-5.917574,5.887177941,3.622171507,10.694365,9.275392,,,
2.252521933,3.110063,5.950819935,3.626733099,10.386322,9.254341,,,
2.255663525,3.502625,6.015564067,3.63129155,10.252325,9.233097,,,
2.258805118,3.921154,6.081406669,3.635853143,9.953147,9.211661,,,
2.261946711,3.903481,6.148343957,3.640414735,9.723208,9.190033,,,
2.265088303,4.060773,6.216372032,3.644976328,9.512659,9.168214,,,
2.268229896,4.107235,6.285486885,3.64953792,9.262466,9.146204,,,
2.271371489,3.949007,6.35568439,3.654096371,8.963414,9.124004,,,
2.274513081,3.711597,6.42696031,3.658657964,8.769975,9.101614,,,
2.277654674,3.733616,6.499310297,3.663219556,8.670002,9.079035,,,
2.280796267,3.818832,6.572729888,3.667781149,8.648082,9.056266,,,
2.283937859,3.731232,6.64721451,3.672342741,8.737784,9.03331,,,
2.287079452,3.81046,6.722759477,3.676901192,8.87999,9.010165,,,
2.290221044,3.8087,6.799359995,3.681462785,8.997643,8.986833,,,
2.293362637,3.822633,6.877011157,3.686024377,8.983146,8.963314,,,
2.29650423,3.635427,6.955707946,3.69058597,8.907841,8.939608,,,
2.299645822,3.68241,7.035445237,3.695147562,8.822343,8.915716,,,
2.302787415,3.66309,7.116217793,3.699706013,8.797359,8.891639,,,
2.305929008,3.469132,7.198020271,3.704267606,8.683158,8.867377,,,
2.3090706,3.030603,7.280847219,3.708829198,8.501642,8.842931,,,
2.312212193,2.430505,7.364693075,3.713390791,8.249068,8.8183,,,
2.315353786,1.879113,7.449552173,3.717952383,8.059617,8.793486,,,
2.318495378,1.613501,7.535418736,3.722510834,7.945661,8.768489,,,
2.321636971,1.395412,7.622286885,3.727072427,7.938348,8.743309,,,
2.324778564,1.356962,7.710150632,3.731634019,8.071176,8.717947,,,
2.327920156,1.55669,7.799003885,3.736195612,8.489176,8.692405,,,
2.331061749,1.742442,7.888840446,3.740757204,8.694727,8.666681,,,
2.334203342,2.542724,7.979654013,3.745315655,8.649905,8.640777,,,
2.337344934,3.2103,8.071438182,3.749877248,8.509329,8.614693,,,
2.340486527,4.054381,8.164186444,3.75443884,8.356435,8.58843,,,
2.34362812,4.926328,8.257892186,3.759000433,8.12055,8.561988,,,
2.346769712,5.599434,8.352548697,3.763562026,7.699842,8.535368,,,
2.349911305,5.720519,8.44814916,3.768120476,7.472574,8.50857,,,
2.353052898,6.208429,8.54468666,3.772682069,7.293572,8.481595,,,
2.35619449,6.696631,8.642154182,3.777243662,7.070003,8.454444,,,
2.359336083,7.159991,8.740544608,3.781805254,6.89201,8.427117,,,
2.362477675,7.558298,8.839850724,3.786366847,6.756122,8.399615,,,
2.365619268,7.886865,8.940065217,3.790925298,6.662011,8.371938,,,
2.368760861,8.140017,9.041180675,3.79548689,6.547533,8.344086,,,
2.371902453,8.102611,9.143189589,3.800048483,6.524246,8.316061,,,
2.375044046,8.204095,9.246084356,3.804610075,6.511126,8.287863,,,
2.378185639,8.327113,9.349857274,3.809171668,6.505572,8.259493,,,
2.381327231,8.565259,9.454500547,3.813730119,6.439652,8.23095,,,
2.384468824,8.866867,9.560006284,3.818291711,6.22697,8.202237,,,
2.387610417,9.201442,9.666366501,3.822853304,5.91206,8.173353,,,
2.390752009,9.547913,9.773573122,3.827414896,5.630943,8.144298,,,
2.393893602,9.982691,9.881617975,3.831976489,5.418875,8.115074,,,
2.397035195,10.345459,9.9904928,3.83653494,5.302868,8.085682,,,
2.400176787,10.639191,10.10018924,3.841096532,5.267803,8.056121,,,
2.40331838,10.854809,10.21069886,3.845658125,5.342574,8.026392,,,
2.406459973,11.105776,10.32201313,3.850219717,5.437895,7.996497,,,
2.409601565,11.066242,10.43412341,3.85478131,5.607797,7.966435,,,
2.412743158,11.26646,10.54702101,3.859339761,5.869128,7.936207,,,
2.415884751,11.30464,10.66069713,3.863901353,6.202515,7.905814,,,
2.419026343,11.460377,10.77514288,3.868462946,6.552427,7.875257,,,
2.422167936,10.346362,10.8903493,3.873024538,6.908404,7.844536,,,
2.425309529,9.901902,11.00630733,3.877586131,7.228558,7.813651,,,
2.428451121,9.840969,11.12300784,3.882144582,7.513074,7.782604,,,
2.431592714,9.557343,11.2404416,3.886706174,7.662446,7.751395,,,
2.434734307,9.39168,11.35859932,3.891267767,7.764017,7.720025,,,
2.437875899,9.310335,11.4774716,3.895829359,7.850383,7.688494,,,
2.441017492,9.102049,11.59704899,3.900390952,7.918917,7.656803,,,
2.444159084,9.246575,11.71732193,3.904949403,8.113577,7.624953,,,
2.447300677,11.419672,11.8382808,3.909510995,8.259607,7.592944,,,
2.45044227,11.808666,11.95991589,3.914072588,8.519337,7.560778,,,
2.453583862,12.173097,12.08221744,3.918634181,8.732789,7.528453,,,
2.456725455,12.65321,12.20517558,3.923195773,8.963429,7.495973,,,
2.459867048,13.107486,12.32878037,3.927754224,9.15017,7.463336,,,
2.46300864,13.627188,12.45302181,3.932315817,9.198027,7.430544,,,
2.466150233,14.201119,12.57788983,3.936877409,9.145866,7.397597,,,
2.469291826,13.545544,12.70337425,3.941439002,9.068419,7.364497,,,
2.472433418,14.192859,12.82946486,3.946000594,8.997442,7.331243,,,
2.475575011,14.853814,12.95615136,3.950559045,8.694485,7.297836,,,
2.478716604,15.419122,13.08342337,3.955120638,8.533998,7.264278,,,
2.481858196,15.799999,13.21127047,3.95968223,8.173241,7.230569,,,
2.484999789,16.094704,13.33968214,3.964243823,7.753248,7.196709,,,
2.488141382,16.453098,13.46864781,3.968805415,7.327683,7.162699,,,
2.491282974,16.908357,13.59815684,3.973363866,7.220804,7.128541,,,
2.494424567,17.43656,13.72819852,3.977925459,6.985244,7.094234,,,
2.49756616,17.992686,13.85876208,3.982487051,7.10201,7.059779,,,
2.500707752,18.512247,13.98983669,3.987048644,6.94156,7.025178,,,
2.503849345,18.963618,14.12141145,3.991610236,6.722811,6.99043,,,
2.506990938,19.299383,14.25347539,3.996168687,6.25373,6.955537,,,
2.51013253,19.600654,14.3860175,4.00073028,6.118144,6.920499,,,
2.513274123,19.948499,14.51902669,4.005291872,6.075596,6.885318,,,
2.516415716,20.172031,14.65249183,4.009853465,6.011953,6.849993,,,
2.519557308,20.562639,14.78640172,4.014415057,5.936788,6.814525,,,
2.522698901,20.48135,14.9207451,4.018973508,5.885762,6.778916,,,
2.525840493,20.720865,15.05551066,4.023535101,5.799888,6.743165,,,
2.528982086,20.661174,15.19068703,4.028096693,5.647159,6.707274,,,
2.532123679,20.899597,15.32626281,4.032658286,5.485557,6.671244,,,
2.535265271,20.994056,15.4622265,4.037219878,5.36518,6.635075,,,
2.538406864,21.095597,15.59856659,4.041778329,5.274732,6.598768,,,
2.541548457,21.32608,15.7352715,4.046339922,5.201606,6.562323,,,
2.544690049,21.759391,15.87232961,4.050901514,5.085192,6.525742,,,
2.547831642,22.151179,16.00972924,4.055463107,4.925943,6.489025,,,
2.550973235,22.636799,16.14745867,4.060024699,4.746254,6.452174,,,
2.554114827,22.937015,16.28550613,4.06458315,4.609786,6.415187,,,
2.55725642,23.243995,16.4238598,4.069144743,4.493221,6.378068,,,
2.560398013,23.44902,16.56250783,4.073706336,4.507016,6.340816,,,
2.563539605,23.855723,16.70143831,4.078267928,4.596845,6.303431,,,
2.566681198,24.344505,16.84063929,4.082829521,4.694766,6.265916,,,
2.569822791,24.834051,16.9800988,4.087387972,4.900738,6.22827,,,
2.572964383,25.276207,17.11980479,4.091949564,5.068037,6.190495,,,
2.576105976,25.686905,17.2597452,4.096511157,5.215464,6.152591,,,
2.579247569,26.121646,17.39990793,4.101072749,5.665678,6.114558,,,
2.582389161,26.65211,17.54028083,4.105634342,5.761319,6.076399,,,
2.585530754,27.133035,17.68085173,4.110192793,5.837888,6.038113,,,
2.588672347,27.583622,17.8216084,4.114754385,5.945071,5.999702,,,
2.591813939,27.906371,17.96253861,4.119315978,6.053583,5.961165,,,
2.594955532,28.055733,18.10363007,4.12387757,6.19842,5.922505,,,
2.598097125,28.038816,18.24487046,4.128439163,6.258467,5.883721,,,
2.601238717,27.745416,18.38624745,4.132997614,5.983353,5.844815,,,
2.60438031,27.64922,18.52774865,4.137559206,6.058625,5.805788,,,
2.607521902,27.609197,18.66936168,4.142120799,6.227087,5.766639,,,
2.610663495,27.414129,18.81107409,4.146682391,6.394095,5.727371,,,
2.613805088,27.367915,18.95287343,4.151243984,6.576893,5.687983,,,
2.61694668,27.434274,19.09474723,4.155802435,6.756099,5.648477,,,
2.620088273,27.436461,19.23668297,4.160364027,6.925075,5.608854,,,
2.623229866,27.849182,19.37866813,4.16492562,7.096334,5.569113,,,
2.626371458,28.214269,19.52069016,4.169487212,7.488115,5.529257,,,
2.629513051,28.726679,19.66273648,4.174048805,7.645586,5.489286,,,
2.632654644,29.44343,19.80479452,4.178607256,7.649644,5.449201,,,
2.635796236,29.878223,19.94685165,4.183168848,7.353931,5.409002,,,
2.638937829,30.101157,20.08889525,4.187730441,7.226259,5.368691,,,
2.642079422,30.387139,20.23091269,4.192292033,7.102707,5.328268,,,
2.645221014,30.606932,20.3728913,4.196853626,6.968331,5.287734,,,
2.648362607,30.592027,20.5148184,4.201412077,6.746222,5.24709,,,
2.6515042,30.340412,20.65668133,4.205973669,6.801186,5.206337,,,
2.654645792,29.979976,20.79846737,4.210535262,6.527603,5.165476,,,
2.657787385,29.61087,20.94016383,4.215096854,6.303801,5.124507,,,
2.660928978,29.242233,21.08175799,4.219658447,6.083445,5.083431,,,
2.66407057,28.978972,21.22323712,4.224216898,5.937137,5.04225,,,
2.667212163,28.877774,21.36458849,4.22877849,5.869433,5.000964,,,
2.670353756,28.536404,21.50579936,4.233340083,5.773355,4.959573,,,
2.673495348,28.220115,21.646857,4.237901676,5.650363,4.91808,,,
2.676636941,27.987009,21.78774865,4.242463268,5.482712,4.876484,,,
2.679778534,27.977313,21.92846156,4.247021719,5.255348,4.834787,,,
2.682920126,28.170442,22.06898299,4.251583312,5.022078,4.792989,,,
2.686061719,28.457374,22.20930018,4.256144904,4.675954,4.751091,,,
2.689203311,28.791109,22.34940038,4.260706497,4.247246,4.709095,,,
2.692344904,29.203163,22.48927085,4.265268089,3.782512,4.667001,,,
2.695486497,29.702874,22.62889884,4.26982654,3.382275,4.624809,,,
2.698628089,30.217068,22.7682716,4.274388133,2.824998,4.582521,,,
2.701769682,30.613337,22.90737641,4.278949725,2.448532,4.540138,,,
2.704911275,30.904785,23.04620053,4.283511318,1.94953,4.497661,,,
2.708052867,30.929966,23.18473124,4.28807291,1.396598,4.455089,,,
2.71119446,30.702438,23.32295583,4.292631361,0.956451,4.412425,,,
2.714336053,30.273277,23.4608616,4.297192954,0.705505,4.36967,,,
2.717477645,29.745532,23.59843585,4.301754546,0.841264,4.326823,,,
2.720619238,29.152826,23.7356659,4.306316139,0.934157,4.283887,,,
2.723760831,28.552576,23.87253909,4.310877731,1.084362,4.240861,,,
2.726902423,27.863123,24.00904277,4.315436182,1.229039,4.197747,,,
2.730044016,27.203734,24.14516429,4.319997775,1.402652,4.154545,,,
2.733185609,26.730792,24.28089104,4.324559367,1.596822,4.111258,,,
2.736327201,26.374926,24.41621041,4.32912096,1.853556,4.067884,,,
2.739468794,26.088923,24.55110983,4.333682552,2.191557,4.024426,,,
2.742610387,25.858365,24.68557673,4.338241003,2.436778,3.980884,,,
2.745751979,25.664522,24.81959857,4.342802596,2.59525,3.93726,,,
2.748893572,25.485896,24.95316282,4.347364188,2.806533,3.893553,,,
2.752035165,25.369939,25.086257,4.351925781,2.844016,3.849766,,,
2.755176757,25.387609,25.21886863,4.356487373,3.047819,3.805898,,,
2.75831835,25.609096,25.35098526,4.361045824,2.921594,3.761951,,,
2.761459943,25.978266,25.48259448,4.365607417,2.547939,3.717926,,,
2.764601535,26.419237,25.6136839,4.370169009,2.458856,3.673824,,,
2.767743128,26.875617,25.74424115,4.374730602,2.433293,3.629645,,,
2.77088472,27.358664,25.87425389,4.379292195,2.456027,3.585391,,,
2.774026313,27.855195,26.00370984,4.383850645,2.515867,3.541062,,,
2.777167906,28.366779,26.13259673,4.388412238,2.573543,3.496659,,,
2.780309498,28.904764,26.26090231,4.392973831,2.433422,3.452183,,,
2.783451091,29.401063,26.38861438,4.397535423,2.579876,3.407636,,,
2.786592684,29.693734,26.51572079,4.402097016,2.913854,3.363018,,,
2.789734276,29.722084,26.64220941,4.406655467,3.281139,3.31833,,,
2.792875869,29.454119,26.76806814,4.411217059,3.681415,3.273573,,,
2.796017462,28.925998,26.89328493,4.415778652,3.875001,3.228747,,,
2.799159054,28.27738,27.01784778,4.420340244,3.953457,3.183855,,,
2.802300647,27.710076,27.14174471,4.424901837,3.991108,3.138896,,,
2.80544224,26.162886,27.26496379,4.429460288,3.972168,3.093872,,,
2.808583832,27.00426,27.38749315,4.43402188,3.910002,3.048783,,,
2.811725425,26.927156,27.50932093,4.438583473,3.739807,3.003632,,,
2.814867018,26.987293,27.63043535,4.443145065,3.723473,2.958417,,,
2.81800861,27.138801,27.75082465,4.447706658,3.421708,2.913141,,,
2.821150203,27.324564,27.87047715,4.452265109,3.13051,2.867805,,,
2.824291796,27.563076,27.98938117,4.456826701,2.969511,2.822408,,,
2.827433388,27.828876,28.10752512,4.461388294,2.889462,2.776953,,,
2.830574981,28.075611,28.22489746,4.465949886,2.909871,2.731441,,,
2.833716574,28.293567,28.34148667,4.470511479,3.009041,2.685871,,,
2.836858166,28.571217,28.4572813,4.47506993,3.167471,2.640246,,,
2.839999759,28.668819,28.57226998,4.479631522,3.312554,2.594565,,,
2.843141351,28.649633,28.68644135,4.484193115,3.452763,2.548831,,,
2.846282944,28.43775,28.79978413,4.488754707,3.504204,2.503044,,,
2.849424537,28.146096,28.9122871,4.4933163,3.432531,2.457204,,,
2.852566129,27.92837,29.02393909,4.497874751,3.295232,2.411313,,,
2.855707722,27.898816,29.13472898,4.502436343,3.067075,2.365373,,,
2.858849315,27.928448,29.24464573,4.506997936,2.766049,2.319383,,,
2.861990907,27.892916,29.35367835,4.511559528,2.402745,2.273344,,,
2.8651325,27.746585,29.4618159,4.516121121,2.041831,2.227259,,,
2.868274093,27.38384,29.56904754,4.520679572,1.746092,2.181127,,,
2.871415685,25.657955,29.67536244,4.525241164,1.532368,2.134949,,,
2.874557278,25.503467,29.78074988,4.529802757,1.383863,2.088728,,,
2.877698871,25.348075,29.8851992,4.534364349,1.346266,2.042463,,,
2.880840463,25.291946,29.98869977,4.538925942,1.419505,1.996155,,,
2.883982056,25.283836,30.09124107,4.543484393,1.528313,1.949806,,,
2.887123649,25.224411,30.19281263,4.548045985,1.389636,1.903416,,,
2.890265241,25.100559,30.29340405,4.552607578,1.512831,1.856986,,,
2.893406834,24.982473,30.39300501,4.557169171,1.592798,1.810518,,,
2.896548427,24.836914,30.49160525,4.561730763,1.634945,1.764013,,,
2.899690019,24.840407,30.58919458,4.566289214,1.663712,1.71747,,,
2.902831612,24.875554,30.6857629,4.570850807,1.705439,1.670892,,,
2.905973205,24.991913,30.78130016,4.575412399,1.974965,1.624279,,,
2.909114797,25.138924,30.87579641,4.579973992,1.985221,1.577632,,,
2.91225639,25.304455,30.96924177,4.584535584,1.883932,1.530953,,,
2.915397983,25.491639,31.06162641,4.589094035,1.810329,1.484241,,,
2.918539575,25.719379,31.15294063,4.593655628,1.664637,1.437499,,,
2.921681168,25.986039,31.24317475,4.59821722,1.503804,1.390727,,,
2.92482276,26.272936,31.33231922,4.602778813,1.340896,1.343926,,,
2.927964353,26.615452,31.42036453,4.607340405,1.164904,1.297097,,,
2.931105946,26.97882,31.50730129,4.611898856,1.006418,1.250241,,,
2.934247538,27.32727,31.59312015,4.616460449,-1.406547,1.203358,,,
2.937389131,27.636491,31.67781188,4.621022041,-1.368107,1.156451,,,
2.940530724,27.8477,31.76136731,4.625583634,-1.264296,1.10952,,,
2.943672316,29.876232,31.84377737,4.630145226,0.863845,1.062566,,,
2.946813909,30.103399,31.92503307,4.634703677,0.730088,1.015589,,,
2.949955502,30.293143,32.00512549,4.63926527,0.949448,0.968592,,,
2.953097094,30.453308,32.08404583,4.643826862,1.23456,0.921574,,,
2.956238687,30.561647,32.16178536,4.648388455,1.566022,0.874537,,,
2.95938028,28.354013,32.23833543,4.652950047,1.836057,0.827482,,,
2.962521872,28.276932,32.31368748,4.657508498,1.903963,0.78041,,,
2.965663465,28.224502,32.38783307,4.662070091,2.102862,0.733321,,,
2.968805058,28.229945,32.46076382,4.666631683,1.985278,0.686218,,,
2.97194665,28.294021,32.53247145,4.671193276,1.898275,0.6391,,,
2.975088243,30.761769,32.60294777,4.675754868,1.64066,0.591968,,,
2.978229836,30.837491,32.67218469,4.680313319,1.258042,0.544825,,,
2.981371428,30.987441,32.74017422,4.684874912,-0.74761,0.49767,,,
2.984513021,31.217422,32.80690845,4.689436504,-1.09965,0.450504,,,
2.987654614,31.545034,32.87237958,4.693998097,-1.434043,0.40333,,,
2.990796206,31.984964,32.93657988,4.69855969,-1.682794,0.356146,,,
2.993937799,32.486141,32.99950175,4.70311814,-1.516877,0.308956,,,
2.997079392,32.982419,33.06113767,4.707679733,-1.557422,0.261759,,,
3.000220984,33.417072,33.12148022,4.712241326,0.259907,0.214556,,,
3.003362577,33.737873,33.18052208,4.716802918,0.235028,0.16735,,,
3.006504169,33.966655,33.23825603,4.721364511,0.076256,0.120139,,,
3.009645762,34.042461,33.29467494,4.725922962,-0.076696,0.072926,,,
3.012787355,33.9632,33.34977181,4.730484554,-0.175339,0.025712,,,
3.015928947,33.720447,33.40353971,4.735046147,-0.314029,-0.021503,,,
3.01907054,33.349013,33.45597183,4.739607739,-0.581552,-0.068717,,,
3.022212133,32.877833,33.50706146,4.744169332,-0.926599,-0.11593,,,
3.025353725,32.338147,33.55680199,4.748727783,-1.265422,-0.163141,,,
3.028495318,31.806747,33.60518691,4.753289375,-1.582259,-0.210348,,,
3.031636911,31.337766,33.65220982,4.757850968,-1.899881,-0.257551,,,
3.034778503,30.93859,33.69786444,4.76241256,-2.159051,-0.304749,,,
3.037920096,30.617174,33.74214456,4.766974153,-3.964997,-0.35194,,,
3.041061689,30.395439,33.78504412,4.771532604,-3.977945,-0.399124,,,
3.044203281,30.265774,33.82655713,4.776094196,-3.910931,-0.446299,,,
3.047344874,30.135554,33.86667773,4.780655789,-3.808029,-0.493465,,,
3.050486467,30.074468,33.90540016,4.785217381,-3.669096,-0.540621,,,
3.053628059,30.072936,33.94271876,4.789778974,-3.649688,-0.587766,,,
3.056769652,30.041051,33.97862801,4.794337425,-3.333674,-0.634899,,,
3.059911245,27.207562,34.01312246,4.798899017,-2.950343,-0.682018,,,
3.063052837,27.235516,34.04619679,4.80346061,-2.625119,-0.729123,,,
3.06619443,27.214321,34.0778458,4.808022202,-2.458561,-0.776213,,,
3.069336023,27.129485,34.10806439,4.812583795,-2.467831,-0.823287,,,
3.072477615,27.044214,34.13684756,4.817142246,-2.617083,-0.870343,,,
3.075619208,26.978535,34.16419045,4.821703838,-2.775175,-0.917382,,,
3.078760801,26.934501,34.19008829,4.826265431,-2.850248,-0.964401,,,
3.081902393,26.834939,34.21453643,4.830827023,-2.567441,-1.011401,,,
3.085043986,26.755586,34.23753033,4.835388616,-2.531543,-1.058379,,,
3.088185578,29.624691,34.25906557,4.839947067,-2.497966,-1.105335,,,
3.091327171,29.517768,34.27913785,4.844508659,-2.467528,-1.152269,,,
3.094468764,29.521243,34.29774297,4.849070252,-2.460396,-1.199178,,,
3.097610356,29.623046,34.31487686,4.853631844,-2.438898,-1.246062,,,
3.100751949,29.865333,34.33053554,4.858193437,-2.77639,-1.292921,,,
3.103893542,30.176626,34.34471518,4.862751888,-2.988633,-1.339752,,,
3.107035134,30.497069,34.35741205,4.867313481,-3.11603,-1.386556,,,
3.110176727,30.777702,34.36862253,4.871875073,-3.644874,-1.433331,,,
3.11331832,30.980906,34.37834312,4.876436666,-4.130643,-1.480076,,,
3.116459912,31.139673,34.38657045,4.880998258,-4.424771,-1.52679,,,
3.119601505,31.327706,34.39330125,4.885556709,-4.482201,-1.573472,,,
3.122743098,31.408232,34.39853238,4.890118302,-4.387137,-1.620122,,,
3.12588469,31.381652,34.40226083,4.894679894,-4.246447,-1.666738,,,
3.129026283,31.319124,34.40448366,4.899241487,-4.394883,-1.713319,,,
3.132167876,31.171502,34.40519812,4.903803079,-4.27968,-1.759865,,,
3.135309468,30.972772,34.40440151,4.90836153,-4.04579,-1.806374,,,
3.138451061,27.549383,34.4020913,4.912923123,-3.323149,-1.852845,,,
3.141592654,27.361474,34.39826505,4.917484715,-2.950872,-1.899278,,,
3.144734246,27.143368,34.39292046,4.922046308,-2.695922,-1.945672,,,
3.147875839,26.928189,34.38605534,4.9266079,-2.588698,-1.992025,,,
3.151017432,26.721285,34.37766761,4.931166351,-2.933501,-2.038336,,,
3.154159024,26.61517,34.36775532,4.935727944,-3.483945,-2.084605,,,
3.157300617,26.474048,34.35631666,4.940289536,-4.380865,-2.130831,,,
3.16044221,28.833138,34.34334991,4.944851129,-5.013554,-2.177012,,,
3.163583802,28.570066,34.32885349,4.949412721,-5.553062,-2.223148,,,
3.166725395,28.239229,34.31282593,4.953971172,-5.971936,-2.269238,,,
3.169866987,27.893122,34.29526589,4.958532765,-6.213704,-2.31528,,,
3.17300858,27.606738,34.27617216,4.963094357,-6.296698,-2.361275,,,
3.176150173,27.483428,34.25554362,4.96765595,-6.24698,-2.40722,,,
3.179291765,25.449931,34.2333793,4.972217542,-6.103586,-2.453115,,,
3.182433358,25.589774,34.20967834,4.976775993,-5.936853,-2.498959,,,
3.185574951,25.793973,34.18444002,4.981337586,-5.637151,-2.544751,,,
3.188716543,26.062203,34.15766372,4.985899178,-5.33064,-2.59049,,,
3.191858136,26.356747,34.12934896,4.990460771,-5.130434,-2.636176,,,
3.194999729,26.716629,34.09949535,4.995022363,-4.960329,-2.681806,,,
3.198141321,27.056337,34.06810267,4.999580814,-4.851016,-2.727381,,,
3.201282914,27.315543,34.03517078,5.004142407,-4.893158,-2.772899,,,
3.204424507,27.412187,34.0006997,5.008703999,-5.035954,-2.818359,,,
3.207566099,27.24733,33.96468953,5.013265592,-5.163661,-2.86376,,,
3.210707692,26.984177,33.92714054,5.017827185,-5.284487,-2.909102,,,
3.213849285,26.58587,33.88805307,5.022385635,-5.430273,-2.954383,,,
3.216990877,26.138646,33.84742764,5.026947228,-5.777035,-2.999603,,,
3.22013247,25.659911,33.80526484,5.031508821,-6.07326,-3.044761,,,
3.223274063,25.280087,33.76156542,5.036070413,-6.284698,-3.089855,,,
3.226415655,24.825827,33.71633023,5.040632006,-6.37024,-3.134885,,,
3.229557248,24.413413,33.66956026,5.045190457,-6.390449,-3.179849,,,
3.232698841,24.110264,33.6212566,5.049752049,-6.327895,-3.224748,,,
3.235840433,23.989577,33.57142048,5.054313642,-6.214219,-3.269579,,,
3.238982026,23.982842,33.52005326,5.058875234,-6.048133,-3.314343,,,
3.242123619,24.036838,33.46715639,5.063436827,-5.836956,-3.359037,,,
3.245265211,24.085626,33.41273147,5.067995278,-5.470767,-3.403661,,,
3.248406804,24.152315,33.35678021,5.07255687,-4.927436,-3.448215,,,
3.251548396,24.250245,33.29930446,5.077118463,-4.41317,-3.492697,,,
3.254689989,24.293564,33.24030616,5.081680055,-3.509322,-3.537106,,,
3.257831582,24.427307,33.17978739,5.086241648,-3.200221,-3.581442,,,
3.260973174,24.530525,33.11775036,5.090800099,-3.131224,-3.625703,,,
3.264114767,24.552782,33.05419739,5.095361691,-3.23122,-3.669889,,,
3.26725636,26.364053,32.98913091,5.099923284,-3.365183,-3.713998,,,
3.270397952,26.361283,32.92255349,5.104484876,-3.451219,-3.75803,,,
3.273539545,26.321645,32.85446782,5.109046469,-3.65064,-3.801984,,,
3.276681138,26.421863,32.7848767,5.11360492,-3.737507,-3.845858,,,
3.27982273,26.384815,32.71378304,5.118166512,-3.991459,-3.889653,,,
3.282964323,26.141313,32.64118991,5.122728105,-4.351699,-3.933367,,,
3.286105916,24.226192,32.56710045,5.127289697,-4.731791,-3.976999,,,
3.289247508,23.970907,32.49151795,5.13185129,-4.940139,-4.020548,,,
3.292389101,23.853756,32.41444583,5.136409741,-4.86054,-4.064013,,,
3.295530694,23.873141,32.33588759,5.140971333,-4.712375,-4.107394,,,
3.298672286,23.935317,32.25584688,5.145532926,-4.670466,-4.15069,,,
3.301813879,23.991048,32.17432745,5.150094518,-4.819471,-4.193899,,,
3.304955472,23.939543,32.09133319,5.154656111,-5.066417,-4.237021,,,
3.308097064,23.829939,32.00686809,5.159214562,-5.41882,-4.280055,,,
3.311238657,23.728406,31.92093626,5.163776154,-5.855991,-4.322999,,,
3.31438025,23.755136,31.83354193,5.168337747,-6.452022,-4.365854,,,
3.317521842,23.875196,31.74468944,5.17289934,-7.215457,-4.408618,,,
3.320663435,23.99459,31.65438326,5.177460932,-8.00519,-4.45129,,,
3.323805027,23.998371,31.56262797,5.182019383,-8.74088,-4.493869,,,
3.32694662,23.851782,31.46942825,5.186580976,-9.251921,-4.536355,,,
3.330088213,23.611226,31.37478893,5.191142568,-9.535271,-4.578747,,,
3.333229805,23.332357,31.27871492,5.195704161,-9.647759,-4.621043,,,
3.336371398,23.170403,31.18121127,5.200265753,-9.552341,-4.663243,,,
3.339512991,25.187174,31.08228312,5.204824204,-9.37423,-4.705346,,,
3.342654583,25.014368,30.98193574,5.209385797,-9.000225,-4.747352,,,
3.345796176,22.713379,30.88017452,5.213947389,-8.4077,-4.789258,,,
3.348937769,22.603752,30.77700494,5.218508982,-7.701509,-4.831065,,,
3.352079361,22.509754,30.67243261,5.223070574,-7.107799,-4.872771,,,
3.355220954,22.403293,30.56646325,5.227629025,-6.697445,-4.914376,,,
3.358362547,22.280395,30.45910269,5.232190618,-6.355859,-4.955879,,,
3.361504139,22.145082,30.35035686,5.23675221,-6.080412,-4.997278,,,
3.364645732,22.020888,30.24023181,5.241313803,-5.945183,-5.038574,,,
3.367787325,21.891213,30.12873371,5.245875395,-5.918219,-5.079764,,,
3.370928917,21.878411,30.01586882,5.250433846,-6.077949,-5.120849,,,
3.37407051,21.984421,29.90164352,5.254995439,-6.072096,-5.161828,,,
3.377212103,22.098507,29.78606429,5.259557031,-6.270599,-5.202699,,,
3.380353695,24.298347,29.66913774,5.264118624,-6.344739,-5.243461,,,
3.383495288,24.270327,29.55087056,5.268680216,-6.174224,-5.284115,,,
3.386636881,24.260098,29.43126956,5.273238667,-5.854766,-5.324659,,,
3.389778473,24.345054,29.31034165,5.27780026,-5.668919,-5.365092,,,
3.392920066,24.471281,29.18809385,5.282361852,-5.600459,-5.405413,,,
3.396061659,24.486084,29.0645333,5.286923445,-5.552564,-5.445622,,,
3.399203251,24.503025,28.93966721,5.291485037,-5.423678,-5.485717,,,
3.402344844,24.298081,28.81350291,5.296043488,-5.165557,-5.525699,,,
3.405486436,24.011925,28.68604785,5.300605081,-4.870082,-5.565565,,,
3.408628029,23.457794,28.55730957,5.305166673,-4.638107,-5.605316,,,
3.411769622,22.89028,28.4272957,5.309728266,-4.580594,-5.64495,,,
3.414911214,22.354688,28.29601398,5.314289858,-4.766605,-5.684466,,,
3.418052807,19.970489,28.16347226,5.318848309,-5.18429,-5.723864,,,
3.4211944,19.584783,28.02967848,5.323409902,-6.009133,-5.763143,,,
3.424335992,19.280696,27.89464067,5.327971494,-6.468855,-5.802303,,,
3.427477585,19.194579,27.75836699,5.332533087,-6.747371,-5.841341,,,
3.430619178,19.276041,27.62086566,5.33709468,-6.939741,-5.880258,,,
3.43376077,19.386805,27.48214502,5.34165313,-6.935405,-5.919052,,,
3.436902363,19.431069,27.3422135,5.346214723,-6.975371,-5.957724,,,
3.440043956,19.440046,27.20107963,5.350776316,-7.068076,-5.996271,,,
3.443185548,21.050964,27.05875204,5.355337908,-6.952962,-6.034694,,,
3.446327141,21.221029,26.91523943,5.359899501,-6.708021,-6.072991,,,
3.449468734,21.502598,26.77055061,5.364457952,-6.366845,-6.111162,,,
3.452610326,22.028713,26.6246945,5.369019544,-5.96019,-6.149205,,,
3.455751919,22.386598,26.47768008,5.373581137,-5.617848,-6.187121,,,
3.458893512,22.572306,26.32951644,5.378142729,-5.339121,-6.224908,,,
3.462035104,22.567682,26.18021276,5.382704322,-4.975094,-6.262565,,,
3.465176697,22.581653,26.0297783,5.387262773,-4.833003,-6.300092,,,
3.46831829,22.671992,25.87822242,5.391824365,-4.792544,-6.337488,,,
3.471459882,22.670661,25.72555456,5.396385958,-4.855762,-6.374752,,,
3.474601475,22.707295,25.57178426,5.40094755,-5.059149,-6.411884,,,
3.477743068,22.585187,25.41692112,5.405509143,-5.280882,-6.448882,,,
3.48088466,22.402382,25.26097486,5.410067594,-5.51747,-6.485746,,,
3.484026253,22.043683,25.10395526,5.414629186,-5.795167,-6.522475,,,
3.487167845,21.557817,24.94587219,5.419190779,-6.040718,-6.559068,,,
3.490309438,21.00796,24.78673561,5.423752371,-6.554103,-6.595524,,,
3.493451031,20.442956,24.62655556,5.428313964,-7.129129,-6.631844,,,
3.496592623,19.871683,24.46534215,5.432872415,-7.731552,-6.668025,,,
3.499734216,19.376064,24.3031056,5.437434007,-8.32552,-6.704068,,,
3.502875809,18.940845,24.13985616,5.4419956,-8.813856,-6.739971,,,
3.506017401,18.600271,23.97560421,5.446557192,-9.119682,-6.775734,,,
3.509158994,16.416493,23.81036019,5.451118785,-9.259977,-6.811356,,,
3.512300587,16.177429,23.6441346,5.455677236,-9.158988,-6.846837,,,
3.515442179,15.980984,23.47693803,5.460238828,-8.878979,-6.882174,,,
3.518583772,17.799461,23.30878116,5.464800421,-8.448957,-6.917369,,,
3.521725365,17.944435,23.13967472,5.469362013,-8.043222,-6.95242,,,
3.524866957,18.378077,22.96962953,5.473923606,-7.823053,-6.987326,,,
3.52800855,18.954456,22.79865647,5.478482057,-7.671769,-7.022086,,,
3.531150143,19.773332,22.62676649,5.483043649,-7.58494,-7.056701,,,
3.534291735,20.438989,22.45397064,5.487605242,-7.532203,-7.091168,,,
3.537433328,21.11167,22.28028,5.492166835,-7.410512,-7.125489,,,
3.540574921,21.738491,22.10570575,5.496728427,-7.27236,-7.15966,,,
3.543716513,22.295994,21.93025912,5.501286878,-7.24313,-7.193683,,,
3.546858106,22.792752,21.75395142,5.505848471,-7.743144,-7.227556,,,
3.549999699,23.168137,21.576794,5.510410063,-8.077854,-7.261279,,,
3.553141291,23.352504,21.39879831,5.514971656,-7.92768,-7.294851,,,
3.556282884,23.400694,21.21997583,5.519533248,-8.054425,-7.328271,,,
3.559424477,23.183429,21.04033815,5.524091699,-7.952072,-7.361538,,,
3.562566069,23.00106,20.85989686,5.528653292,-7.739569,-7.394653,,,
3.565707662,22.726567,20.67866367,5.533214884,-7.554562,-7.427613,,,
3.568849254,22.435147,20.4966503,5.537776477,-7.75296,-7.460419,,,
3.571990847,22.162974,20.31386857,5.542338069,-7.592774,-7.49307,,,
3.57513244,21.863864,20.13033034,5.54689652,-7.531318,-7.525564,,,
3.578274032,21.427019,19.94604752,5.551458113,-7.281406,-7.557902,,,
3.581415625,20.963443,19.76103209,5.556019705,-7.39372,-7.590083,,,
3.584557218,20.506133,19.57529607,5.560581298,-7.520809,-7.622106,,,
3.58769881,20.09425,19.38885155,5.56514289,-7.560135,-7.653971,,,
3.590840403,19.768063,19.20171067,5.569701341,-7.895277,-7.685676,,,
3.593981996,19.553154,19.01388561,5.574262934,-7.952918,-7.717221,,,
3.597123588,19.485133,18.82538862,5.578824526,-7.955665,-7.748605,,,
3.600265181,19.539604,18.63623197,5.583386119,-8.133118,-7.779829,,,
3.603406774,19.653054,18.44642801,5.587947711,-8.392854,-7.81089,,,
3.606548366,19.936705,18.25598912,5.592506162,-8.706875,-7.841789,,,
3.609689959,20.368045,18.06492774,5.597067755,-9.077282,-7.872525,,,
3.612831552,20.715604,17.87325634,5.601629347,-9.314234,-7.903097,,,
3.615973144,20.957902,17.68098744,5.60619094,-9.412633,-7.933504,,,
3.619114737,21.152912,17.4881336,5.610752532,-9.374627,-7.963747,,,
3.62225633,21.184295,17.29470745,5.615310983,-9.245416,-7.993824,,,
3.625397922,21.010828,17.10072161,5.619872576,-9.02601,-8.023734,,,
3.628539515,20.79775,16.90618879,5.624434168,-9.311036,-8.053477,,,
3.631681108,20.432288,16.71112171,5.628995761,-9.216377,-8.083053,,,
3.6348227,19.989538,16.51553314,5.633557353,-9.096127,-8.112461,,,
3.637964293,19.482752,16.31943588,5.638115804,-8.388805,-8.1417,,,
3.641105886,18.979804,16.12284277,5.642677397,-7.887522,-8.170769,,,
3.644247478,18.480062,15.92576669,5.647238989,-7.606213,-8.199669,,,
3.647389071,17.986719,15.72822053,5.651800582,-7.134707,-8.228398,,,
3.650530663,17.631216,15.53021724,5.656362175,-6.850838,-8.256955,,,
3.653672256,17.480081,15.3317698,5.660920626,-6.49315,-8.285341,,,
3.656813849,17.636075,15.1328912,5.665482218,-6.387987,-8.313555,,,
3.659955441,17.756794,14.93359447,5.670043811,-7.039343,-8.341595,,,
3.663097034,17.899035,14.73389268,5.674605403,-7.721342,-8.369462,,,
3.666238627,17.884729,14.53379891,5.679166996,-8.412879,-8.397155,,,
3.669380219,17.855438,14.33332626,5.683725447,-8.63534,-8.424673,,,
3.672521812,15.164591,14.13248789,5.688287039,-8.611453,-8.452015,,,
3.675663405,15.171878,13.93129694,5.692848632,-8.876535,-8.479182,,,
3.678804997,15.171004,13.72976661,5.697410224,-9.11735,-8.506173,,,
3.68194659,15.248341,13.52791008,5.701971817,-9.815065,-8.532986,,,
3.685088183,15.058522,13.3257406,5.706530268,-9.733411,-8.559622,,,
3.688229775,14.77048,13.12327139,5.71109186,-10.26304,-8.58608,,,
3.691371368,14.309577,12.92051573,5.715653453,-10.248672,-8.612359,,,
3.694512961,13.817281,12.71748689,5.720215045,-10.096563,-8.638459,,,
3.697654553,13.386088,12.51419817,5.724776638,-9.868531,-8.664379,,,
3.700796146,12.938415,12.31066286,5.729335089,-9.623805,-8.690119,,,
3.703937739,12.517541,12.1068943,5.733896681,-9.354355,-8.715678,,,
3.707079331,14.622135,11.90290582,5.738458274,-9.180199,-8.741055,,,
3.710220924,14.393076,11.69871076,5.743019866,-8.943176,-8.766251,,,
3.713362517,14.213645,11.49432248,5.747581459,-8.809865,-8.791265,,,
3.716504109,14.08363,11.28975434,5.75213991,-8.795662,-8.816095,,,
3.719645702,14.015469,11.08501971,5.756701502,-8.803823,-8.840742,,,
3.722787295,14.012505,10.88013198,5.761263095,-8.768835,-8.865205,,,
3.725928887,14.052925,10.67510452,5.765824687,-8.663361,-8.889484,,,
3.72907048,14.122622,10.46995072,5.77038628,-8.31948,-8.913578,,,
3.732212072,14.162715,10.26468397,5.774944731,-7.935575,-8.937486,,,
3.735353665,14.114852,10.05931767,5.779506323,-7.590942,-8.961208,,,
3.738495258,14.082821,9.853865201,5.784067916,-5.136421,-8.984744,,,
3.74163685,13.986529,9.64833997,5.788629508,-5.122535,-9.008093,,,
3.744778443,13.846683,9.442755361,5.793191101,-5.183623,-9.031254,,,
3.747920036,13.659502,9.237124766,5.797749552,-7.464055,-9.054227,,,
3.751061628,13.379068,9.031461568,5.802311144,-7.635543,-9.077013,,,
3.754203221,13.027751,8.825779148,5.806872737,-8.04985,-9.099609,,,
3.757344814,12.733291,8.620090881,5.81143433,-8.429157,-9.122016,,,
3.760486406,12.444869,8.414410134,5.815995922,-8.967522,-9.144233,,,
3.763627999,12.240876,8.208750265,5.820554373,-9.564248,-9.166259,,,
3.766769592,9.8114,8.003124624,5.825115966,-10.047274,-9.188095,,,
3.769911184,11.967393,7.79754655,5.829677558,-10.507092,-9.20974,,,
3.773052777,11.638796,7.592029368,5.834239151,-10.609147,-9.231194,,,
3.77619437,11.226574,7.386586394,5.838800743,-10.71557,-9.252455,,,
3.779335962,8.595477,7.181230926,5.843359194,-10.833611,-9.273523,,,
3.782477555,10.396009,6.97597625,5.847920787,-10.992442,-9.294399,,,
3.785619148,9.992842,6.770835634,5.852482379,-11.155401,-9.315081,,,
3.78876074,9.576664,6.565822329,5.857043972,-11.321549,-9.33557,,,
3.791902333,9.317603,6.360949568,5.861605564,-9.693248,-9.355864,,,
3.795043926,9.110016,6.156230562,5.866164015,-9.732454,-9.375964,,,
3.798185518,9.134478,5.951678504,5.870725608,-9.866182,-9.395868,,,
3.801327111,9.176823,5.747306563,5.8752872,-10.025673,-9.415577,,,
3.804468703,9.191596,5.543127886,5.879848793,-9.806473,-9.43509,,,
3.807610296,9.112729,5.339155596,5.884410385,-9.832345,-9.454407,,,
3.810751889,8.971772,5.13540279,5.888968836,-9.781363,-9.473527,,,
3.813893481,8.823403,4.931882537,5.893530429,-9.292434,-9.492449,,,
3.817035074,8.661775,4.728607882,5.898092021,-9.387823,-9.511175,,,
3.820176667,8.328529,4.525591839,5.902653614,-10.711661,-9.529702,,,
3.823318259,8.334544,4.322847392,5.907215206,-10.545286,-9.548031,,,
3.826459852,8.179686,4.120387495,5.911773657,-10.354462,-9.566162,,,
3.829601445,7.878654,3.918225069,5.91633525,-10.236938,-9.584093,,,
3.832743037,7.55761,3.716373004,5.920896842,-10.193302,-9.601825,,,
3.83588463,7.442566,3.514844153,5.925458435,-9.943194,-9.619358,,,
3.839026223,7.492587,3.313651336,5.930020027,-10.061093,-9.63669,,,
3.842167815,7.625008,3.112807334,5.934578478,-10.447311,-9.653821,,,
3.845309408,7.84895,2.912324894,5.939140071,-10.551361,-9.670752,,,
3.848451001,8.009491,2.712216721,5.943701663,-10.623288,-9.687481,,,
3.851592593,8.407032,2.512495483,5.948263256,-10.645373,-9.704009,,,
3.854734186,8.515492,2.313173806,5.952824849,-10.674865,-9.720335,,,
3.857875779,8.760931,2.114264274,5.957383299,-10.720722,-9.736459,,,
3.861017371,8.921535,1.915779428,5.961944892,-11.125623,-9.75238,,,
3.864158964,9.053169,1.717731766,5.966506485,-11.297882,-9.768098,,,
3.867300557,9.096376,1.520133741,5.971068077,-11.264688,-9.783613,,,
3.870442149,9.112326,1.322997758,5.97562967,-11.136443,-9.798924,,,
3.873583742,8.782494,1.126336178,5.980188121,-10.935862,-9.814032,,,
3.876725335,8.783942,0.93016131,5.984749713,-10.715486,-9.828935,,,
3.879866927,8.661194,0.734485418,5.989311306,-10.485538,-9.843634,,,
3.88300852,8.464779,0.539320711,5.993872898,-10.280896,-9.858128,,,
3.886150112,8.430486,0.344679352,5.998434491,-10.025981,-9.872417,,,
3.889291705,8.065037,0.150573447,6.002992942,-9.582039,-9.8865,,,
3.892433298,7.649719,-0.042984948,6.007554534,-9.313763,-9.900378,,,
3.89557489,7.171243,-0.235983834,6.012116127,-9.034734,-9.914049,,,
3.898716483,6.701413,-0.428411266,6.016677719,-8.80948,-9.927515,,,
3.901858076,6.247226,-0.620255356,6.021239312,-8.64435,-9.940773,,,
3.904999668,5.74096,-0.811504272,6.025797763,-8.459146,-9.953825,,,
3.908141261,5.193699,-1.002146243,6.030359355,-8.326471,-9.96667,,,
3.911282854,4.710307,-1.192169555,6.034920948,-8.144894,-9.979308,,,
3.914424446,4.380039,-1.381562556,6.03948254,-7.968188,-9.991738,,,
3.917566039,4.022647,-1.570313654,6.044044133,-7.832134,-10.00396,,,
3.920707632,3.582541,-1.758411321,6.048602584,-7.751347,-10.015973,,,
3.923849224,3.083798,-1.945844091,6.053164176,-7.713816,-10.027779,,,
3.926990817,2.667429,-2.132600564,6.057725769,-7.763753,-10.039375,,,
3.93013241,2.315562,-2.318669404,6.062287361,-7.916584,-10.050763,,,
3.933274002,2.101269,-2.50403934,6.066848954,-8.382871,-10.061942,,,
3.936415595,1.864336,-2.688699172,6.071407405,-8.427977,-10.072911,,,
3.939557188,1.657401,-2.872637764,6.075968997,-8.707455,-10.083671,,,
3.94269878,1.485194,-3.055844052,6.08053059,-8.936505,-10.094221,,,
3.945840373,1.173843,-3.238307042,6.085092182,-9.127277,-10.104561,,,
3.948981966,0.911006,-3.420015808,6.089653775,-9.274344,-10.11469,,,
3.952123558,0.828771,-3.600959499,6.094212226,-9.261613,-10.124609,,,
3.955265151,0.859434,-3.781127336,6.098773818,-9.143211,-10.134318,,,
3.958406744,0.804689,-3.960508613,6.103335411,-8.907117,-10.143815,,,
3.961548336,0.660186,-4.139092699,6.107897003,-8.792085,-10.153102,,,
3.964689929,0.461654,-4.316869038,6.112458596,-8.791511,-10.162177,,,
3.967831521,0.299909,-4.493827153,6.117017047,-8.883038,-10.171041,,,
3.970973114,0.29788,-4.66995664,6.121578639,-9.037278,-10.179693,,,
3.974114707,0.373058,-4.845247177,6.126140232,-9.19145,-10.188134,,,
3.977256299,0.639078,-5.019688519,6.130701825,-9.4275,-10.196362,,,
3.980397892,0.856503,-5.193270501,6.135263417,-9.725338,-10.204378,,,
3.983539485,0.972407,-5.365983039,6.139821868,-9.991037,-10.212182,,,
3.986681077,0.970368,-5.537816132,6.144383461,-10.227915,-10.219774,,,
3.98982267,1.030981,-5.708759858,6.148945053,-10.395813,-10.227152,,,
3.992964263,1.260821,-5.878804381,6.153506646,-10.430664,-10.234318,,,
3.996105855,1.59665,-6.04793995,6.158068238,-10.400414,-10.241271,,,
3.999247448,1.875641,-6.216156895,6.162626689,-10.272207,-10.248011,,,
4.002389041,1.935787,-6.383445636,6.167188282,-10.042244,-10.254538,,,
4.005530633,1.710281,-6.549796676,6.171749874,-9.944285,-10.260851,,,
4.008672226,-1.224303,-6.715200607,6.176311467,-9.916512,-10.266951,,,
4.011813819,-1.735467,-6.87964811,6.180873059,-9.920291,-10.272837,,,
4.014955411,-2.202871,-7.043129954,6.18543151,-10.004572,-10.27851,,,
4.018097004,-2.573862,-7.205636995,6.189993103,-10.150793,-10.283968,,,
4.021238597,-2.877822,-7.367160184,6.194554695,-10.305025,-10.289213,,,
4.024380189,-3.825261,-7.527690561,6.199116288,-10.386964,-10.294243,,,
4.027521782,-4.163906,-7.687219256,6.20367788,-10.444192,-10.299059,,,
4.030663375,-4.466291,-7.845737496,6.208236331,-10.550079,-10.303661,,,
4.033804967,-4.721667,-8.003236596,6.212797924,-10.71184,-10.308049,,,
4.03694656,-4.731762,-8.159707971,6.217359516,-10.883937,-10.312222,,,
4.040088153,-4.59326,-8.315143125,6.221921109,-10.943839,-10.316181,,,
4.043229745,-4.348478,-8.469533662,6.226482701,-11.026688,-10.319924,,,
4.046371338,-4.215607,-8.622871279,6.231041152,-11.122554,-10.323454,,,
4.04951293,-3.99942,-8.775147773,6.235602745,-11.210465,-10.326768,,,
4.052654523,-3.911883,-8.926355035,6.240164337,-11.304242,-10.329867,,,
4.055796116,-3.816109,-9.076485058,6.24472593,-11.442434,-10.332752,,,
4.058937708,-3.791138,-9.22552993,6.249287522,-11.586762,-10.335421,,,
4.062079301,-3.69279,-9.373481842,6.253845973,-11.730822,-10.337876,,,
4.065220894,-3.531554,-9.520333083,6.258407566,-11.80285,-10.340115,,,
4.068362486,-3.525931,-9.666076043,6.262969158,-11.803057,-10.342139,,,
4.071504079,-3.601288,-9.810703215,6.267530751,-11.794532,-10.343948,,,
4.074645672,-3.774077,-9.954207192,6.272092344,-11.835192,-10.345542,,,
4.077787264,-4.236561,-10.09658067,6.276650794,-11.949428,-10.346921,,,
4.080928857,-4.362287,-10.23781645,6.281212387,-12.04542,-10.348084,,,
4.08407045,-4.673428,-10.37790744,6.28577398,-12.077079,-10.349032,,,
4.087212042,-4.955808,-10.51684664,6.290335572,-12.024156,-10.349764,,,
4.090353635,-5.174711,-10.65462717,6.294897165,-11.97853,-10.350282,,,
4.093495228,-5.433166,-10.79124224,6.299455616,-12.010912,-10.350583,,,
4.09663682,-5.675683,-10.92668519,6.304017208,-11.942855,-10.35067,,,
4.099778413,-6.033193,-11.06094944,6.308578801,-11.900461,-10.350541,,,
4.102920006,-6.223868,-11.19402852,6.313140393,-11.798215,-10.350197,,,
4.106061598,-6.546085,-11.3259161,6.317701986,-11.677224,-10.349637,,,
4.109203191,-6.917952,-11.45660592,6.322260437,-11.527821,-10.348862,,,
4.112344784,-7.350217,-11.58609184,6.326822029,-11.410009,-10.347872,,,
4.115486376,-7.803726,-11.71436784,6.331383622,-11.364844,-10.346666,,,
4.118627969,-8.180489,-11.84142799,6.335945214,-11.500369,-10.345245,,,
4.121769562,-8.539607,-11.9672665,6.340506807,-11.709265,-10.343609,,,
4.124911154,-8.825712,-12.09187767,6.345065258,-11.995346,-10.341758,,,
4.128052747,-9.036693,-12.2152559,6.34962685,-12.159236,-10.339691,,,
4.131194339,-8.924249,-12.33739573,6.354188443,-12.294952,-10.337409,,,
4.134335932,-8.855596,-12.45829179,6.358750035,-12.555121,-10.334912,,,
4.137477525,-8.618238,-12.57793883,6.363311628,-12.877935,-10.3322,,,
4.140619117,-8.305856,-12.69633172,6.367870079,-13.283038,-10.329274,,,
4.14376071,-8.123046,-12.81346543,6.372431671,-13.883666,-10.326132,,,
4.146902303,-7.448749,-12.92933504,6.376993264,-14.199403,-10.322775,,,
4.150043895,-7.546629,-13.04393577,6.381554856,-14.379577,-10.319204,,,
4.153185488,-7.682253,-13.15726293,6.386116449,-14.38984,-10.315418,,,
4.156327081,-7.871006,-13.26931196,6.3906749,-14.293593,-10.311417,,,
4.159468673,-8.133041,-13.38007839,6.395236492,-14.161542,-10.307201,,,
4.162610266,-8.494764,-13.4895579,6.399798085,-14.085347,-10.302772,,,
4.165751859,-9.014386,-13.59774627,6.404359677,-13.82408,-10.298127,,,
4.168893451,-9.244721,-13.70463938,6.40892127,-13.286702,-10.293269,,,
4.172035044,-9.413245,-13.81023324,6.413479721,-12.943125,-10.288196,,,
4.175176637,-9.549664,-13.914524,6.418041313,-12.592297,-10.282909,,,
4.178318229,-9.325351,-14.01750789,6.422602906,-12.38028,-10.277409,,,
4.181459822,-9.200027,-14.11918127,6.427164498,-12.263637,-10.271694,,,
4.184601415,-9.159919,-14.21954062,6.431726091,-12.451081,-10.265766,,,
4.187743007,-9.17874,-14.31858255,6.436284542,-12.489491,-10.259624,,,
4.1908846,-9.235288,-14.41630376,6.440846134,-12.243019,-10.253269,,,
4.194026193,-9.365989,-14.51270109,6.445407727,-12.163702,-10.2467,,,
4.197167785,-10.819471,-14.60777149,6.44996932,-12.126327,-10.239918,,,
4.200309378,-10.947508,-14.70151203,6.454530912,-12.152595,-10.232923,,,
4.203450971,-10.983019,-14.7939199,6.459089363,-12.247136,-10.225715,,,
4.206592563,-10.860449,-14.88499242,6.463650956,-12.309577,-10.218294,,,
4.209734156,-10.627798,-14.974727,6.468212548,-12.336198,-10.210661,,,
4.212875748,-10.253907,-15.0631212,6.472774141,-12.333883,-10.202815,,,
4.216017341,-9.537865,-15.15017269,6.477335733,-12.272278,-10.194757,,,
4.219158934,-9.03274,-15.23587924,6.481894184,-12.305435,-10.186487,,,
4.222300526,-8.588116,-15.32023877,6.486455777,-12.34062,-10.178005,,,
4.225442119,-8.327454,-15.40324931,6.491017369,-12.546535,-10.169311,,,
4.228583712,-8.252764,-15.484909,6.495578962,-12.743617,-10.160406,,,
4.231725304,-8.492307,-15.5652161,6.500140554,-12.831396,-10.151289,,,
4.234866897,-8.760391,-15.64416901,6.504699005,-12.741135,-10.141961,,,
4.23800849,-9.086535,-15.72176624,6.509260598,-12.646779,-10.132421,,,
4.241150082,-9.894216,-15.79800641,6.51382219,-12.651849,-10.122671,,,
4.244291675,-10.559396,-15.87288828,6.518383783,-12.783308,-10.112711,,,
4.247433268,-11.30259,-15.94641071,6.522945375,-13.001178,-10.10254,,,
4.25057486,-12.03875,-16.01857269,6.527503826,-13.242594,-10.092158,,,
4.253716453,-12.708637,-16.08937334,6.532065419,-13.395848,-10.081567,,,
4.256858046,-13.259824,-16.15881189,6.536627011,-13.397739,-10.070766,,,
4.259999638,-13.656819,-16.22688769,6.541188604,-13.361955,-10.059755,,,
4.263141231,-13.817595,-16.29360021,6.545750196,-13.310786,-10.048536,,,
4.266282824,-13.858541,-16.35894906,6.550308647,-13.431864,-10.037107,,,
4.269424416,-13.89917,-16.42293394,6.55487024,-13.547066,-10.025469,,,
4.272566009,-13.766373,-16.48555469,6.559431832,-13.298381,-10.013622,,,
4.275707602,-13.361778,-16.54681127,6.563993425,-13.378338,-10.001568,,,
4.278849194,-13.010589,-16.60670376,6.568555017,-13.312637,-9.989305,,,
4.281990787,-12.768997,-16.66523236,6.573113468,-13.239261,-9.976834,,,
4.285132379,-12.640789,-16.72239738,6.577675061,-13.321312,-9.964155,,,
4.288273972,-12.637833,-16.77819926,6.582236653,-13.585506,-9.95127,,,
4.291415565,-12.656534,-16.83263857,6.586798246,-13.875451,-9.938177,,,
4.294557157,-12.679518,-16.88571597,6.591359839,-14.08941,-9.924878,,,
4.29769875,-11.637299,-16.93743229,6.595918289,-14.216267,-9.911371,,,
4.300840343,-11.623528,-16.98778842,6.600479882,-14.284065,-9.897659,,,
4.303981935,-11.588449,-17.03678542,6.605041475,-14.303611,-9.883741,,,
4.307123528,-11.535031,-17.08442444,6.609603067,-14.401488,-9.869617,,,
4.310265121,-11.484779,-17.13070676,6.61416466,-14.536128,-9.855288,,,
4.313406713,-12.485663,-17.17563378,6.618723111,-14.747521,-9.840754,,,
4.316548306,-12.372795,-17.21920701,6.623284703,-15.095847,-9.826014,,,
4.319689899,-12.314924,-17.2614281,6.627846296,-15.304341,-9.811071,,,
4.322831491,-12.412906,-17.3022988,6.632407888,-15.451685,-9.795923,,,
4.325973084,-12.531388,-17.34182099,6.636969481,-15.606187,-9.780572,,,
4.329114677,-12.729967,-17.37999665,6.641527932,-15.776849,-9.765017,,,
4.332256269,-13.06081,-17.41682789,6.646089524,-15.914269,-9.749259,,,
4.335397862,-13.49189,-17.45231696,6.650651117,-15.947436,-9.733297,,,
4.338539455,-14.157483,-17.48646618,6.655212709,-15.82785,-9.717134,,,
4.341681047,-14.871292,-17.51927803,6.659774302,-15.52027,-9.700768,,,
4.34482264,-15.554645,-17.55075508,6.664332753,-14.954746,-9.6842,,,
4.347964233,-15.963087,-17.58090004,6.668894345,-14.37817,-9.667431,,,
4.351105825,-16.281233,-17.60971571,6.673455938,-13.882877,-9.650461,,,
4.354247418,-16.571409,-17.63720503,6.67801753,-13.227768,-9.63329,,,
4.357389011,-16.809004,-17.66337105,6.682579123,-12.845169,-9.615918,,,
4.360530603,-17.00141,-17.68821692,6.687137574,-12.394264,-9.598347,,,
4.363672196,-17.34976,-17.71174592,6.691699166,-12.036679,-9.580575,,,
4.366813788,-17.60818,-17.73396145,6.696260759,-11.893944,-9.562605,,,
4.369955381,-17.863997,-17.75486701,6.700822351,-12.155993,-9.544435,,,
4.373096974,-18.17423,-17.77446622,6.705383944,-12.240622,-9.526067,,,
4.376238566,-18.370631,-17.79276282,6.709942395,-12.292709,-9.5075,,,
4.379380159,-18.452498,-17.80976065,6.714503987,-12.309153,-9.488736,,,
4.382521752,-18.609772,-17.82546368,6.71906558,-12.234451,-9.469774,,,
4.385663344,-18.769467,-17.83987597,6.723627172,-12.133415,-9.450616,,,
4.388804937,-18.698744,-17.85300172,6.728188765,-12.150882,-9.43126,,,
4.39194653,-18.89323,-17.86484522,6.732747216,-11.972622,-9.411709,,,
4.395088122,-19.057827,-17.87541088,6.737308808,-11.852591,-9.391961,,,
4.398229715,-19.152774,-17.88470323,6.741870401,-11.673781,-9.372018,,,
4.401371308,-19.12144,-17.89272688,6.746431994,-11.520161,-9.35188,,,
4.4045129,-19.039638,-17.89948658,6.750993586,-11.287897,-9.331548,,,
4.407654493,-19.080038,-17.90498719,6.755552037,-11.265448,-9.311021,,,
4.410796086,-18.989464,-17.90923365,6.76011363,-11.499708,-9.290301,,,
4.413937678,-18.881678,-17.91223104,6.764675222,-11.89093,-9.269387,,,
4.417079271,-18.760368,-17.91398453,6.769236815,-12.389565,-9.24828,,,
4.420220864,-18.533849,-17.9144994,6.773798407,-12.913208,-9.226981,,,
4.423362456,-18.500928,-17.91378105,6.778356858,-13.391557,-9.20549,,,
4.426504049,-18.425882,-17.91183496,6.782918451,-13.819464,-9.183808,,,
4.429645642,-18.367517,-17.90866674,6.787480043,-14.148171,-9.161934,,,
4.432787234,-18.44407,-17.90428211,6.792041636,-14.319726,-9.13987,,,
4.435928827,-18.53239,-17.89868686,6.796603228,-14.428074,-9.117615,,,
4.43907042,-18.720248,-17.89188692,6.801161679,-14.356468,-9.095171,,,
4.442212012,-18.745188,-17.8838883,6.805723272,-14.025658,-9.072537,,,
4.445353605,-18.71633,-17.87469713,6.810284864,-13.677458,-9.049715,,,
4.448495197,-18.75442,-17.86431963,6.814846457,-13.498775,-9.026705,,,
4.45163679,-18.753223,-17.85276214,6.819408049,-13.364348,-9.003506,,,
4.454778383,-18.771009,-17.84003107,6.8239665,-13.207499,-8.980121,,,
4.457919975,-18.759141,-17.82613295,6.828528093,-12.962065,-8.956548,,,
4.461061568,-18.886867,-17.81107443,6.833089685,-12.776305,-8.932789,,,
4.464203161,-19.272726,-17.79486221,6.837651278,-12.654378,-8.908844,,,
4.467344753,-19.531335,-17.77750314,6.84221287,-12.61663,-8.884714,,,
4.470486346,-19.854867,-17.75900412,6.846771321,-12.652518,-8.860399,,,
4.473627939,-20.275081,-17.7393722,6.851332914,-12.533225,-8.8359,,,
4.476769531,-20.662031,-17.71861447,6.855894506,-12.445965,-8.811217,,,
4.479911124,-20.997649,-17.69673817,6.860456099,-12.233034,-8.78635,,,
4.483052717,-21.231899,-17.67375059,6.865017691,-11.982349,-8.761301,,,
4.486194309,-21.508217,-17.64965914,6.869576142,-11.811896,-8.736069,,,
4.489335902,-21.892539,-17.62447132,6.874137735,-11.677589,-8.710655,,,
4.492477495,-22.034723,-17.59819472,6.878699327,-11.658803,-8.685061,,,
4.495619087,-22.116294,-17.57083703,6.88326092,-11.543451,-8.659285,,,
4.49876068,-22.193661,-17.54240601,6.887822512,-11.439411,-8.63333,,,
4.501902273,-22.125663,-17.51290954,6.892380963,-11.378921,-8.607194,,,
4.505043865,-22.056915,-17.48235556,6.896942556,-11.373037,-8.58088,,,
4.508185458,-22.083192,-17.45075213,6.901504148,-11.395658,-8.554387,,,
4.511327051,-21.94261,-17.41810738,6.906065741,-11.630705,-8.527716,,,
4.514468643,-21.841868,-17.38442953,6.910627334,-11.822343,-8.500868,,,
4.517610236,-21.648985,-17.34972688,6.915185784,-11.860537,-8.473843,,,
4.520751829,-21.42752,-17.31400784,6.919747377,-12.029642,-8.446641,,,
4.523893421,-21.259823,-17.27728089,6.92430897,-12.08654,-8.419264,,,
4.527035014,-21.125138,-17.23955458,6.928870562,-12.068163,-8.391711,,,
4.530176606,-21.207777,-17.20083757,6.933432155,-11.989256,-8.363984,,,
4.533318199,-21.241706,-17.16113859,6.937990606,-11.934847,-8.336083,,,
4.536459792,-21.291027,-17.12046645,6.942552198,-11.846406,-8.308008,,,
4.539601384,-21.335897,-17.07883005,6.947113791,-11.789875,-8.279761,,,
4.542742977,-21.417986,-17.03623836,6.951675383,-11.742366,-8.251341,,,
4.54588457,-21.610452,-16.99270044,6.956236976,-11.695556,-8.22275,,,
4.549026162,-21.897941,-16.94822542,6.960795427,-11.401412,-8.193987,,,
4.552167755,-22.211737,-16.90282252,6.965357019,-11.324213,-8.165054,,,
4.555309348,-22.501979,-16.85650102,6.969918612,-11.196946,-8.135951,,,
4.55845094,-22.680884,-16.80927029,6.974480204,-11.127285,-8.106679,,,
4.561592533,-22.720873,-16.76113976,6.979041797,-11.086331,-8.077238,,,
4.564734126,-22.623098,-16.71211896,6.983600248,-11.037577,-8.047629,,,
4.567875718,-22.484609,-16.66221747,6.98816184,-11.028776,-8.017853,,,
4.571017311,-22.477258,-16.61144495,6.992723433,-11.019176,-7.98791,,,
4.574158904,-22.172459,-16.55981114,6.997285025,-10.945888,-7.9578,,,
4.577300496,-22.165234,-16.50732583,7.001846618,-11.014097,-7.927525,,,
4.580442089,-22.127606,-16.45399889,7.006405069,-10.861309,-7.897085,,,
4.583583682,-22.073483,-16.39984028,7.010966661,-10.742566,-7.866481,,,
4.586725274,-22.329361,-16.34486,7.015528254,-10.731503,-7.835713,,,
4.589866867,-22.319574,-16.28906812,7.020089846,-10.832191,-7.804782,,,
4.59300846,-22.332392,-16.2324748,7.024651439,-11.014145,-7.773689,,,
4.596150052,-22.361781,-16.17509022,7.02920989,-11.2274,-7.742433,,,
4.599291645,-22.393696,-16.11692468,7.033771482,-11.430062,-7.711017,,,
4.602433238,-22.465592,-16.05798849,7.038333075,-11.309084,-7.67944,,,
4.60557483,-22.25384,-15.99829207,7.042894667,-11.346576,-7.647704,,,
4.608716423,-22.032864,-15.93784586,7.04745626,-11.483582,-7.615808,,,
4.611858015,-21.852308,-15.87666039,7.052014711,-11.71332,-7.583754,,,
4.614999608,-21.678459,-15.81474622,7.056576303,-11.84167,-7.551542,,,
4.618141201,-21.4729,-15.75211401,7.061137896,-11.838319,-7.519173,,,
4.621282793,-21.391081,-15.68877444,7.065699489,-11.786536,-7.486648,,,
4.624424386,-21.172701,-15.62473825,7.070261081,-11.606002,-7.453966,,,
4.627565979,-21.002782,-15.56001626,,,,,,
4.630707571,-21.046836,-15.49461932,,,,,,
4.633849164,-21.221783,-15.42855835,,,,,,
4.636990757,-21.541396,-15.3618443,,,,,,
4.640132349,-21.829605,-15.29448819,,,,,,
4.643273942,-21.983139,-15.22650109,,,,,,
4.646415535,-22.026451,-15.15789411,,,,,,
4.649557127,-22.097842,-15.08867842,,,,,,
4.65269872,-22.289547,-15.01886521,,,,,,
4.655840313,-22.455105,-14.94846576,,,,,,
4.658981905,-22.665207,-14.87749135,,,,,,
4.662123498,-22.77583,-14.80595332,,,,,,
4.665265091,-22.732683,-14.73386308,,,,,,
4.668406683,-22.638896,-14.66123204,,,,,,
4.671548276,-22.535307,-14.58807167,,,,,,
4.674689869,-22.531033,-14.51439347,,,,,,
4.677831461,-22.669874,-14.44020901,,,,,,
4.680973054,-22.888364,-14.36552986,,,,,,
4.684114647,-23.254532,-14.29036763,,,,,,
4.687256239,-23.420541,-14.21473399,,,,,,
4.690397832,-23.564144,-14.13864063,,,,,,
4.693539424,-23.742243,-14.06209927,,,,,,
4.696681017,-23.781271,-13.98512165,,,,,,
4.69982261,-23.800237,-13.90771957,,,,,,
4.702964202,-23.730217,-13.82990485,,,,,,
4.706105795,-23.51752,-13.75168932,,,,,,
4.709247388,-23.170309,-13.67308485,,,,,,
4.71238898,-22.913579,-13.59410335,,,,,,
4.715530573,-22.750544,-13.51475674,,,,,,
4.718672166,-22.679262,-13.43505696,,,,,,
4.721813758,-22.701678,-13.35501598,,,,,,
4.724955351,-22.970859,-13.2746458,,,,,,
4.728096944,-23.178423,-13.19395842,,,,,,
4.731238536,-23.445833,-13.11296589,,,,,,
4.734380129,-23.773446,-13.03168025,,,,,,
4.737521722,-24.0812,-12.95011357,,,,,,
4.740663314,-24.383605,-12.86827793,,,,,,
4.743804907,-24.648308,-12.78618544,,,,,,
4.7469465,-24.860442,-12.70384822,,,,,,
4.750088092,-25.082391,-12.62127838,,,,,,
4.753229685,-25.104377,-12.53848806,,,,,,
4.756371278,-25.178949,-12.45548942,,,,,,
4.75951287,-25.356499,-12.37229462,,,,,,
4.762654463,-25.562438,-12.28891583,,,,,,
4.765796055,-25.577657,-12.20536521,,,,,,
4.768937648,-25.565743,-12.12165495,,,,,,
4.772079241,-25.491159,-12.03779724,,,,,,
4.775220833,-24.974392,-11.95380427,,,,,,
4.778362426,-24.621012,-11.86968823,,,,,,
4.781504019,-24.185643,-11.78546131,,,,,,
4.784645611,-23.683612,-11.70113572,,,,,,
4.787787204,-23.248976,-11.61672364,,,,,,
4.790928797,-23.149465,-11.53223727,,,,,,
4.794070389,-22.703268,-11.44768879,,,,,,
4.797211982,-22.460511,-11.36309041,,,,,,
4.800353575,-22.344359,-11.27845429,,,,,,
4.803495167,-22.372633,-11.19379261,,,,,,
4.80663676,-22.55041,-11.10911753,,,,,,
4.809778353,-22.921191,-11.02444123,,,,,,
4.812919945,-23.496294,-10.93977583,,,,,,
4.816061538,-23.755549,-10.8551335,,,,,,
4.819203131,-23.888428,-10.77052634,,,,,,
4.822344723,-23.685012,-10.68596647,,,,,,
4.825486316,-23.665811,-10.601466,,,,,,
4.828627909,-23.66506,-10.51703701,,,,,,
4.831769501,-23.674403,-10.43269155,,,,,,
4.834911094,-23.784032,-10.34844169,,,,,,
4.838052687,-23.792878,-10.26429945,,,,,,
4.841194279,-23.828086,-10.18027685,,,,,,
4.844335872,-23.861508,-10.09638587,,,,,,
4.847477464,-23.966672,-10.01263849,,,,,,
4.850619057,-24.125818,-9.929046646,,,,,,
4.85376065,-24.247391,-9.845622261,,,,,,
4.856902242,-24.314954,-9.762377232,,,,,,
4.860043835,-24.380501,-9.679323427,,,,,,
4.863185428,-24.237459,-9.596472688,,,,,,
4.86632702,-24.011962,-9.513836827,,,,,,
4.869468613,-23.842289,-9.431427629,,,,,,
4.872610206,-23.519464,-9.349256845,,,,,,
4.875751798,-23.116113,-9.267336195,,,,,,
4.878893391,-22.588523,-9.185677367,,,,,,
4.882034984,-22.014577,-9.104292014,,,,,,
4.885176576,-21.578841,-9.023191753,,,,,,
4.888318169,-21.217929,-8.942388167,,,,,,
4.891459762,-21.09203,-8.8618928,,,,,,
4.894601354,-20.459319,-8.781717157,,,,,,
4.897742947,-5.893721,-8.701872706,,,,,,
4.90088454,-5.074873,-8.622370871,,,,,,
4.904026132,-4.189167,-8.543223037,,,,,,
4.907167725,-4.187494,-8.464440545,,,,,,
4.910309318,-17.952195,-8.386034694,,,,,,
4.91345091,-3.318499,-8.308016735,,,,,,
4.916592503,-2.731217,-8.230397877,,,,,,
4.919734096,-1.82509,-8.153189278,,,,,,
4.922875688,-1.767692,-8.076402053,,,,,,
4.926017281,-1.778731,-8.000047263,,,,,,
4.929158873,-1.805879,-7.924135922,,,,,,
4.932300466,-1.779974,-7.848678993,,,,,,
4.935442059,-1.757996,-7.773687386,,,,,,
4.938583651,-15.154687,-7.699171958,,,,,,
4.941725244,-14.801587,-7.625143513,,,,,,
4.944866837,-14.540906,-7.551612798,,,,,,
4.948008429,-14.274385,-7.478590506,,,,,,
4.951150022,-11.044762,-7.406087271,,,,,,
4.954291615,-13.557599,-7.334113671,,,,,,
4.957433207,-12.978119,-7.262680224,,,,,,
4.9605748,-12.604504,-7.191797388,,,,,,
4.963716393,-9.251922,-7.121475559,,,,,,
4.966857985,-8.944389,-7.051725074,,,,,,
4.969999578,-8.74216,-6.982556203,,,,,,
4.973141171,-8.644887,-6.913979156,,,,,,
4.976282763,-8.554925,-6.846004076,,,,,,
4.979424356,-8.48099,-6.77864104,,,,,,
4.982565949,-8.246964,-6.71190006,,,,,,
4.985707541,-8.052173,-6.645791079,,,,,,
4.988849134,-7.794597,-6.580323972,,,,,,
4.991990727,-7.73802,-6.515508545,,,,,,
4.995132319,-7.613971,-6.451354532,,,,,,
4.998273912,-10.036579,-6.387871596,,,,,,
5.001415505,-9.93944,-6.325069331,,,,,,
5.004557097,-9.819627,-6.262957253,,,,,,
5.00769869,-9.651242,-6.201544808,,,,,,
5.010840282,-9.720142,-6.140841364,,,,,,
5.013981875,-9.61632,-6.080856217,,,,,,
5.017123468,-9.539356,-6.021598582,,,,,,
5.02026506,-9.321192,-5.9630776,,,,,,
5.023406653,-9.007987,-5.905302332,,,,,,
5.026548246,-8.621427,-5.848281761,,,,,,
5.029689838,-8.351851,-5.792024788,,,,,,
5.032831431,-7.960483,-5.736540236,,,,,,
5.035973024,-7.738347,-5.681836844,,,,,,
5.039114616,-7.490913,-5.627923268,,,,,,
5.042256209,-7.458048,-5.574808084,,,,,,
5.045397802,-7.352376,-5.522499782,,,,,,
5.048539394,-7.241757,-5.471006765,,,,,,
5.051680987,-7.283036,-5.420337354,,,,,,
5.05482258,-7.396018,-5.370499781,,,,,,
5.057964172,-7.440617,-5.321502193,,,,,,
5.061105765,-7.473129,-5.273352646,,,,,,
5.064247358,-7.562099,-5.22605911,,,,,,
5.06738895,-7.425267,-5.179629464,,,,,,
5.070530543,-7.287221,-5.134071498,,,,,,
5.073672136,-7.012065,-5.08939291,,,,,,
5.076813728,-6.62912,-5.045601306,,,,,,
5.079955321,-6.30059,-5.002704201,,,,,,
5.083096914,-5.883617,-4.960709016,,,,,,
5.086238506,-5.580261,-4.919623077,,,,,,
5.089380099,-5.150087,-4.879453619,,,,,,
5.092521691,-4.692598,-4.840207778,,,,,,
5.095663284,7.091277,-4.801892597,,,,,,
5.098804877,7.311354,-4.76451502,,,,,,
5.101946469,6.96898,-4.728081896,,,,,,
5.105088062,7.055206,-4.692599975,,,,,,
5.108229655,-4.577903,-4.65807591,,,,,,
5.111371247,-4.870496,-4.624516252,,,,,,
5.11451284,-4.717591,-4.591927456,,,,,,
5.117654433,-4.850329,-4.560315873,,,,,,
5.120796025,-4.971064,-4.529687757,,,,,,
5.123937618,-4.956433,-4.500049257,,,,,,
5.127079211,-5.115068,-4.471406422,,,,,,
5.130220803,-5.218847,-4.443765197,,,,,,
5.133362396,-5.258563,-4.417131426,,,,,,
5.136503989,-5.347798,-4.391510846,,,,,,
5.139645581,-5.32116,-4.366909093,,,,,,
5.142787174,-5.352973,-4.343331696,,,,,,
5.145928767,-5.154763,-4.320784079,,,,,,
5.149070359,-4.877217,-4.29927156,,,,,,
5.152211952,-4.49758,-4.278799352,,,,,,
5.155353545,-4.040653,-4.25937256,,,,,,
5.158495137,-3.417033,-4.240996181,,,,,,
5.16163673,-2.821554,-4.223675106,,,,,,
5.164778323,8.693256,-4.207414115,,,,,,
5.167919915,9.263064,-4.192217881,,,,,,
5.171061508,9.800052,-4.178090968,,,,,,
5.1742031,10.064244,-4.16503783,,,,,,
5.177344693,9.894256,-4.153062811,,,,,,
5.180486286,9.422294,-4.142170142,,,,,,
5.183627878,8.790004,-4.132363948,,,,,,
5.186769471,8.061085,-4.123648239,,,,,,
5.189911064,-3.183597,-4.116026913,,,,,,
5.193052656,-3.153952,-4.109503758,,,,,,
5.196194249,-3.423774,-4.10408245,,,,,,
5.199335842,-3.646527,-4.099766548,,,,,,
5.202477434,-3.782676,-4.096559503,,,,,,
5.205619027,-3.940585,-4.094464649,,,,,,
5.20876062,-3.97934,-4.093485208,,,,,,
5.211902212,-3.973414,-4.093624286,,,,,,
5.215043805,-3.869975,-4.094884877,,,,,,
5.218185398,-3.739938,-4.097269858,,,,,,
5.22132699,-3.624175,-4.100781992,,,,,,
5.224468583,-3.602745,-4.105423927,,,,,,
5.227610176,-3.626939,-4.111198195,,,,,,
5.230751768,-3.448371,-4.118107211,,,,,,
5.233893361,-3.323573,-4.126153276,,,,,,
5.237034954,-3.139892,-4.135338574,,,,,,
5.240176546,-2.948276,-4.145665171,,,,,,
5.243318139,-2.889113,-4.157135019,,,,,,
5.246459731,-3.009282,-4.16974995,,,,,,
5.249601324,-3.20885,-4.183511681,,,,,,
5.252742917,-3.377473,-4.198421811,,,,,,
5.255884509,-3.375733,-4.214481821,,,,,,
5.259026102,-3.273082,-4.231693075,,,,,,
5.262167695,-3.138771,-4.250056819,,,,,,
5.265309287,-3.049114,-4.269574182,,,,,,
5.26845088,6.88947,-4.290246172,,,,,,
5.271592473,-2.898857,-4.312073682,,,,,,
5.274734065,-2.753739,-4.335057486,,,,,,
5.277875658,-2.361494,-4.359198237,,,,,,
5.281017251,-2.191452,-4.384496474,,,,,,
5.284158843,-2.166208,-4.410952613,,,,,,
5.287300436,-2.341234,-4.438566955,,,,,,
5.290442029,-2.653966,-4.46733968,,,,,,
5.293583621,-3.18973,-4.497270849,,,,,,
5.296725214,5.484294,-4.528360407,,,,,,
5.299866807,5.09296,-4.560608178,,,,,,
5.303008399,4.724629,-4.594013866,,,,,,
5.306149992,3.891422,-4.628577061,,,,,,
5.309291585,3.725508,-4.664297228,,,,,,
5.312433177,-4.695405,-4.701173719,,,,,,
5.31557477,3.819189,-4.739205763,,,,,,
5.318716363,-4.453191,-4.778392472,,,,,,
5.321857955,-4.274359,-4.818732841,,,,,,
5.324999548,-4.164246,-4.860225743,,,,,,
5.32814114,-4.179423,-4.902869936,,,,,,
5.331282733,-3.964972,-4.946664056,,,,,,
5.334424326,-4.095795,-4.991606625,,,,,,
5.337565918,-4.240945,-5.037696042,,,,,,
5.340707511,-4.447259,-5.084930593,,,,,,
5.343849104,-4.722068,-5.133308442,,,,,,
5.346990696,-5.070529,-5.182827637,,,,,,
5.350132289,-5.43266,-5.233486109,,,,,,
5.353273882,-5.921506,-5.285281669,,,,,,
5.356415474,-6.446557,-5.338212013,,,,,,
5.359557067,-6.943919,-5.39227472,,,,,,
5.36269866,-7.188368,-5.44746725,,,,,,
5.365840252,-7.413928,-5.503786948,,,,,,
5.368981845,-7.682343,-5.561231042,,,,,,
5.372123438,-7.724658,-5.619796644,,,,,,
5.37526503,-7.567796,-5.679480749,,,,,,
5.378406623,-7.416419,-5.740280237,,,,,,
5.381548216,-6.875766,-5.802191873,,,,,,
5.384689808,-6.260961,-5.865212306,,,,,,
5.387831401,-5.663562,-5.929338069,,,,,,
5.390972994,-5.115805,-5.994565581,,,,,,
5.394114586,-4.613271,-6.060891149,,,,,,
5.397256179,-4.152594,-6.128310962,,,,,,
5.400397772,-3.949128,-6.196821097,,,,,,
5.403539364,-3.87791,-6.266417518,,,,,,
5.406680957,-3.957085,-6.337096076,,,,,,
5.409822549,-4.179188,-6.408852507,,,,,,
5.412964142,-4.38103,-6.481682437,,,,,,
5.416105735,-4.561689,-6.55558138,,,,,,
5.419247327,-4.687972,-6.630544736,,,,,,
5.42238892,-4.872821,-6.706567796,,,,,,
5.425530513,-5.038153,-6.78364574,,,,,,
5.428672105,-5.42687,-6.861773635,,,,,,
5.431813698,-5.873287,-6.940946441,,,,,,
5.434955291,-6.364151,-7.021159008,,,,,,
5.438096883,-6.911258,-7.102406074,,,,,,
5.441238476,-7.384037,-7.184682272,,,,,,
5.444380069,-7.94249,-7.267982125,,,,,,
5.447521661,-8.566075,-7.352300048,,,,,,
5.450663254,-9.027431,-7.437630348,,,,,,
5.453804847,-9.467667,-7.523967228,,,,,,
5.456946439,-9.831252,-7.611304781,,,,,,
5.460088032,-10.032282,-7.699636997,,,,,,
5.463229625,-10.043465,-7.78895776,,,,,,
5.466371217,-9.930445,-7.879260849,,,,,,
5.46951281,-9.720744,-7.970539937,,,,,,
5.472654403,-9.389975,-8.062788598,,,,,,
5.475795995,-9.236341,-8.156000297,,,,,,
5.478937588,-9.048929,-8.250168402,,,,,,
5.482079181,-8.935454,-8.345286174,,,,,,
5.485220773,-8.755644,-8.441346777,,,,,,
5.488362366,-8.765432,-8.538343272,,,,,,
5.491503958,-8.901671,-8.636268618,,,,,,
5.494645551,-9.09176,-8.735115679,,,,,,
5.497787144,-9.37772,-8.834877216,,,,,,
5.500928736,-9.678082,-8.935545894,,,,,,
5.504070329,-9.988284,-9.037114278,,,,,,
5.507211922,-10.354528,-9.139574839,,,,,,
5.510353514,-10.678397,-9.242919949,,,,,,
5.513495107,-11.312363,-9.347141886,,,,,,
5.5166367,-11.825541,-9.452232831,,,,,,
5.519778292,-12.404398,-9.558184873,,,,,,
5.522919885,-12.523402,-9.664990006,,,,,,
5.526061478,-12.883217,-9.772640131,,,,,,
5.52920307,-13.378827,-9.881127057,,,,,,
5.532344663,-13.604676,-9.990442501,,,,,,
5.535486256,-13.956369,-10.10057809,,,,,,
5.538627848,-14.296398,-10.21152536,,,,,,
5.541769441,-14.575999,-10.32327576,,,,,,
5.544911034,-14.78699,-10.43582065,,,,,,
5.548052626,-14.835136,-10.54915129,,,,,,
5.551194219,-14.730538,-10.66325887,,,,,,
5.554335812,-14.429839,-10.77813449,,,,,,
5.557477404,-14.197387,-10.89376917,,,,,,
5.560618997,-14.018383,-11.01015382,,,,,,
5.56376059,-14.016174,-11.12727929,,,,,,
5.566902182,-13.95912,-11.24513634,,,,,,
5.570043775,-13.851375,-11.36371564,,,,,,
5.573185367,-13.685447,-11.48300781,,,,,,
5.57632696,-13.592765,-11.60300334,,,,,,
5.579468553,-13.50901,-11.72369267,,,,,,
5.582610145,-13.514559,-11.84506617,,,,,,
5.585751738,-13.868076,-11.96711411,,,,,,
5.588893331,-14.23152,-12.08982668,,,,,,
5.592034923,-14.597396,-12.21319403,,,,,,
5.595176516,-14.918578,-12.33720619,,,,,,
5.598318109,-14.757427,-12.46185313,,,,,,
5.601459701,-15.11029,-12.58712477,,,,,,
5.604601294,-15.390971,-12.71301093,,,,,,
5.607742887,-15.63944,-12.83950136,,,,,,
5.610884479,-15.89328,-12.96658575,,,,,,
5.614026072,-16.179418,-13.09425371,,,,,,
5.617167665,-16.464832,-13.22249479,,,,,,
5.620309257,-16.76746,-13.35129847,,,,,,
5.62345085,-17.209785,-13.48065415,,,,,,
5.626592443,-17.755549,-13.61055117,,,,,,
5.629734035,-17.937044,-13.74097883,,,,,,
5.632875628,-18.86477,-13.87192632,,,,,,
5.636017221,-19.863703,-14.0033828,,,,,,
5.639158813,-20.757089,-14.13533735,,,,,,
5.642300406,-21.476113,-14.267779,,,,,,
5.645441999,-22.052073,-14.40069671,,,,,,
5.648583591,-22.443262,-14.53407939,,,,,,
5.651725184,-22.662144,-14.66791588,,,,,,
5.654866776,-22.690389,-14.80219497,,,,,,
5.658008369,-22.59564,-14.9369054,,,,,,
5.661149962,-21.792886,-15.07203582,,,,,,
5.664291554,-20.925844,-15.20757488,,,,,,
5.667433147,-20.451686,-15.34351113,,,,,,
5.67057474,-20.167098,-15.47983308,,,,,,
5.673716332,-20.142295,-15.61652921,,,,,,
5.676857925,-20.175879,-15.75358791,,,,,,
5.679999518,-20.0869,-15.89099755,,,,,,
5.68314111,-20.232922,-16.02874645,,,,,,
5.686282703,-20.495824,-16.16682287,,,,,,
5.689424296,-20.840875,-16.30521502,,,,,,
5.692565888,-21.222675,-16.44391109,,,,,,
5.695707481,-21.534845,-16.5828992,,,,,,
5.698849074,-21.728174,-16.72216743,,,,,,
5.701990666,-21.867238,-16.86170383,,,,,,
5.705132259,-22.100657,-17.00149639,,,,,,
5.708273852,-22.499082,-17.14153309,,,,,,
5.711415444,-23.002264,-17.28180184,,,,,,
5.714557037,-23.470069,-17.42229052,,,,,,
5.71769863,-23.840687,-17.56298699,,,,,,
5.720840222,-24.181425,-17.70387905,,,,,,
5.723981815,-24.469919,-17.84495448,,,,,,
5.727123407,-24.812311,-17.98620102,,,,,,
5.730265,-25.195137,-18.12760638,,,,,,
5.733406593,-25.42359,-18.26915824,,,,,,
5.736548185,-25.637256,-18.41084425,,,,,,
5.739689778,-25.749397,-18.55265201,,,,,,
5.742831371,-25.939001,-18.69456914,,,,,,
5.745972963,-26.312109,-18.83658317,,,,,,
5.749114556,-26.770966,-18.97868166,,,,,,
5.752256149,-27.312653,-19.12085212,,,,,,
5.755397741,-27.71229,-19.26308202,,,,,,
5.758539334,-28.304996,-19.40535884,,,,,,
5.761680927,-28.761691,-19.54767002,,,,,,
5.764822519,-29.374828,-19.69000298,,,,,,
5.767964112,-29.972815,-19.83234512,,,,,,
5.771105705,-30.558042,-19.97468383,,,,,,
5.774247297,-31.274208,-20.11700648,,,,,,
5.77738889,-31.613319,-20.25930042,,,,,,
5.780530483,-31.830792,-20.40155298,,,,,,
5.783672075,-31.991742,-20.54375149,,,,,,
5.786813668,-32.232417,-20.68588325,,,,,,
5.789955261,-32.500454,-20.82793558,,,,,,
5.793096853,-32.719723,-20.96989575,,,,,,
5.796238446,-32.568367,-21.11175104,,,,,,
5.799380039,-32.496978,-21.25348873,,,,,,
5.802521631,-32.51758,-21.39509609,,,,,,
5.805663224,-32.683784,-21.53656035,,,,,,
5.808804816,-32.983464,-21.67786879,,,,,,
5.811946409,-33.397037,-21.81900866,,,,,,
5.815088002,-33.846938,-21.95996719,,,,,,
5.818229594,-34.44425,-22.10073164,,,,,,
5.821371187,-34.7025,-22.24128925,,,,,,
5.82451278,-34.924043,-22.38162727,,,,,,
5.827654372,-35.175533,-22.52173294,,,,,,
5.830795965,-35.34452,-22.66159353,,,,,,
5.833937558,-35.396488,-22.80119629,,,,,,
5.83707915,-35.296616,-22.94052848,,,,,,
5.840220743,-34.897731,-23.07957737,,,,,,
5.843362336,-34.660931,-23.21833024,,,,,,
5.846503928,-34.39515,-23.35677437,,,,,,
5.849645521,-34.147831,-23.49489706,,,,,,
5.852787114,-33.981858,-23.63268562,,,,,,
5.855928706,-33.955615,-23.77012736,,,,,,
5.859070299,-34.11036,-23.90720963,,,,,,
5.862211892,-34.453138,-24.04391976,,,,,,
5.865353484,-34.690025,-24.18024513,,,,,,
5.868495077,-34.883938,-24.31617311,,,,,,
5.87163667,-34.946937,-24.45169111,,,,,,
5.874778262,-34.890249,-24.58678653,,,,,,
5.877919855,-35.042167,-24.72144683,,,,,,
5.881061448,-34.71936,-24.85565945,,,,,,
5.88420304,-34.389658,-24.98941188,,,,,,
5.887344633,-33.945347,-25.12269163,,,,,,
5.890486225,-33.512002,-25.25548623,,,,,,
5.893627818,-33.138215,-25.38778323,,,,,,
5.896769411,-32.778991,-25.51957022,,,,,,
5.899911003,-32.452098,-25.65083481,,,,,,
5.903052596,-32.250363,-25.78156464,,,,,,
5.906194189,-32.287885,-25.91174739,,,,,,
5.909335781,-32.382913,-26.04137075,,,,,,
5.912477374,-32.439326,-26.17042246,,,,,,
5.915618967,-32.522499,-26.29889029,,,,,,
5.918760559,-32.637329,-26.42676205,,,,,,
5.921902152,-32.711465,-26.55402557,,,,,,
5.925043745,-32.74479,-26.68066874,,,,,,
5.928185337,-32.755688,-26.80667946,,,,,,
5.93132693,-32.952502,-26.93204569,,,,,,
5.934468523,-33.187597,-27.05675543,,,,,,
5.937610115,-33.257816,-27.1807967,,,,,,
5.940751708,-33.204588,-27.3041576,,,,,,
5.943893301,-33.043126,-27.42682624,,,,,,
5.947034893,-32.758435,-27.54879078,,,,,,
5.950176486,-32.431842,-27.67003944,,,,,,
5.953318079,-31.893229,-27.79056048,,,,,,
5.956459671,-31.361202,-27.9103422,,,,,,
5.959601264,-30.797833,-28.02937295,,,,,,
5.962742857,-30.179304,-28.14764115,,,,,,
5.965884449,-29.498934,-28.26513524,,,,,,
5.969026042,-28.865896,-28.38184374,,,,,,
5.972167634,-28.314026,-28.4977552,,,,,,
5.975309227,-27.875971,-28.61285823,,,,,,
5.97845082,-27.484583,-28.72714152,,,,,,
5.981592412,-27.263931,-28.84059378,,,,,,
5.984734005,-27.190004,-28.95320379,,,,,,
5.987875598,-27.279952,-29.06496039,,,,,,
5.99101719,-27.503254,-29.17585249,,,,,,
5.994158783,-27.949797,-29.28586904,,,,,,
5.997300376,-28.524519,-29.39499907,,,,,,
6.000441968,-29.144129,-29.50323165,,,,,,
6.003583561,-29.859485,-29.61055592,,,,,,
6.006725154,-30.498294,-29.71696111,,,,,,
6.009866746,-31.057517,-29.82243649,,,,,,
6.013008339,-31.555421,-29.92697138,,,,,,
6.016149932,-31.988573,-30.03055521,,,,,,
6.019291524,-32.375294,-30.13317744,,,,,,
6.022433117,-32.59314,-30.23482763,,,,,,
6.02557471,-32.820823,-30.33549537,,,,,,
6.028716302,-32.952979,-30.43517037,,,,,,
6.031857895,-33.022898,-30.53384236,,,,,,
6.034999488,-33.071295,-30.63150119,,,,,,
6.03814108,-33.224717,-30.72813675,,,,,,
6.041282673,-33.407998,-30.82373902,,,,,,
6.044424266,-33.580211,-30.91829805,,,,,,
6.047565858,-33.692428,-31.01180397,,,,,,
6.050707451,-33.76138,-31.10424698,,,,,,
6.053849043,-33.789388,-31.19561737,,,,,,
6.056990636,-33.837629,-31.2859055,,,,,,
6.060132229,-33.851287,-31.37510181,,,,,,
6.063273821,-33.778717,-31.46319681,,,,,,
6.066415414,-33.653225,-31.55018113,,,,,,
6.069557007,-33.450614,-31.63604543,,,,,,
6.072698599,-33.209143,-31.72078049,,,,,,
6.075840192,-33.035101,-31.80437717,,,,,,
6.078981785,-32.939762,-31.88682639,,,,,,
6.082123377,-32.86516,-31.96811919,,,,,,
6.08526497,-32.690882,-32.04824667,,,,,,
6.088406563,-32.527281,-32.12720003,,,,,,
6.091548155,-32.290226,-32.20497056,,,,,,
6.094689748,-31.933412,-32.28154963,,,,,,
6.097831341,-31.776562,-32.3569287,,,,,,
6.100972933,-31.704706,-32.43109934,,,,,,
6.104114526,-31.967488,-32.50405317,,,,,,
6.107256119,-32.416936,-32.57578195,,,,,,
6.110397711,-32.932313,-32.6462775,,,,,,
6.113539304,-33.437161,-32.71553174,,,,,,
6.116680897,-34.028518,-32.7835367,,,,,,
6.119822489,-34.641283,-32.85028448,,,,,,
6.122964082,-35.424629,-32.9157673,,,,,,
6.126105675,-36.317241,-32.97997746,,,,,,
6.129247267,-37.095189,-33.04290736,,,,,,
6.13238886,-37.73214,-33.10454951,,,,,,
6.135530452,-38.102743,-33.16489649,,,,,,
6.138672045,-38.124976,-33.22394101,,,,,,
6.141813638,-37.854761,-33.28167587,,,,,,
6.14495523,-37.423353,-33.33809396,,,,,,
6.148096823,-36.86886,-33.39318828,,,,,,
6.151238416,-36.299933,-33.44695193,,,,,,
6.154380008,-35.650221,-33.49937812,,,,,,
6.157521601,-35.046244,-33.55046015,,,,,,
6.160663194,-34.441023,-33.60019143,,,,,,
6.163804786,-33.932714,-33.64856548,,,,,,
6.166946379,-33.449633,-33.69557591,,,,,,
6.170087972,-33.117914,-33.74121645,,,,,,
6.173229564,-32.882439,-33.78548094,,,,,,
6.176371157,-32.88779,-33.82836329,,,,,,
6.17951275,-32.996387,-33.86985757,,,,,,
6.182654342,-33.142173,-33.90995792,,,,,,
6.185795935,-33.278903,-33.94865861,,,,,,
6.188937528,-33.394857,-33.985954,,,,,,
6.19207912,-33.66338,-34.02183856,,,,,,
6.195220713,-34.124065,-34.0563069,,,,,,
6.198362306,-34.46778,-34.0893537,,,,,,
6.201503898,-34.684709,-34.12097378,,,,,,
6.204645491,-34.679219,-34.15116206,,,,,,
6.207787083,-34.437329,-34.17991357,,,,,,
6.210928676,-34.092384,-34.20722345,,,,,,
6.214070269,-33.777338,-34.23308697,,,,,,
6.217211861,-33.498848,-34.25749949,,,,,,
6.220353454,-33.184479,-34.28045649,,,,,,
6.223495047,-32.606862,-34.30195358,,,,,,
6.226636639,-31.903617,-34.32198647,,,,,,
6.229778232,-31.111904,-34.34055099,,,,,,
6.232919825,-30.393003,-34.35764307,,,,,,
6.236061417,-29.904271,-34.37325879,,,,,,
6.23920301,-29.691379,-34.3873943,,,,,,
6.242344603,-29.717551,-34.40004591,,,,,,
6.245486195,-29.909677,-34.41121001,,,,,,
6.248627788,-30.070799,-34.42088314,,,,,,
6.251769381,-30.291723,-34.42906194,,,,,,
6.254910973,-30.528081,-34.43574317,,,,,,
6.258052566,-30.774102,-34.4409237,,,,,,
6.261194159,-30.939502,-34.44460053,,,,,,
6.264335751,-31.164423,-34.44677078,,,,,,
6.267477344,-31.215113,-34.44743167,,,,,,
6.270618937,-31.19812,-34.44658057,,,,,,
6.273760529,-31.089226,-34.44421495,,,,,,
6.276902122,-30.923385,-34.44033239,,,,,,
6.280043715,-30.745212,-34.43493061,,,,,,
6.283185307,-30.597823,-34.42800744,,,,,,
6.2863269,-30.502073,-34.41956083,,,,,,
6.289468492,-30.373423,-34.40958887,,,,,,
6.292610085,-30.39266,-34.39808973,,,,,,
6.295751678,-30.418952,-34.38506174,,,,,,
6.29889327,-30.334202,-34.37050334,,,,,,
6.302034863,-30.102195,-34.35441307,,,,,,
6.305176456,-29.871169,-34.33678963,,,,,,
6.308318048,-29.60434,-34.3176318,,,,,,
6.311459641,-29.345035,-34.29693852,,,,,,
6.314601234,-29.098415,-34.27470882,,,,,,
6.317742826,-28.873708,-34.25094188,,,,,,
6.320884419,-28.75117,-34.22563698,,,,,,
6.324026012,-28.461794,-34.19879354,,,,,,
6.327167604,-28.279619,-34.17041108,,,,,,
6.330309197,-28.327255,-34.14048926,,,,,,
6.33345079,-28.593871,-34.10902786,,,,,,
6.336592382,-28.981806,-34.07602678,,,,,,
6.339733975,-29.341453,-34.04148604,,,,,,
6.342875568,-29.581239,-34.00540579,,,,,,
6.34601716,-29.672266,-33.9677863,,,,,,
6.349158753,-29.588927,-33.92862795,,,,,,
6.352300346,-29.482918,-33.88793126,,,,,,
6.355441938,-29.371691,-33.84569687,,,,,,
6.358583531,-29.280851,-33.80192552,,,,,,
6.361725124,-29.118888,-33.75661811,,,,,,
6.364866716,-28.875747,-33.70977564,,,,,,
6.368008309,-28.555279,-33.66139922,,,,,,
6.371149901,-28.385259,-33.61149012,,,,,,
6.374291494,-28.125344,-33.56004969,,,,,,
6.377433087,-28.064076,-33.50707943,,,,,,
6.380574679,-28.268016,-33.45258096,,,,,,
6.383716272,-28.690318,-33.396556,,,,,,
6.386857865,-29.061995,-33.33900642,,,,,,
6.389999457,-29.632208,-33.2799342,,,,,,
6.39314105,-30.123891,-33.21934144,,,,,,
6.396282643,-30.487615,-33.15723035,,,,,,
6.399424235,-30.73353,-33.09360328,,,,,,
6.402565828,-30.875109,-33.0284627,,,,,,
6.405707421,-31.075209,-32.96181119,,,,,,
6.408849013,-31.112154,-32.89365146,,,,,,
6.411990606,-31.067455,-32.82398633,,,,,,
6.415132199,-30.917387,-32.75281874,,,,,,
6.418273791,-30.486715,-32.68015177,,,,,,
6.421415384,-30.004239,-32.60598861,,,,,,
6.424556977,-29.706815,-32.53033254,,,,,,
6.427698569,-29.472542,-32.45318701,,,,,,
6.430840162,-29.4746,-32.37455555,,,,,,
6.433981755,-29.567117,-32.29444182,,,,,,
6.437123347,-29.725658,-32.21284961,,,,,,
6.44026494,-29.898793,-32.12978281,,,,,,
6.443406533,-29.929174,-32.04524544,,,,,,
6.446548125,-29.889595,-31.95924163,,,,,,
6.449689718,-29.91155,-31.87177564,,,,,,
6.45283131,-29.961778,-31.78285183,,,,,,
6.455972903,-29.961903,-31.69247468,,,,,,
6.459114496,-29.975222,-31.6006488,,,,,,
6.462256088,-30.035735,-31.50737889,,,,,,
6.465397681,-30.063737,-31.4126698,,,,,,
6.468539274,-30.202176,-31.31652646,,,,,,
6.471680866,-30.369441,-31.21895393,,,,,,
6.474822459,-30.580262,-31.11995739,,,,,,
6.477964052,-30.807681,-31.01954213,,,,,,
6.481105644,-30.999206,-30.91771354,,,,,,
6.484247237,-31.13674,-30.81447714,,,,,,
6.48738883,-31.23883,-30.70983856,,,,,,
6.490530422,-31.285285,-30.60380353,,,,,,
6.493672015,-31.308178,-30.4963779,,,,,,
6.496813608,-31.292491,-30.38756763,,,,,,
6.4999552,-31.217977,-30.27737878,,,,,,
6.503096793,-31.256588,-30.16581755,,,,,,
6.506238386,-31.17428,-30.05289021,,,,,,
6.509379978,-31.067189,-29.93860317,,,,,,
6.512521571,-30.986754,-29.82296293,,,,,,
6.515663164,-30.709044,-29.7059761,,,,,,
6.518804756,-30.534315,-29.58764941,,,,,,
6.521946349,-30.38171,-29.46798968,,,,,,
6.525087942,-30.266324,-29.34700385,,,,,,
6.528229534,-30.180899,-29.22469895,,,,,,
6.531371127,-30.055815,-29.10108212,,,,,,
6.534512719,-29.876728,-28.97616063,,,,,,
6.537654312,-29.692787,-28.8499418,,,,,,
6.540795905,-29.588974,-28.72243311,,,,,,
6.543937497,-29.642717,-28.59364211,,,,,,
6.54707909,-29.688872,-28.46357645,,,,,,
6.550220683,-29.776638,-28.3322439,,,,,,
6.553362275,-29.879353,-28.19965232,,,,,,
6.556503868,-30.010057,-28.06580966,,,,,,
6.559645461,-30.067034,-27.93072398,,,,,,
6.562787053,-30.158106,-27.79440345,,,,,,
6.565928646,-30.305055,-27.65685631,,,,,,
6.569070239,-30.388386,-27.51809092,,,,,,
6.572211831,-30.348653,-27.37811574,,,,,,
6.575353424,-30.343014,-27.23693929,,,,,,
6.578495017,-30.358457,-27.09457022,,,,,,
6.581636609,-30.42951,-26.95101727,,,,,,
6.584778202,-30.430562,-26.80628926,,,,,,
6.587919795,-30.310263,-26.6603951,,,,,,
6.591061387,-30.130877,-26.51334382,,,,,,
6.59420298,-30.007341,-26.36514451,,,,,,
6.597344573,-29.837192,-26.21580637,,,,,,
6.600486165,-29.601353,-26.06533868,,,,,,
6.603627758,-29.472903,-25.91375081,,,,,,
6.60676935,-29.293635,-25.76105221,,,,,,
6.609910943,-28.994031,-25.60725245,,,,,,
6.613052536,-28.60196,-25.45236114,,,,,,
6.616194128,-28.245877,-25.296388,,,,,,
6.619335721,-28.130001,-25.13934285,,,,,,
6.622477314,-28.06428,-24.98123556,,,,,,
6.625618906,-28.034594,-24.82207612,,,,,,
6.628760499,-28.096903,-24.66187456,,,,,,
6.631902092,-28.248598,-24.50064102,,,,,,
6.635043684,-28.387339,-24.33838573,,,,,,
6.638185277,-28.410221,-24.17511896,,,,,,
6.64132687,-28.434697,-24.0108511,,,,,,
6.644468462,-28.584906,-23.8455926,,,,,,
6.647610055,-28.645418,-23.67935397,,,,,,
6.650751648,-28.630465,-23.51214584,,,,,,
6.65389324,-28.535709,-23.34397887,,,,,,
6.657034833,-27.998573,-23.17486382,,,,,,
6.660176426,-27.535535,-23.00481151,,,,,,
6.663318018,-26.953849,-22.83383285,,,,,,
6.666459611,-26.633537,-22.66193881,,,,,,
6.669601204,-25.912573,-22.48914042,,,,,,
6.672742796,-25.316487,-22.3154488,,,,,,
6.675884389,-24.681076,-22.14087512,,,,,,
6.679025982,-24.035569,-21.96543064,,,,,,
6.682167574,-23.511796,-21.78912667,,,,,,
6.685309167,-22.971895,-21.61197458,,,,,,
6.688450759,-22.593508,-21.43398583,,,,,,
6.691592352,-22.34514,-21.25517192,,,,,,
6.694733945,-22.113799,-21.07554441,,,,,,
6.697875537,-21.883523,-20.89511496,,,,,,
6.70101713,-21.815881,-20.71389524,,,,,,
6.704158723,-21.675993,-20.53189701,,,,,,
6.707300315,-21.603048,-20.3491321,,,,,,
6.710441908,-21.592085,-20.16561235,,,,,,
6.713583501,-21.618586,-19.98134971,,,,,,
6.716725093,-21.595522,-19.79635616,,,,,,
6.719866686,-21.326933,-19.61064374,,,,,,
6.723008279,-21.224036,-19.42422453,,,,,,
6.726149871,-21.148724,-19.23711069,,,,,,
6.729291464,-21.19002,-19.0493144,,,,,,
6.732433057,-21.332736,-18.86084792,,,,,,
6.735574649,-21.517702,-18.67172355,,,,,,
6.738716242,-21.583934,-18.48195362,,,,,,
6.741857835,-21.587315,-18.29155053,,,,,,
6.744999427,-21.526515,-18.10052673,,,,,,
6.74814102,-21.383022,-17.90889468,,,,,,
6.751282613,-21.199722,-17.71666694,,,,,,
6.754424205,-21.039293,-17.52385605,,,,,,
6.757565798,-20.794418,-17.33047465,,,,,,
6.760707391,-20.449791,-17.13653539,,,,,,
6.763848983,-20.025022,-16.94205095,,,,,,
6.766990576,-19.57167,-16.74703408,,,,,,
6.770132168,-19.251288,-16.55149755,,,,,,
6.773273761,-19.015026,-16.35545417,,,,,,
6.776415354,-18.853736,-16.15891677,,,,,,
6.779556946,-18.746507,-15.96189825,,,,,,
6.782698539,-18.874284,-15.76441151,,,,,,
6.785840132,-18.855229,-15.5664695,,,,,,
6.788981724,-18.920278,-15.36808519,,,,,,
6.792123317,-19.038908,-15.16927159,,,,,,
6.79526491,-19.170705,-14.97004173,,,,,,
6.798406502,-19.298702,-14.77040869,,,,,,
6.801548095,-19.362781,-14.57038554,,,,,,
6.804689688,-19.382334,-14.3699854,,,,,,
6.80783128,-19.359775,-14.16922142,,,,,,
6.810972873,-19.300398,-13.96810675,,,,,,
6.814114466,-19.206256,-13.76665458,,,,,,
6.817256058,-19.029709,-13.56487812,,,,,,
6.820397651,-18.794546,-13.3627906,,,,,,
6.823539244,-18.482485,-13.16040525,,,,,,
6.826680836,-18.156667,-12.95773535,,,,,,
6.829822429,-17.830206,-12.75479418,,,,,,
6.832964022,-17.425013,-12.55159502,,,,,,
6.836105614,-17.031616,-12.34815119,,,,,,
6.839247207,-16.707267,-12.14447601,,,,,,
6.8423888,-16.48866,-11.94058281,,,,,,
6.845530392,-16.290381,-11.73648495,,,,,,
6.848671985,-16.059797,-11.53219578,,,,,,
6.851813577,-15.904362,-11.32772865,,,,,,
6.85495517,-15.565521,-11.12309695,,,,,,
6.858096763,-15.577188,-10.91831405,,,,,,
6.861238355,-15.582061,-10.71339333,,,,,,
6.864379948,-15.561472,-10.50834818,,,,,,
6.867521541,-15.678319,-10.30319199,,,,,,
6.870663133,-15.79343,-10.09793815,,,,,,
6.873804726,-16.02259,-9.89260006,,,,,,
6.876946319,-16.338409,-9.687191102,,,,,,
6.880087911,-16.690819,-9.48172467,,,,,,
6.883229504,-16.989957,-9.276214151,,,,,,
6.886371097,-17.174156,-9.070672928,,,,,,
6.889512689,-17.244846,-8.865114379,,,,,,
6.892654282,-17.276931,-8.659551875,,,,,,
6.895795875,-16.917102,-8.453998781,,,,,,
6.898937467,-16.373778,-8.248468452,,,,,,
6.90207906,-15.643021,-8.042974235,,,,,,
6.905220653,-14.826498,-7.837529464,,,,,,
6.908362245,-13.972431,-7.632147463,,,,,,
6.911503838,-13.270997,-7.426841542,,,,,,
6.914645431,-12.740383,-7.221624997,,,,,,
6.917787023,-12.399607,-7.016511107,,,,,,
6.920928616,-12.107195,-6.811513136,,,,,,
6.924070209,-11.949185,-6.606644331,,,,,,
6.927211801,-11.835908,-6.40191792,,,,,,
6.930353394,-11.746927,-6.197347108,,,,,,
6.933494986,-7.089393,-5.992945083,,,,,,
6.936636579,-6.935806,-5.788725008,,,,,,
6.939778172,-5.258583,-5.584700025,,,,,,
6.942919764,-4.861281,-5.38088325,,,,,,
6.946061357,-4.472435,-5.177287773,,,,,,
6.94920295,-4.024005,-4.973926659,,,,,,
6.952344542,-3.591083,-4.770812943,,,,,,
6.955486135,-3.057838,-4.567959633,,,,,,
6.958627728,-2.825072,-4.365379707,,,,,,
6.96176932,-2.717802,-4.163086111,,,,,,
6.964910913,-2.713805,-3.961091759,,,,,,
6.968052506,-2.77751,-3.759409531,,,,,,
6.971194098,-2.876968,-3.558052274,,,,,,
6.974335691,-3.003442,-3.357032798,,,,,,
6.977477284,-3.092869,-3.156363878,,,,,,
6.980618876,-3.156272,-2.95605825,,,,,,
6.983760469,-3.377805,-2.756128612,,,,,,
6.986902062,-3.411268,-2.55658762,,,,,,
6.990043654,-3.416677,-2.357447894,,,,,,
6.993185247,-3.355362,-2.158722006,,,,,,
6.99632684,-3.199121,-1.960422488,,,,,,
6.999468432,-2.920364,-1.762561829,,,,,,
7.002610025,-2.524539,-1.56515247,,,,,,
7.005751618,-2.075585,-1.368206808,,,,,,
7.00889321,-1.650332,-1.171737191,,,,,,
7.012034803,-1.403024,-0.975755919,,,,,,
7.015176395,-1.185604,-0.780275244,,,,,,
7.018317988,-0.950064,-0.585307366,,,,,,
7.021459581,-0.657849,-0.390864433,,,,,,
7.024601173,-0.370176,-0.196958542,,,,,,
7.027742766,0.00179,-0.003601736,,,,,,
7.030884359,0.109191,0.189193997,,,,,,
7.034025951,0.389498,0.381416724,,,,,,
7.037167544,0.679925,0.57305457,,,,,,
7.040309137,1.088083,0.764095716,,,,,,
7.043450729,1.510761,0.954528403,,,,,,
7.046592322,1.802324,1.14434093,,,,,,
7.049733915,1.981507,1.333521658,,,,,,
7.052875507,2.139984,1.522059009,,,,,,
7.0560171,2.223219,1.709941468,,,,,,
7.059158693,2.154897,1.897157583,,,,,,
7.062300285,2.099345,2.083695968,,,,,,
7.065441878,2.063608,2.269545299,,,,,,
7.068583471,1.670951,2.454694323,,,,,,
