time,theta_t,theta_t_fit
0.001,8.620544,-3.57372306
0.002,8.593512,-3.494339077
0.003,8.641282,-3.415914115
0.004,8.723823,-3.33845913
0.005,8.751808,-3.261984981
0.006,8.710592,-3.186502428
0.007,8.599513,-3.112022132
0.008,8.443931,-3.03855465
0.009,8.329995,-2.966110439
0.01,8.217765,-2.894699851
0.011,8.19143,-2.824333136
0.012,8.233092,-2.755020438
0.013,8.226123,-2.686771794
0.014,8.148399,-2.619597135
0.015,8.110351,-2.553506285
0.016,8.133885,-2.488508957
0.017,8.309095,-2.424614756
0.018,8.610203,-2.361833178
0.019,8.936542,-2.300173603
0.02,9.182898,-2.239645303
0.021,9.158121,-2.180257436
0.022,9.196564,-2.122019044
0.023,9.212271,-2.064939056
0.024,9.225528,-2.009026285
0.025,9.203918,-1.954289427
0.026,-1.519638,-1.900737062
0.027,-1.357494,-1.848377651
0.028,-1.500077,-1.797219536
0.029,-1.691274,-1.747270939
0.03,-1.881168,-1.698539964
0.031,-2.050705,-1.651034591
0.032,-2.16595,-1.604762679
0.033,-2.229637,-1.559731965
0.034,-2.267883,-1.515950063
0.035,-2.262468,-1.473424462
0.036,-2.259163,-1.432162527
0.037,-2.21045,-1.392171496
0.038,-2.152543,-1.353458482
0.039,-2.067871,-1.316030473
0.04,-1.850273,-1.279894327
0.041,-1.71487,-1.245056775
0.042,-1.443567,-1.21152442
0.043,-1.148725,-1.179303733
0.044,-0.721234,-1.148401058
0.045,-0.485055,-1.118822608
0.046,-0.274177,-1.090574465
0.047,-0.091803,-1.063662577
0.048,9.491752,-1.038092762
0.049,9.699119,-1.013870706
0.05,9.861629,-0.99100196
0.051,9.944025,-0.969491941
0.052,9.941462,-0.949345933
0.053,9.897995,-0.930569085
0.054,10.066037,-0.913166409
0.055,10.352157,-0.897142783
0.056,10.572015,-0.882502949
0.057,10.8557,-0.869251511
0.058,11.033215,-0.857392935
0.059,11.018327,-0.846931552
0.06,10.812601,-0.837871554
0.061,10.604564,-0.830216993
0.062,1.544149,-0.823971785
0.063,1.277093,-0.819139705
0.064,1.037846,-0.815724388
0.065,0.795902,-0.813729331
0.066,0.507625,-0.813157889
0.067,0.550359,-0.814013278
0.068,0.864027,-0.816298572
0.069,1.216203,-0.820016704
0.07,1.661864,-0.825170465
0.071,2.059806,-0.831762506
0.072,2.452805,-0.839795335
0.073,2.562681,-0.849271317
0.074,11.232553,-0.860192676
0.075,10.951237,-0.872561492
0.076,2.027953,-0.886379703
0.077,1.625398,-0.901649103
0.078,1.286306,-0.918371343
0.079,1.173805,-0.936547931
0.08,1.206278,-0.95618023
0.081,1.415167,-0.977269462
0.082,1.561342,-0.999816702
0.083,1.835048,-1.023822882
0.084,2.080886,-1.04928879
0.085,2.26312,-1.07621507
0.086,2.417796,-1.104602221
0.087,2.705377,-1.134450599
0.088,2.804061,-1.165760412
0.089,2.812738,-1.198531728
0.09,2.859436,-1.232764467
0.091,2.967862,-1.268458406
0.092,3.062246,-1.305613177
0.093,2.983592,-1.344228267
0.094,2.908004,-1.38430302
0.095,2.850734,-1.425836633
0.096,2.88563,-1.46882816
0.097,3.013219,-1.513276511
0.098,3.183746,-1.559180451
0.099,3.364513,-1.606538599
0.1,3.555768,-1.655349433
0.101,3.874267,-1.705611285
0.102,13.062596,-1.757322343
0.103,13.473529,-1.810480652
0.104,13.797689,-1.865084112
0.105,14.200937,-1.921130481
0.106,14.416214,-1.978617373
0.107,14.32106,-2.037542258
0.108,14.063468,-2.097902464
0.109,13.727086,-2.159695176
0.11,4.882941,-2.222917436
0.111,12.838562,-2.287566145
0.112,12.232883,-2.353638061
0.113,11.735228,-2.421129799
0.114,11.334977,-2.490037836
0.115,10.992941,-2.560358503
0.116,10.676401,-2.632087994
0.117,10.359105,-2.70522236
0.118,10.16193,-2.779757514
0.119,2.611347,-2.855689227
0.12,2.685863,-2.933013131
0.121,2.665534,-3.011724719
0.122,2.623814,-3.091819345
0.123,2.264094,-3.173292223
0.124,1.964991,-3.256138433
0.125,1.740479,-3.340352913
0.126,1.556875,-3.425930466
0.127,1.472698,-3.512865757
0.128,1.447021,-3.601153317
0.129,1.227492,-3.690787537
0.13,0.892252,-3.781762677
0.131,0.520402,-3.874072859
0.132,0.475548,-3.967712072
0.133,0.300374,-4.06267417
0.134,0.206165,-4.158952876
0.135,0.175689,-4.256541776
0.136,0.171262,-4.355434328
0.137,0.331207,-4.455623855
0.138,0.369616,-4.557103551
0.139,0.384572,-4.659866478
0.14,0.507673,-4.763905568
0.141,0.55335,-4.869213625
0.142,0.638332,-4.975783322
0.143,0.652729,-5.083607207
0.144,0.735747,-5.192677696
0.145,0.608631,-5.302987082
0.146,0.412577,-5.41452753
0.147,0.211406,-5.52729108
0.148,0.472778,-5.641269647
0.149,0.377154,-5.756455022
0.15,-0.006927,-5.872838871
0.151,-0.326478,-5.99041274
0.152,-0.600794,-6.109168051
0.153,-0.943928,-6.229096105
0.154,-1.25074,-6.350188082
0.155,-1.586812,-6.472435045
0.156,-1.771954,-6.595827934
0.157,-1.919161,-6.720357574
0.158,-2.108558,-6.84601467
0.159,-2.348528,-6.972789813
0.16,-2.665036,-7.100673476
0.161,-3.034624,-7.229656018
0.162,-3.407379,-7.359727685
0.163,-3.939633,-7.490878607
0.164,-4.23005,-7.623098803
0.165,-4.406388,-7.756378181
0.166,-4.678801,-7.890706538
0.167,-4.768592,-8.026073561
0.168,-4.910242,-8.162468828
0.169,-4.985377,-8.299881808
0.17,-4.860071,-8.438301865
0.171,-4.895919,-8.577718255
0.172,-4.698739,-8.718120131
0.173,-4.716152,-8.859496539
0.174,-4.872829,-9.001836422
0.175,-5.116345,-9.145128624
0.176,-5.381243,-9.289361883
0.177,-5.551484,-9.43452484
0.178,-5.776221,-9.580606035
0.179,-6.133402,-9.727593909
0.18,-6.496341,-9.875476807
0.181,-6.97446,-10.02424298
0.182,-7.439807,-10.17388057
0.183,-7.786623,-10.32437765
0.184,-7.816656,-10.47572218
0.185,-7.953254,-10.62790202
0.186,-8.154843,-10.78090497
0.187,-8.618676,-10.93471871
0.188,-9.029461,-11.08933085
0.189,-9.639949,-11.2447289
0.19,-10.193218,-11.40090028
0.191,-10.644257,-11.55783235
0.192,-10.989652,-11.71551235
0.193,-11.292561,-11.87392746
0.194,-13.030162,-12.03306477
0.195,-13.518289,-12.19291129
0.196,-13.901059,-12.35345395
0.197,-14.271457,-12.5146796
0.198,-14.64036,-12.67657502
0.199,-14.689155,-12.83912689
0.2,-14.406041,-13.00232185
0.201,-14.3298,-13.16614643
0.202,-14.301104,-13.33058711
0.203,-14.413435,-13.49563028
0.204,-14.819038,-13.66126229
0.205,-15.315712,-13.82746939
0.206,-15.847718,-13.99423776
0.207,-16.242523,-14.16155355
0.208,-16.508674,-14.32940279
0.209,-17.074271,-14.4977715
0.21,-17.673349,-14.6666456
0.211,-18.396548,-14.83601095
0.212,-18.992549,-15.00585337
0.213,-19.61246,-15.1761586
0.214,-20.212536,-15.34691233
0.215,-20.951863,-15.5181002
0.216,-21.480894,-15.68970777
0.217,-22.141531,-15.86172056
0.218,-22.715079,-16.03412406
0.219,-22.995056,-16.20690366
0.22,-23.442659,-16.38004474
0.221,-23.771006,-16.5535326
0.222,-24.313462,-16.72735252
0.223,-24.65383,-16.90148972
0.224,-24.861072,-17.07592936
0.225,-24.934409,-17.25065657
0.226,-24.912716,-17.42565644
0.227,-24.893427,-17.60091402
0.228,-25.109082,-17.7764143
0.229,-25.440927,-17.95214226
0.23,-25.686627,-18.12808281
0.231,-26.099817,-18.30422085
0.232,-26.433714,-18.48054123
0.233,-26.724216,-18.65702876
0.234,-26.917677,-18.83366825
0.235,-27.107579,-19.01044444
0.236,-27.280567,-19.18734207
0.237,-27.495125,-19.36434582
0.238,-27.77967,-19.54144038
0.239,-28.063938,-19.71861038
0.24,-28.367431,-19.89584045
0.241,-28.68467,-20.07311518
0.242,-28.790193,-20.25041915
0.243,-29.226,-20.42773692
0.244,-29.774148,-20.60505303
0.245,-30.434414,-20.78235198
0.246,-30.813977,-20.95961828
0.247,-31.589753,-21.13683643
0.248,-32.197911,-21.31399089
0.249,-32.410465,-21.49106613
0.25,-32.837211,-21.6680466
0.251,-33.104852,-21.84491673
0.252,-33.258154,-22.02166097
0.253,-33.200324,-22.19826374
0.254,-33.163754,-22.37470946
0.255,-32.976251,-22.55098254
0.256,-32.918351,-22.72706741
0.257,-32.898491,-22.90294848
0.258,-32.965193,-23.07861015
0.259,-33.373501,-23.25403685
0.26,-33.64105,-23.429213
0.261,-34.057289,-23.60412301
0.262,-34.553214,-23.77875132
0.263,-34.941697,-23.95308236
0.264,-35.230556,-24.12710057
0.265,-35.391793,-24.30079041
0.266,-35.462793,-24.47413634
0.267,-35.489672,-24.64712285
0.268,-35.564105,-24.81973441
0.269,-35.61583,-24.99195554
0.27,-35.603715,-25.16377077
0.271,-35.518474,-25.33516463
0.272,-35.279874,-25.50612168
0.273,-34.940456,-25.67662651
0.274,-34.525814,-25.84666371
0.275,-34.158862,-26.01621793
0.276,-33.897879,-26.1852738
0.277,-33.895623,-26.35381601
0.278,-33.862908,-26.52182926
0.279,-33.907586,-26.68929829
0.28,-33.975437,-26.85620787
0.281,-33.912417,-27.02254278
0.282,-33.875947,-27.18828787
0.283,-33.920802,-27.35342799
0.284,-34.02875,-27.51794804
0.285,-34.006455,-27.68183297
0.286,-33.832408,-27.84506775
0.287,-33.512441,-28.00763738
0.288,-33.075267,-28.16952694
0.289,-32.569384,-28.33072151
0.29,-32.12479,-28.49120624
0.291,-31.739508,-28.65096632
0.292,-31.37974,-28.80998698
0.293,-31.050925,-28.96825349
0.294,-30.78017,-29.1257512
0.295,-30.584053,-29.28246548
0.296,-30.426952,-29.43838177
0.297,-30.228063,-29.59348554
0.298,-30.069966,-29.74776233
0.299,-29.850226,-29.90119775
0.3,-29.781036,-30.05377744
0.301,-29.927488,-30.2054871
0.302,-30.08063,-30.35631252
0.303,-30.484088,-30.50623951
0.304,-30.19639,-30.65525397
0.305,-30.219684,-30.80334185
0.306,-30.225262,-30.95048916
0.307,-30.297985,-31.096682
0.308,-30.338776,-31.2419065
0.309,-30.500884,-31.3861489
0.31,-30.752349,-31.52939546
0.311,-30.949375,-31.67163256
0.312,-31.044364,-31.81284662
0.313,-31.134469,-31.95302415
0.314,-31.274882,-32.09215171
0.315,-31.592703,-32.23021596
0.316,-32.109747,-32.36720363
0.317,-32.469982,-32.50310152
0.318,-32.981672,-32.63789651
0.319,-33.25591,-32.77157558
0.32,-33.803629,-32.90412576
0.321,-33.907929,-33.03553419
0.322,-34.112278,-33.16578807
0.323,-34.41839,-33.29487469
0.324,-34.794405,-33.42278145
0.325,-35.138128,-33.5494958
0.326,-35.373879,-33.67500531
0.327,-35.43434,-33.79929761
0.328,-35.490681,-33.92236045
0.329,-35.685242,-34.04418164
0.33,-35.934921,-34.16474912
0.331,-36.176971,-34.28405089
0.332,-36.336393,-34.40207505
0.333,-36.345192,-34.51880981
0.334,-36.446685,-34.63424347
0.335,-36.52677,-34.74836442
0.336,-36.607767,-34.86116116
0.337,-34.138278,-34.97262229
0.338,-34.141258,-35.0827365
0.339,-33.989928,-35.19149258
0.34,-33.896715,-35.29887944
0.341,-33.763867,-35.40488609
0.342,-33.661783,-35.50950162
0.343,-33.499874,-35.61271526
0.344,-33.338076,-35.71451633
0.345,-36.250686,-35.81489425
0.346,-36.088289,-35.91383856
0.347,-35.880775,-36.01133891
0.348,-35.752033,-36.10738507
0.349,-35.640918,-36.20196688
0.35,-35.568995,-36.29507435
0.351,-35.539644,-36.38669756
0.352,-35.550058,-36.47682672
0.353,-35.518006,-36.56545215
0.354,-35.466084,-36.6525643
0.355,-35.408528,-36.73815371
0.356,-35.351319,-36.82221108
0.357,-35.284854,-36.90472717
0.358,-35.272776,-36.98569292
0.359,-35.307912,-37.06509935
0.36,-35.309624,-37.1429376
0.361,-35.348768,-37.21919897
0.362,-35.31637,-37.29387483
0.363,-35.292715,-37.36695672
0.364,-35.217493,-37.43843628
0.365,-35.179631,-37.50830527
0.366,-35.20863,-37.57655559
0.367,-35.24426,-37.64317926
0.368,-35.274134,-37.70816842
0.369,-35.378962,-37.77151536
0.37,-35.46594,-37.83321247
0.371,-35.599822,-37.8932523
0.372,-35.738885,-37.95162749
0.373,-35.9948,-38.00833085
0.374,-36.293409,-38.06335529
0.375,-36.55453,-38.11669388
0.376,-36.789255,-38.1683398
0.377,-37.080282,-38.21828637
0.378,-37.229834,-38.26652705
0.379,-37.299228,-38.31305542
0.38,-37.246728,-38.35786521
0.381,-37.120897,-38.40095028
0.382,-36.890261,-38.44230463
0.383,-36.562444,-38.48192238
0.384,-36.243881,-38.5197978
0.385,-35.883507,-38.5559253
0.386,-35.492959,-38.59029942
0.387,-35.046379,-38.62291485
0.388,-34.664121,-38.65376641
0.389,-34.307394,-38.68284906
0.39,-34.014615,-38.71015789
0.391,-31.758232,-38.73568816
0.392,-31.656267,-38.75943524
0.393,-31.600078,-38.78139466
0.394,-31.569763,-38.80156209
0.395,-31.550198,-38.81993332
0.396,-31.661276,-38.83650432
0.397,-31.738748,-38.85127118
0.398,-31.831215,-38.86423013
0.399,-31.906391,-38.87537755
0.4,-32.051626,-38.88470997
0.401,-32.204564,-38.89222405
0.402,-32.462994,-38.89791662
0.403,-32.657751,-38.90178463
0.404,-32.988811,-38.90382517
0.405,-33.247304,-38.90403551
0.406,-33.469396,-38.90241304
0.407,-33.471291,-38.89895529
0.408,-33.434867,-38.89365996
0.409,-33.463041,-38.88652488
0.41,-33.49395,-38.87754803
0.411,-33.339375,-38.86672754
0.412,-33.081928,-38.85406168
0.413,-32.594864,-38.83954888
0.414,-32.18314,-38.8231877
0.415,-31.864877,-38.80497687
0.416,-31.65429,-38.78491524
0.417,-31.530717,-38.76300183
0.418,-31.418762,-38.73923581
0.419,-31.346604,-38.71361648
0.42,-31.355841,-38.6861433
0.421,-31.445391,-38.65681587
0.422,-31.538492,-38.62563395
0.423,-31.614939,-38.59259745
0.424,-31.602189,-38.5577064
0.425,-31.516069,-38.52096103
0.426,-31.462831,-38.48236166
0.427,-31.439207,-38.4419088
0.428,-31.444724,-38.39960309
0.429,-31.456198,-38.35544533
0.43,-31.314141,-38.30943646
0.431,-31.049334,-38.26157757
0.432,-30.839443,-38.21186989
0.433,-30.492359,-38.16031482
0.434,-30.241561,-38.10691389
0.435,-30.068579,-38.05166878
0.436,-29.911724,-37.99458132
0.437,-29.761403,-37.9356535
0.438,-29.591417,-37.87488743
0.439,-29.484673,-37.81228539
0.44,-29.521046,-37.74784981
0.441,-29.706001,-37.68158324
0.442,-30.036116,-37.61348841
0.443,-30.392709,-37.54356818
0.444,-30.803307,-37.47182555
0.445,-31.079698,-37.39826368
0.446,-31.238091,-37.32288586
0.447,-31.278518,-37.24569556
0.448,-31.295496,-37.16669635
0.449,-31.274381,-37.08589197
0.45,-31.222413,-37.00328631
0.451,-30.932131,-36.91888339
0.452,-30.854853,-36.83268738
0.453,-30.736139,-36.7447026
0.454,-30.730919,-36.6549335
0.455,-30.69349,-36.56338469
0.456,-30.812037,-36.4700609
0.457,-30.937719,-36.37496703
0.458,-31.045322,-36.2781081
0.459,-31.096928,-36.17948929
0.46,-31.123166,-36.07911589
0.461,-31.234523,-35.97699338
0.462,-31.300591,-35.87312733
0.463,-34.137893,-35.76752348
0.464,-34.267839,-35.66018771
0.465,-34.392389,-35.55112602
0.466,-34.522702,-35.44034455
0.467,-34.694584,-35.32784961
0.468,-34.901532,-35.2136476
0.469,-35.136465,-35.0977451
0.47,-35.372901,-34.9801488
0.471,-35.583373,-34.86086554
0.472,-35.811388,-34.73990227
0.473,-36.125015,-34.6172661
0.474,-36.39323,-34.49296428
0.475,-36.648301,-34.36700417
0.476,-36.90023,-34.23939327
0.477,-36.961097,-34.11013922
0.478,-34.049861,-33.97924978
0.479,-34.330547,-33.84673286
0.48,-34.492726,-33.71259647
0.481,-34.637738,-33.57684879
0.482,-34.740294,-33.43949808
0.483,-34.673031,-33.30055278
0.484,-34.466859,-33.16002141
0.485,-34.147856,-33.01791265
0.486,-33.958151,-32.87423529
0.487,-33.749912,-32.72899826
0.488,-36.52045,-32.58221059
0.489,-36.389513,-32.43388145
0.49,-36.261484,-32.28402013
0.491,-36.178335,-32.13263606
0.492,-36.15486,-31.97973875
0.493,-36.05369,-31.82533788
0.494,-36.26738,-31.6694432
0.495,-36.608516,-31.51206462
0.496,-36.909448,-31.35321214
0.497,-37.146654,-31.1928959
0.498,-37.310338,-31.03112615
0.499,-37.270983,-30.86791323
0.5,-37.182509,-30.70326764
0.501,-37.102311,-30.53719995
0.502,-37.068238,-30.36972088
0.503,-36.877757,-30.20084123
0.504,-36.533373,-30.03057193
0.505,-35.954845,-29.85892401
0.506,-35.275289,-29.68590863
0.507,-34.446069,-29.51153703
0.508,-33.724625,-29.33582058
0.509,-33.052239,-29.15877073
0.51,-32.608525,-28.98039908
0.511,-32.311686,-28.80071728
0.512,-32.151855,-28.61973712
0.513,-32.2841,-28.43747048
0.514,-32.645285,-28.25392935
0.515,-33.0871,-28.06912581
0.516,-33.54751,-27.88307204
0.517,-34.007747,-27.69578033
0.518,-34.205238,-27.50726305
0.519,-34.210727,-27.31753268
0.52,-33.930396,-27.12660179
0.521,-33.381628,-26.93448305
0.522,-32.57645,-26.74118921
0.523,-31.673267,-26.54673311
0.524,-30.562381,-26.35112771
0.525,-29.490759,-26.15438603
0.526,-28.502319,-25.95652119
0.527,-27.579601,-25.75754639
0.528,-26.715441,-25.55747493
0.529,-25.901938,-25.35632019
0.53,-25.15314,-25.15409562
0.531,-24.499159,-24.95081478
0.532,-23.869106,-24.74649128
0.533,-23.434834,-24.54113884
0.534,-22.905238,-24.33477124
0.535,-22.398825,-24.12740234
0.536,-21.903701,-23.9190461
0.537,-21.409693,-23.70971652
0.538,-20.898751,-23.4994277
0.539,-20.532497,-23.28819381
0.54,-20.175912,-23.07602908
0.541,-19.768982,-22.86294782
0.542,-19.545777,-22.64896441
0.543,-19.183948,-22.43409331
0.544,-18.900488,-22.21834902
0.545,-18.760823,-22.00174613
0.546,-17.785059,-21.78429928
0.547,-17.894284,-21.56602319
0.548,-18.191266,-21.34693263
0.549,-19.781428,-21.12704243
0.55,-20.344005,-20.90636749
0.551,-21.068171,-20.68492275
0.552,-21.786369,-20.46272324
0.553,-22.46175,-20.239784
0.554,-22.931644,-20.01612017
0.555,-22.998184,-19.79174693
0.556,-23.067741,-19.56667948
0.557,-23.073226,-19.34093312
0.558,-23.038539,-19.11452318
0.559,-22.944587,-18.88746501
0.56,-22.774279,-18.65977406
0.561,-22.483756,-18.43146578
0.562,-22.044949,-18.20255569
0.563,-21.491683,-17.97305934
0.564,-21.147058,-17.74299234
0.565,-20.965519,-17.51237031
0.566,-20.997297,-17.28120894
0.567,-21.117243,-17.04952394
0.568,-21.230356,-16.81733105
0.569,-21.357847,-16.58464607
0.57,-21.486303,-16.35148482
0.571,-21.650547,-16.11786314
0.572,-21.912075,-15.88379692
0.573,-22.269536,-15.64930207
0.574,-22.473069,-15.41439453
0.575,-22.564923,-15.17909027
0.576,-22.531867,-14.94340528
0.577,-22.38836,-14.70735558
0.578,-22.099155,-14.4709572
0.579,-21.699998,-14.23422621
0.58,-21.492321,-13.99717869
0.581,-21.161739,-13.75983074
0.582,-20.919896,-13.52219847
0.583,-20.722221,-13.28429803
0.584,-20.57336,-13.04614554
0.585,-20.382649,-12.80775719
0.586,-20.122063,-12.56914913
0.587,-19.839037,-12.33033756
0.588,-19.577565,-12.09133866
0.589,-19.318857,-11.85216863
0.59,-19.026248,-11.61284368
0.591,-18.677011,-11.37338002
0.592,-18.369592,-11.13379386
0.593,-18.117903,-10.89410143
0.594,-17.980803,-10.65431893
0.595,-17.960992,-10.41446258
0.596,-18.033658,-10.1745486
0.597,-18.177866,-9.934593199
0.598,-18.471724,-9.69461258
0.599,-18.760937,-9.454622945
0.6,-19.073523,-9.214640486
0.601,-19.359831,-8.974681386
0.602,-19.58791,-8.734761817
0.603,-19.782753,-8.494897942
0.604,-19.766993,-8.255105907
0.605,-19.715492,-8.015401847
0.606,-19.513905,-7.775801879
0.607,-19.209197,-7.536322104
0.608,-18.83793,-7.296978604
0.609,-18.348062,-7.057787441
0.61,-17.841015,-6.818764656
0.611,-17.27243,-6.579926265
0.612,-16.660001,-6.341288264
0.613,-11.296898,-6.102866621
0.614,-10.67017,-5.864677277
0.615,-10.046452,-5.626736146
0.616,-9.504829,-5.389059111
0.617,-9.112903,-5.151662027
0.618,-8.791969,-4.914560713
0.619,-12.390207,-4.677770958
0.62,-12.093205,-4.441308514
0.621,-11.926505,-4.205189097
0.622,-11.862469,-3.969428386
0.623,-12.016065,-3.734042021
0.624,-12.175266,-3.4990456
0.625,-12.312351,-3.264454683
0.626,-12.434869,-3.030284784
0.627,-12.454587,-2.796551374
0.628,-12.522063,-2.563269879
0.629,-12.705031,-2.330455677
0.63,-12.907055,-2.098124098
0.631,-13.062565,-1.866290424
0.632,-13.206323,-1.634969885
0.633,-13.291648,-1.404177658
0.634,-13.357121,-1.173928869
0.635,-13.409816,-0.944238589
0.636,-8.055992,-0.71512183
0.637,-13.377237,-0.486593551
0.638,-13.363688,-0.258668651
0.639,-13.148273,-0.031361968
0.64,-12.781977,0.195311719
0.641,-12.27097,0.421337695
0.642,-11.685468,0.646701307
0.643,-11.006187,0.871387967
0.644,-10.445023,1.095383153
0.645,-10.013065,1.318672411
0.646,-9.694054,1.541241355
0.647,-4.915523,1.763075667
0.648,-4.865307,1.984161102
0.649,-4.858209,2.204483486
0.65,-4.745912,2.424028718
0.651,-4.836393,2.642782772
0.652,-4.890744,2.860731698
0.653,-4.926355,3.077861622
0.654,-4.757241,3.294158747
0.655,-4.681676,3.509609357
0.656,-4.427937,3.724199816
0.657,-4.157451,3.937916568
0.658,-3.949543,4.150746141
0.659,-3.786642,4.362675146
0.66,-3.571133,4.57369028
0.661,-3.287238,4.783778323
0.662,-3.031106,4.992926146
0.663,-2.941728,5.201120706
0.664,-2.612287,5.408349049
0.665,-2.416306,5.614598312
0.666,-2.221425,5.819855723
0.667,-1.892391,6.024108604
0.668,-1.483004,6.227344369
0.669,-1.223647,6.429550527
0.67,-0.723876,6.630714682
0.671,-0.350463,6.830824537
0.672,0.109913,7.029867891
0.673,0.437394,7.227832642
0.674,0.869847,7.424706788
0.675,1.349527,7.620478428
0.676,1.837187,7.815135762
0.677,2.284552,8.008667095
0.678,3.031058,8.201060832
0.679,3.433277,8.392305486
0.68,3.860427,8.582389675
0.681,4.039457,8.771302123
0.682,4.492528,8.959031662
0.683,4.721177,9.145567232
0.684,4.820417,9.330897884
0.685,4.956465,9.515012778
0.686,4.888352,9.697901185
0.687,4.865426,9.879552489
0.688,4.793026,10.05995619
0.689,4.738717,10.23910189
0.69,3.582813,10.41697932
0.691,3.567194,10.59357833
0.692,3.425961,10.76888886
0.693,3.301459,10.942901
0.694,4.42599,11.11560493
0.695,4.496213,11.28699098
0.696,4.724534,11.45704956
0.697,4.899216,11.62577124
0.698,5.159586,11.79314669
0.699,5.459425,11.9591667
0.7,5.878231,12.12382219
0.701,6.124429,12.28710421
0.702,6.496462,12.44900391
0.703,6.700508,12.6095126
0.704,6.852153,12.76862169
0.705,7.019744,12.92632272
0.706,7.240919,13.08260736
0.707,7.547782,13.23746742
0.708,7.712809,13.39089482
0.709,7.530747,13.54288162
0.71,7.493783,13.69342
0.711,7.34419,13.84250228
0.712,7.565173,13.99012091
0.713,7.769314,14.13626846
0.714,7.964086,14.28093766
0.715,8.053235,14.42412134
0.716,8.129366,14.56581249
0.717,8.16601,14.70600421
0.718,8.199772,14.84468975
0.719,8.298237,14.98186249
0.72,8.45042,15.11751596
0.721,8.542682,15.2516438
0.722,8.658222,15.38423981
0.723,8.727974,15.51529792
0.724,8.896451,15.64481218
0.725,9.00541,15.7727768
0.726,8.86654,15.89918612
0.727,8.939813,16.02403464
0.728,9.106379,16.14731695
0.729,9.419023,16.26902783
0.73,9.868642,16.38916218
0.731,10.165883,16.50771503
0.732,10.320793,16.62468157
0.733,10.486424,16.74005713
0.734,10.573943,16.85383716
0.735,10.832889,16.96601727
0.736,11.026079,17.07659323
0.737,11.147061,17.1855609
0.738,11.261579,17.29291635
0.739,11.190498,17.39865573
0.74,11.001621,17.50277538
0.741,10.73658,17.60527176
0.742,10.484028,17.70614149
0.743,10.371139,17.80538131
0.744,10.224299,17.90298813
0.745,10.250947,17.99895899
0.746,10.377386,18.09329109
0.747,10.666956,18.18598175
0.748,10.997931,18.27702846
0.749,11.391994,18.36642885
0.75,11.900411,18.45418068
0.751,12.486782,18.54028187
0.752,13.131872,18.62473049
0.753,13.784035,18.70752475
0.754,14.372454,18.78866301
0.755,14.825998,18.86814376
0.756,15.1165,18.94596565
0.757,15.213488,19.02212749
0.758,15.283839,19.09662821
0.759,15.290061,19.1694669
0.76,15.325743,19.2406428
0.761,15.491455,19.31015529
0.762,15.630474,19.37800389
0.763,15.750003,19.44418828
0.764,15.996067,19.50870829
0.765,16.414292,19.57156388
0.766,16.917435,19.63275516
0.767,17.35674,19.6922824
0.768,17.649143,19.75014601
0.769,17.747064,19.80634653
0.77,17.658311,19.86088467
0.771,17.336908,19.91376127
0.772,16.97284,19.96497732
0.773,16.377132,20.01453397
0.774,15.598303,20.06243249
0.775,14.941705,20.10867431
0.776,14.571492,20.153261
0.777,14.519113,20.19619429
0.778,14.465535,20.23747604
0.779,14.515592,20.27710825
0.78,14.65598,20.31509307
0.781,14.876133,20.35143281
0.782,15.189576,20.3861299
0.783,15.553628,20.41918693
0.784,16.028982,20.45060663
0.785,16.328646,20.48039185
0.786,16.560185,20.50854563
0.787,16.800526,20.5350711
0.788,17.120166,20.55997157
0.789,17.608694,20.58325048
0.79,17.605969,20.60491141
0.791,17.555979,20.62495808
0.792,17.508857,20.64339435
0.793,17.476876,20.66022422
0.794,17.473791,20.67545184
0.795,17.300057,20.68908148
0.796,17.193111,20.70111757
0.797,16.957607,20.71156466
0.798,16.686576,20.72042746
0.799,16.602696,20.72771079
0.8,16.629121,20.73341962
0.801,16.690151,20.73755907
0.802,16.68631,20.74013437
0.803,16.768501,20.74115091
0.804,16.839359,20.7406142
0.805,16.818891,20.73852989
0.806,16.752466,20.73490376
0.807,16.700668,20.72974173
0.808,16.577944,20.72304985
0.809,16.536394,20.71483429
0.81,16.551616,20.70510138
0.811,16.605668,20.69385755
0.812,16.809433,20.68110937
0.813,17.06813,20.66686356
0.814,17.321768,20.65112694
0.815,17.668545,20.63390648
0.816,18.052487,20.61520926
0.817,18.068492,20.59504249
0.818,18.246057,20.57341353
0.819,18.317301,20.55032984
0.82,18.281143,20.52579901
0.821,18.235519,20.49982876
0.822,18.280735,20.47242693
0.823,18.282507,20.44360148
0.824,18.365717,20.4133605
0.825,18.352614,20.38171219
0.826,18.344218,20.34866489
0.827,18.350943,20.31422703
0.828,18.385329,20.27840718
0.829,18.462721,20.24121403
0.83,18.678718,20.20265637
0.831,18.922428,20.16274312
0.832,19.335221,20.12148332
0.833,19.409875,20.07888612
0.834,19.356829,20.03496076
0.835,19.266262,19.98971663
0.836,19.165648,19.94316321
0.837,19.155855,19.8953101
0.838,19.167635,19.84616701
0.839,19.282959,19.79574375
0.84,19.630554,19.74405025
0.841,19.798281,19.69109654
0.842,20.093801,19.63689275
0.843,20.453356,19.58144914
0.844,20.715233,19.52477606
0.845,21.011264,19.46688395
0.846,21.050269,19.40778337
0.847,21.285208,19.34748498
0.848,21.568315,19.28599953
0.849,21.897875,19.22333789
0.85,22.068622,19.15951102
0.851,22.143423,19.09452995
0.852,22.186467,19.02840586
0.853,22.029311,18.96114997
0.854,22.145861,18.89277364
0.855,22.264632,18.8232883
0.856,22.315531,18.75270547
0.857,22.346836,18.68103677
0.858,22.381474,18.60829392
0.859,22.37014,18.53448871
0.86,22.362759,18.45963302
0.861,22.323009,18.38373883
0.862,22.334564,18.3068182
0.863,22.610206,18.22888327
0.864,22.775148,18.14994626
0.865,23.066087,18.0700195
0.866,23.391771,17.98911536
0.867,23.555501,17.90724633
0.868,23.590489,17.82442494
0.869,23.551802,17.74066384
0.87,23.538577,17.65597571
0.871,23.483048,17.57037336
0.872,23.512696,17.48386962
0.873,23.542565,17.39647744
0.874,23.367433,17.3082098
0.875,23.088182,17.21907978
0.876,22.851591,17.12910052
0.877,22.690724,17.03828523
0.878,22.771368,16.94664719
0.879,22.964442,16.85419974
0.88,23.249516,16.76095628
0.881,23.516059,16.66693029
0.882,23.883728,16.57213529
0.883,24.200387,16.47658489
0.884,24.500954,16.38029273
0.885,24.71883,16.28327253
0.886,25.017192,16.18553806
0.887,25.411103,16.08710314
0.888,25.720486,15.98798165
0.889,25.954827,15.88818752
0.89,26.016909,15.78773474
0.891,25.745576,15.68663735
0.892,25.324463,15.58490943
0.893,24.744739,15.48256511
0.894,24.26364,15.37961858
0.895,23.82115,15.27608406
0.896,23.246161,15.17197583
0.897,22.554851,15.06730819
0.898,21.561471,14.9620955
0.899,20.763986,14.85635216
0.9,20.168714,14.7500926
0.901,19.737411,14.6433313
0.902,19.666662,14.53608276
0.903,19.607107,14.42836153
0.904,19.500109,14.32018219
0.905,19.461497,14.21155934
0.906,19.306788,14.10250763
0.907,19.143235,13.99304174
0.908,18.964055,13.88317635
0.909,18.347206,13.77292619
0.91,17.964179,13.66230602
0.911,17.644825,13.55133062
0.912,17.317474,13.44001478
0.913,16.971147,13.32837332
0.914,16.882961,13.21642109
0.915,16.956916,13.10417295
0.916,16.829555,12.99164377
0.917,16.987268,12.87884844
0.918,17.163659,12.76580189
0.919,17.342568,12.65251902
0.92,17.363464,12.53901477
0.921,17.172295,12.42530409
0.922,16.988985,12.31140193
0.923,16.682301,12.19732326
0.924,16.263084,12.08308304
0.925,15.799087,11.96869624
0.926,15.405009,11.85417785
0.927,15.104694,11.73954285
0.928,14.777283,11.62480621
0.929,14.633198,11.50998291
0.93,14.558278,11.39508795
0.931,14.48168,11.28013629
0.932,14.536208,11.1651429
0.933,14.505914,11.05012276
0.934,14.543131,10.93509082
0.935,14.519293,10.82006203
0.936,14.533089,10.70505134
0.937,14.611956,10.59007366
0.938,14.350899,10.47514393
0.939,14.029016,10.36027704
0.94,13.712683,10.24548788
0.941,13.364073,10.13079133
0.942,13.050171,10.01620223
0.943,12.87663,9.901735418
0.944,12.826502,9.78740571
0.945,12.735762,9.673227895
0.946,12.826498,9.559216741
0.947,12.516424,9.44538699
0.948,12.056855,9.331753359
0.949,11.883085,9.218330536
0.95,0.235022,9.105133182
0.951,-0.219049,8.992175927
0.952,-0.684962,8.87947337
0.953,10.592406,8.767040074
0.954,10.391586,8.654890572
0.955,10.284909,8.54303936
0.956,10.273866,8.431500897
0.957,10.389197,8.320289603
0.958,10.518342,8.209419859
0.959,10.86131,8.098906006
0.96,11.099392,7.988762342
0.961,11.434797,7.879003122
0.962,11.531065,7.769642556
0.963,11.643428,7.660694808
0.964,11.756895,7.552173996
0.965,11.763006,7.444094186
0.966,11.731822,7.336469398
0.967,11.709136,7.229313598
0.968,11.781999,7.122640701
0.969,11.755973,7.016464567
0.97,11.70497,6.910799003
0.971,11.639141,6.805657758
0.972,11.56904,6.701054524
0.973,11.482314,6.597002934
0.974,11.360824,6.493516561
0.975,11.183332,6.390608918
0.976,10.896186,6.288293452
0.977,10.639865,6.186583551
0.978,10.36688,6.085492535
0.979,10.11699,5.985033657
0.98,9.991511,5.885220106
0.981,9.990022,5.786064999
0.982,10.198772,5.687581386
0.983,10.48164,5.589782243
0.984,10.978949,5.492680477
0.985,11.521291,5.396288918
0.986,12.052685,5.300620325
0.987,12.258528,5.20568738
0.988,12.506469,5.111502686
0.989,12.463859,5.018078772
0.99,12.295743,4.925428084
0.991,12.281194,4.83356299
0.992,12.216663,4.742495775
0.993,12.06583,4.652238643
0.994,12.134167,4.562803714
0.995,11.983721,4.474203021
0.996,11.939491,4.386448514
0.997,11.872549,4.299552054
0.998,11.89482,4.213525415
0.999,11.985486,4.128380282
1,12.022135,4.044128248
1.001,11.877757,3.960780816
1.002,11.777194,3.878349397
1.003,11.523236,3.796845308
1.004,11.413822,3.716279771
1.005,10.978502,3.636663913
1.006,10.673329,3.558008764
1.007,10.566134,3.480325258
1.008,10.525147,3.403624229
1.009,10.593825,3.327916411
1.01,10.593576,3.253212439
1.011,10.709421,3.179522846
1.012,10.697751,3.106858062
1.013,11.060745,3.035228414
1.014,11.326475,2.964644124
1.015,11.574501,2.89511531
1.016,11.741463,2.826651982
1.017,11.697108,2.759264043
1.018,11.572083,2.692961291
1.019,11.304211,2.62775341
1.02,10.95474,2.563649978
1.021,10.547876,2.50066046
1.022,10.093132,2.438794212
1.023,10.031229,2.378060474
1.024,9.652295,2.318468374
1.025,9.299428,2.260026928
1.026,8.97851,2.202745033
1.027,8.596273,2.146631474
1.028,8.457046,2.091694916
1.029,8.411403,2.037943909
1.03,8.403846,1.985386884
1.031,8.451372,1.934032151
1.032,8.50203,1.883887903
1.033,8.495473,1.834962212
1.034,8.367059,1.787263026
1.035,8.191703,1.740798174
1.036,7.879521,1.695575361
1.037,7.488757,1.651602168
1.038,7.150518,1.608886053
1.039,-5.662868,1.567434347
1.04,-6.314303,1.527254258
1.041,-7.086369,1.488352866
1.042,-7.898059,1.450737124
1.043,-8.62042,1.414413859
1.044,-9.174887,1.379389768
1.045,-9.495074,1.345671419
1.046,-9.64563,1.313265253
1.047,-9.752898,1.282177579
1.048,-9.895972,1.252414575
1.049,-10.034358,1.223982288
1.05,-10.006091,1.196886635
1.051,-10.089987,1.171133398
1.052,-10.174261,1.146728228
1.053,-10.372884,1.123676641
1.054,-10.743942,1.101984021
1.055,-11.096004,1.081655616
1.056,-11.530159,1.062696539
1.057,-12.003897,1.045111769
1.058,-12.44662,1.028906148
1.059,-12.826576,1.01408438
1.06,-13.190575,1.000651036
1.061,-13.303006,0.988610547
1.062,-13.26655,0.977967206
1.063,-13.099007,0.96872517
1.064,-12.775383,0.960888456
1.065,-12.461698,0.954460942
1.066,-12.073797,0.949446367
1.067,-11.614864,0.945848331
1.068,-11.123477,0.943670294
1.069,-10.652285,0.942915574
1.07,-10.30716,0.943587351
1.071,-10.127529,0.945688662
1.072,-10.090029,0.949222403
1.073,-10.059564,0.954191329
1.074,-10.091517,0.960598054
1.075,-10.095229,0.968445048
1.076,1.19476,0.977734641
1.077,1.242392,0.988469018
1.078,1.388922,1.000650222
1.079,1.401289,1.014280154
1.08,1.478387,1.029360572
1.081,1.667508,1.045893089
1.082,1.867325,1.063879175
1.083,1.766664,1.083320157
1.084,1.793576,1.104217218
1.085,1.709631,1.126571397
1.086,1.689871,1.150383588
1.087,1.467619,1.175654541
1.088,1.047417,1.202384864
1.089,0.757208,1.230575017
1.09,0.478426,1.260225319
1.091,0.169965,1.291335942
1.092,-0.438169,1.323906914
1.093,-0.899647,1.357938119
1.094,-11.458629,1.393429297
1.095,-12.077313,1.430380042
1.096,-12.609395,1.468789803
1.097,-12.911149,1.508657887
1.098,-13.311041,1.549983453
1.099,-13.578423,1.59276552
1.1,-13.719205,1.637002957
1.101,-13.484182,1.682694494
1.102,-12.843704,1.729838713
1.103,-12.017948,1.778434054
1.104,-11.32978,1.828478812
1.105,-2.216891,1.879971137
1.106,-10.857405,1.932909038
1.107,-10.659613,1.987290378
1.108,-10.386611,2.043112878
1.109,-10.153413,2.100374113
1.11,-10.122325,2.15907152
1.111,-10.080462,2.219202387
1.112,-10.190376,2.280763865
1.113,-10.273454,2.343752957
1.114,-10.178566,2.408166529
1.115,-9.731088,2.474001302
1.116,-9.08108,2.541253855
1.117,-8.29179,2.609920627
1.118,-7.525887,2.679997916
1.119,-6.835405,2.751481878
1.12,-6.095571,2.824368529
1.121,0.711829,2.898653744
1.122,1.042655,2.974333261
1.123,1.321278,3.051402675
1.124,1.533085,3.129857443
1.125,1.704043,3.209692885
1.126,1.850223,3.290904181
1.127,1.991982,3.373486373
1.128,2.084346,3.457434365
1.129,2.029344,3.542742926
1.13,1.842598,3.629406686
1.131,1.883784,3.71742014
1.132,1.971174,3.806777647
1.133,2.10807,3.897473432
1.134,2.339463,3.989501583
1.135,2.092033,4.082856054
1.136,2.381743,4.177530667
1.137,2.766146,4.27351911
1.138,3.199023,4.370814937
1.139,3.699507,4.469411571
1.14,4.047075,4.569302304
1.141,4.693073,4.670480295
1.142,5.396528,4.772938575
1.143,6.088663,4.876670044
1.144,6.660839,4.981667472
1.145,7.262791,5.087923502
1.146,7.822044,5.195430647
1.147,8.177608,5.304181294
1.148,8.399362,5.414167705
1.149,8.370068,5.525382011
1.15,8.370027,5.637816223
1.151,8.416837,5.751462225
1.152,8.477665,5.866311776
1.153,8.626269,5.982356514
1.154,8.255472,6.099587953
1.155,8.453899,6.217997486
1.156,8.511401,6.337576384
1.157,8.846773,6.458315798
1.158,9.288429,6.58020676
1.159,9.651588,6.703240184
1.16,9.584462,6.827406863
1.161,10.234915,6.952697477
1.162,10.818073,7.079102586
1.163,11.338128,7.206612636
1.164,11.872476,7.335217959
1.165,12.412913,7.464908772
1.166,12.843517,7.59567518
1.167,13.232582,7.727507173
1.168,13.512406,7.860394634
1.169,14.082444,7.994327332
1.17,14.524716,8.129294929
1.171,15.027272,8.265286977
1.172,15.520085,8.40229292
1.173,15.940321,8.540302096
1.174,16.402515,8.679303737
1.175,16.828117,8.819286969
1.176,17.142655,8.960240816
1.177,17.625857,9.102154198
1.178,17.86985,9.245015931
1.179,18.390329,9.388814733
1.18,18.920245,9.533539221
1.181,19.456331,9.679177912
1.182,19.75124,9.825719224
1.183,19.980017,9.973151481
1.184,19.839019,10.12146291
1.185,20.118808,10.27064164
1.186,20.082804,10.4206757
1.187,19.994915,10.57155305
1.188,19.932811,10.72326154
1.189,20.046724,10.87578892
1.19,20.169844,11.02912286
1.191,20.304025,11.18325096
1.192,20.843079,11.3381607
1.193,21.544124,11.49383949
1.194,22.341657,11.65027466
1.195,23.192354,11.80745345
1.196,24.082011,11.96536301
1.197,24.929371,12.12399041
1.198,25.698596,12.28332264
1.199,26.323346,12.44334663
1.2,26.744787,12.6040492
1.201,26.996869,12.76541711
1.202,27.080327,12.92743704
1.203,27.076412,13.09009559
1.204,26.761139,13.2533793
1.205,26.707592,13.41727462
1.206,26.589049,13.58176795
1.207,26.205392,13.74684558
1.208,25.974447,13.91249378
1.209,25.946041,14.07869873
1.21,25.972238,14.24544652
1.211,26.062814,14.41272322
1.212,26.24479,14.58051479
1.213,26.432247,14.74880717
1.214,26.559623,14.9175862
1.215,26.83612,15.08683769
1.216,27.244721,15.25654736
1.217,27.516459,15.4267009
1.218,27.883731,15.59728394
1.219,28.154739,15.76828202
1.22,28.675411,15.93968068
1.221,28.778825,16.11146535
1.222,28.888033,16.28362146
1.223,28.915659,16.45613436
1.224,28.918889,16.62898935
1.225,28.784883,16.8021717
1.226,28.563976,16.97566661
1.227,28.443049,17.14945925
1.228,28.317574,17.32353475
1.229,28.390104,17.49787818
1.23,28.543865,17.67247459
1.231,28.847394,17.84730896
1.232,29.225617,18.02236627
1.233,29.563643,18.19763143
1.234,29.975703,18.37308933
1.235,30.234164,18.54872482
1.236,30.67441,18.72452272
1.237,31.107862,18.90046781
1.238,31.580463,19.07654484
1.239,31.665257,19.25273855
1.24,31.965151,19.42903363
1.241,32.106171,19.60541476
1.242,32.103622,19.78186656
1.243,32.497228,19.95837367
1.244,32.624845,20.13492069
1.245,32.70135,20.31149219
1.246,32.777683,20.48807273
1.247,32.955823,20.66464684
1.248,32.922998,20.84119905
1.249,33.031775,21.01771386
1.25,33.09639,21.19417576
1.251,33.267646,21.37056924
1.252,33.538141,21.54687875
1.253,33.678622,21.72308875
1.254,33.73263,21.89918369
1.255,33.86008,22.07514801
1.256,34.02162,22.25096613
1.257,34.158263,22.42662249
1.258,34.252578,22.60210151
1.259,34.365193,22.7773876
1.26,34.478623,22.95246521
1.261,34.600275,23.12731873
1.262,34.665918,23.3019326
1.263,34.653039,23.47629124
1.264,34.485754,23.65037909
1.265,34.143264,23.82418058
1.266,33.665364,23.99768016
1.267,33.180164,24.17086228
1.268,32.816478,24.3437114
1.269,32.820696,24.51621201
1.27,32.694443,24.68834859
1.271,32.688814,24.86010564
1.272,32.801569,25.03146768
1.273,33.002369,25.20241926
1.274,33.239778,25.37294491
1.275,33.611787,25.54302922
1.276,34.052533,25.71265679
1.277,34.351734,25.88181222
1.278,34.469901,26.05048017
1.279,34.453416,26.2186453
1.28,34.370611,26.3862923
1.281,34.277499,26.5534059
1.282,34.280675,26.71997084
1.283,34.309025,26.88597192
1.284,34.418603,27.05139393
1.285,34.516972,27.21622174
1.286,34.587182,27.38044022
1.287,34.451822,27.5440343
1.288,34.629875,27.70698892
1.289,34.806238,27.86928908
1.29,34.910971,28.03091982
1.291,34.937066,28.19186621
1.292,34.967672,28.35211337
1.293,34.881756,28.51164646
1.294,34.720861,28.6704507
1.295,34.617868,28.82851134
1.296,34.320051,28.98581367
1.297,34.077023,29.14234306
1.298,33.870774,29.29808491
1.299,33.724182,29.45302466
1.3,33.670846,29.60714784
1.301,33.637049,29.76043999
1.302,33.709506,29.91288675
1.303,33.733431,30.06447378
1.304,33.837969,30.21518682
1.305,33.834307,30.36501166
1.306,33.787589,30.51393416
1.307,33.520681,30.66194023
1.308,33.138561,30.80901585
1.309,32.411651,30.95514708
1.31,32.056212,31.10032
1.311,31.480358,31.24452082
1.312,30.972525,31.38773576
1.313,30.099012,31.52995116
1.314,29.829567,31.67115338
1.315,29.664979,31.81132889
1.316,29.597965,31.95046423
1.317,29.623887,32.08854599
1.318,30.126003,32.22556086
1.319,30.380358,32.3614956
1.32,30.710019,32.49633704
1.321,30.830828,32.63007209
1.322,30.809673,32.76268776
1.323,30.712564,32.89417113
1.324,30.642186,33.02450934
1.325,30.627689,33.15368964
1.326,30.646005,33.28169937
1.327,30.700308,33.40852593
1.328,30.727353,33.53415683
1.329,29.597859,33.65857966
1.33,29.520413,33.78178209
1.331,29.449932,33.9037519
1.332,29.457229,34.02447695
1.333,29.498093,34.14394519
1.334,29.586599,34.26214467
1.335,29.688435,34.37906352
1.336,29.845235,34.49469
1.337,30.071253,34.60901244
1.338,30.187472,34.72201926
1.339,30.293575,34.83369901
1.34,30.369006,34.94404031
1.341,30.454124,35.05303189
1.342,30.580612,35.1606626
1.343,30.761089,35.26692137
1.344,30.96245,35.37179725
1.345,31.070502,35.47527937
1.346,31.090496,35.577357
1.347,31.151331,35.6780195
1.348,31.210487,35.77725633
1.349,31.263279,35.87505708
1.35,31.269672,35.97141142
1.351,31.226125,36.06630917
1.352,31.233081,36.15974022
1.353,31.100328,36.2516946
1.354,30.96008,36.34216245
1.355,30.805618,36.43113402
1.356,30.675333,36.51859967
1.357,30.544915,36.60454988
1.358,30.484967,36.68897526
1.359,30.510929,36.77186651
1.36,30.62557,36.85321448
1.361,30.76255,36.93301013
1.362,30.833557,37.01124451
1.363,30.950863,37.08790884
1.364,31.084069,37.16299442
1.365,31.167625,37.23649271
1.366,31.12754,37.30839526
1.367,31.112716,37.37869376
1.368,31.069584,37.44738003
1.369,30.996168,37.514446
1.37,30.886,37.57988375
1.371,30.768742,37.64368545
1.372,30.735163,37.70584345
1.373,30.720755,37.76635017
1.374,30.746934,37.82519821
1.375,30.821535,37.88238027
1.376,30.933552,37.93788919
1.377,31.064008,37.99171794
1.378,31.244712,38.04385963
1.379,31.45188,38.09430748
1.38,31.726866,38.14305487
1.381,31.951949,38.1900953
1.382,32.043271,38.23542241
1.383,31.955064,38.27902996
1.384,31.827166,38.32091186
1.385,31.723528,38.36106216
1.386,31.647465,38.39947504
1.387,31.586373,38.43614481
1.388,31.32573,38.47106592
1.389,33.42912,38.50423298
1.39,33.388133,38.53564071
1.391,33.421794,38.56528398
1.392,33.612223,38.5931578
1.393,33.974976,38.61925732
1.394,34.419452,38.64357784
1.395,34.846343,38.66611478
1.396,35.231733,38.68686373
1.397,35.554577,38.70582038
1.398,35.786332,38.72298061
1.399,35.912676,38.73834042
1.4,36.219813,38.75189594
1.401,36.270764,38.76364346
1.402,36.302125,38.77357942
1.403,33.457891,38.78170038
1.404,33.275391,38.78800307
1.405,33.023872,38.79248436
1.406,32.958409,38.79514124
1.407,32.899742,38.79597088
1.408,32.956296,38.79497058
1.409,33.135416,38.79213777
1.41,33.254718,38.78747006
1.411,33.312942,38.78096518
1.412,33.388388,38.77262101
1.413,33.566407,38.7624356
1.414,33.777552,38.75040711
1.415,34.119656,38.73653387
1.416,34.329702,38.72081436
1.417,34.390654,38.70324719
1.418,34.273262,38.68383114
1.419,33.946275,38.66256513
1.42,33.67696,38.63944821
1.421,33.478212,38.61447959
1.422,33.353492,38.58765865
1.423,33.279466,38.55898489
1.424,33.173994,38.52845796
1.425,33.061464,38.49607768
1.426,33.145771,38.46184398
1.427,33.26704,38.42575699
1.428,33.395847,38.38781694
1.429,33.518946,38.34802425
1.43,33.543076,38.30637945
1.431,33.500021,38.26288324
1.432,33.442853,38.21753647
1.433,33.255567,38.17034012
1.434,33.006717,38.12129535
1.435,32.814641,38.07040344
1.436,32.585204,38.01766583
1.437,32.429327,37.96308411
1.438,32.321789,37.90666
1.439,32.25789,37.8483954
1.44,32.157988,37.78829232
1.441,31.952904,37.72635295
1.442,31.700725,37.66257961
1.443,31.36101,37.59697478
1.444,30.932441,37.52954107
1.445,30.448587,37.46028124
1.446,29.924313,37.38919821
1.447,29.389909,37.31629505
1.448,28.796813,37.24157494
1.449,28.143932,37.16504125
1.45,27.475604,37.08669746
1.451,26.890851,37.00654723
1.452,26.60644,36.92459433
1.453,26.406308,36.8408427
1.454,26.360068,36.75529641
1.455,26.443402,36.66795969
1.456,26.438092,36.5788369
1.457,26.356919,36.48793254
1.458,26.262147,36.39525127
1.459,26.399613,36.30079787
1.46,26.583471,36.20457729
1.461,26.546131,36.1065946
1.462,26.411913,36.00685502
1.463,26.285757,35.9053639
1.464,25.999065,35.80212676
1.465,25.796542,35.69714922
1.466,25.753493,35.59043708
1.467,25.789805,35.48199624
1.468,25.816299,35.37183277
1.469,25.782092,35.25995287
1.47,25.719389,35.14636286
1.471,25.619092,35.03106922
1.472,25.638452,34.91407856
1.473,25.769319,34.79539762
1.474,25.765045,34.67503328
1.475,25.659338,34.55299255
1.476,25.376114,34.42928259
1.477,24.952057,34.30391068
1.478,24.666102,34.17688423
1.479,24.254973,34.04821079
1.48,23.994949,33.91789804
1.481,23.756209,33.7859538
1.482,23.518635,33.652386
1.483,24.817988,33.51720273
1.484,22.88636,33.38041217
1.485,22.601647,33.24202267
1.486,22.318626,33.10204268
1.487,22.067771,32.96048078
1.488,21.852031,32.81734569
1.489,21.638171,32.67264624
1.49,21.672504,32.5263914
1.491,21.62169,32.37859026
1.492,21.587681,32.22925202
1.493,21.745577,32.07838603
1.494,21.975327,31.92600173
1.495,22.228327,31.77210869
1.496,24.135264,31.61671663
1.497,24.560207,31.45983535
1.498,24.923153,31.30147479
1.499,25.180322,31.141645
1.5,25.295752,30.98035615
1.501,25.32321,30.81761853
1.502,25.332905,30.65344254
1.503,25.217403,30.48783869
1.504,25.288512,30.32081762
1.505,25.283447,30.15239006
1.506,25.189981,29.98256686
1.507,25.076448,29.811359
1.508,24.775882,29.63877755
1.509,24.537817,29.46483369
1.51,24.559111,29.2895387
1.511,24.406904,29.112904
1.512,24.175278,28.93494107
1.513,23.861591,28.75566154
1.514,23.603087,28.57507711
1.515,23.580677,28.3931996
1.516,23.759226,28.21004093
1.517,24.091247,28.02561312
1.518,24.52099,27.83992828
1.519,25.014967,27.65299863
1.52,25.668322,27.4648365
1.521,26.273384,27.27545429
1.522,26.921667,27.08486452
1.523,27.463539,26.89307978
1.524,27.897931,26.70011277
1.525,28.085775,26.50597629
1.526,28.152093,26.31068322
1.527,27.924512,26.11424653
1.528,27.557819,25.91667928
1.529,27.037323,25.71799461
1.53,26.373605,25.51820578
1.531,25.615712,25.31732609
1.532,24.812401,25.11536897
1.533,24.155399,24.91234789
1.534,23.665703,24.70827644
1.535,23.305956,24.50316827
1.536,23.049908,24.29703711
1.537,22.945594,24.08989678
1.538,22.933918,23.88176118
1.539,23.000755,23.67264428
1.54,23.116437,23.46256011
1.541,23.257263,23.2515228
1.542,23.255859,23.03954654
1.543,23.059946,22.8266456
1.544,22.781119,22.61283431
1.545,22.287049,22.39812708
1.546,21.776499,22.18253837
1.547,21.191977,21.96608274
1.548,20.689208,21.74877478
1.549,20.083075,21.53062917
1.55,19.580605,21.31166064
1.551,19.257156,21.09188398
1.552,18.995117,20.87131406
1.553,18.83501,20.64996578
1.554,18.737425,20.42785413
1.555,18.597556,20.20499413
1.556,18.502717,19.98140088
1.557,18.282128,19.75708951
1.558,17.896734,19.53207521
1.559,17.851964,19.30637324
1.56,17.817874,19.07999889
1.561,17.858296,18.85296751
1.562,17.974286,18.62529449
1.563,18.240003,18.39699527
1.564,18.649159,18.16808533
1.565,19.101808,17.93858022
1.566,19.511976,17.70849549
1.567,19.809419,17.47784676
1.568,19.869537,17.24664969
1.569,19.734387,17.01491997
1.57,19.359665,16.78267333
1.571,18.74996,16.54992552
1.572,18.04078,16.31669236
1.573,17.216915,16.08298968
1.574,16.185996,15.84883334
1.575,15.41976,15.61423923
1.576,14.516567,15.37922329
1.577,13.671669,15.14380145
1.578,12.957624,14.90798971
1.579,12.453809,14.67180407
1.58,12.175666,14.43526055
1.581,11.971576,14.1983752
1.582,11.855355,13.9611641
1.583,11.886158,13.72364333
1.584,12.041682,13.48582901
1.585,12.084791,13.24773726
1.586,12.126812,13.00938422
1.587,12.168876,12.77078604
1.588,12.135578,12.5319589
1.589,12.007254,12.29291898
1.59,11.736079,12.05368246
1.591,11.303529,11.81426554
1.592,10.793542,11.57468442
1.593,10.29734,11.33495532
1.594,9.874208,11.09509446
1.595,9.419282,10.85511805
1.596,9.054107,10.6150423
1.597,8.830453,10.37488345
1.598,8.760258,10.13465771
1.599,8.686506,9.8943813
1.6,8.597155,9.654070428
1.601,8.493494,9.413741304
1.602,8.322761,9.173410128
1.603,8.008501,8.933093095
1.604,7.852496,8.692806388
1.605,7.553236,8.452566178
1.606,7.206001,8.212388628
1.607,6.915603,7.972289884
1.608,6.625984,7.732286079
1.609,6.458663,7.492393328
1.61,6.468641,7.252627729
1.611,6.650768,7.013005363
1.612,6.925606,6.773542287
1.613,7.295918,6.534254538
1.614,3.853359,6.295158132
1.615,4.075644,6.056269057
1.616,4.13118,5.817603276
1.617,4.373013,5.579176727
1.618,4.437119,5.341005316
1.619,4.332942,5.103104923
1.62,4.134577,4.865491392
1.621,3.745935,4.628180539
1.622,3.398934,4.391188143
1.623,3.020646,4.154529948
1.624,2.621967,3.918221664
1.625,2.272997,3.682278959
1.626,1.794677,3.446717464
1.627,1.38913,3.21155277
1.628,0.94075,2.976800425
1.629,0.514262,2.742475932
1.63,-0.004686,2.508594752
1.631,-0.620488,2.2751723
1.632,-0.972399,2.042223941
1.633,-1.383712,1.809764996
1.634,-1.924416,1.57781073
1.635,-2.463476,1.346376363
1.636,-2.999659,1.115477059
1.637,-3.445665,0.88512793
1.638,-3.795511,0.65534403
1.639,-3.936658,0.42614036
1.64,-3.973829,0.197531863
1.641,-3.899796,-0.030466579
1.642,-3.786978,-0.257840142
1.643,-3.675046,-0.484574063
1.644,-3.530038,-0.710653645
1.645,-3.403187,-0.936064251
1.646,-3.402629,-1.16079131
1.647,-3.382076,-1.38482032
1.648,-3.441728,-1.608136842
1.649,-4.008683,-1.83072651
1.65,-4.667724,-2.052575026
1.651,-5.249812,-2.273668163
1.652,-5.864195,-2.493991767
1.653,-6.614975,-2.713531758
1.654,-7.193076,-2.93227413
1.655,-7.620268,-3.150204952
1.656,-8.067635,-3.367310373
1.657,-8.379346,-3.583576619
1.658,-8.326068,-3.798989993
1.659,-8.156623,-4.013536883
1.66,-7.84999,-4.227203756
1.661,-7.621289,-4.439977163
1.662,-7.461329,-4.651843738
1.663,-7.371982,-4.862790201
1.664,-7.474605,-5.072803359
1.665,-7.570673,-5.281870105
1.666,-7.746,-5.48997742
1.667,-8.250914,-5.697112378
1.668,-8.685866,-5.903262141
1.669,-9.043493,-6.108413962
1.67,-9.512849,-6.31255519
1.671,-9.895474,-6.515673265
1.672,-10.345772,-6.717755723
1.673,-10.639194,-6.918790197
1.674,-10.837904,-7.118764416
1.675,-10.855911,-7.317666207
1.676,-11.016253,-7.515483497
1.677,-10.895726,-7.712204312
1.678,-10.65255,-7.90781678
1.679,-10.394219,-8.102309132
1.68,-9.868626,-8.295669699
1.681,-9.68035,-8.48788692
1.682,-9.258702,-8.678949337
1.683,-8.944579,-8.868845597
1.684,-8.866786,-9.057564456
1.685,-8.715321,-9.245094777
1.686,-8.828059,-9.431425533
1.687,-8.954118,-9.616545804
1.688,-9.193704,-9.800444784
1.689,-9.473401,-9.983111775
1.69,-9.914775,-10.1645362
1.691,-10.57241,-10.34470757
1.692,-11.064958,-10.52361556
1.693,-11.58676,-10.7012499
1.694,-12.176629,-10.87760048
1.695,-12.617324,-11.05265729
1.696,-13.057406,-11.22641043
1.697,-13.161974,-11.39885014
1.698,-13.38174,-11.56996677
1.699,-13.557699,-11.73975077
1.7,-13.69302,-11.90819274
1.701,-13.849749,-12.07528338
1.702,-14.138533,-12.24101354
1.703,-14.380975,-12.40537416
1.704,-14.795165,-12.56835632
1.705,-15.226574,-12.72995122
1.706,-15.570615,-12.8901502
1.707,-15.93286,-13.0489447
1.708,-16.413164,-13.20632632
1.709,-16.916272,-13.36228675
1.71,-17.483383,-13.51681784
1.711,-17.926525,-13.66991155
1.712,-18.235325,-13.82155997
1.713,-18.316169,-13.97175533
1.714,-18.141675,-14.12048999
1.715,-18.151828,-14.26775643
1.716,-18.089168,-14.41354727
1.717,-18.208422,-14.55785526
1.718,-18.247443,-14.70067329
1.719,-18.234666,-14.84199437
1.72,-18.402725,-14.98181166
1.721,-18.360708,-15.12011845
1.722,-18.229042,-15.25690815
1.723,-18.097447,-15.39217432
1.724,-18.06956,-15.52591066
1.725,-18.151124,-15.658111
1.726,-18.35914,-15.78876931
1.727,-18.495022,-15.91787969
1.728,-18.631743,-16.04543639
1.729,-18.913305,-16.1714338
1.73,-19.295008,-16.29586642
1.731,-19.83319,-16.41872894
1.732,-20.433622,-16.54001614
1.733,-21.106346,-16.65972298
1.734,-21.742944,-16.77784453
1.735,-22.275064,-16.89437602
1.736,-23.040543,-17.00931281
1.737,-23.321566,-17.12265042
1.738,-23.450293,-17.23438449
1.739,-23.497112,-17.34451082
1.74,-23.3521,-17.45302534
1.741,-23.19446,-17.55992413
1.742,-22.800516,-17.66520341
1.743,-22.805445,-17.76885955
1.744,-22.936925,-17.87088906
1.745,-22.987236,-17.97128859
1.746,-23.179761,-18.07005495
1.747,-23.520486,-18.16718507
1.748,-23.860531,-18.26267604
1.749,-24.193357,-18.35652511
1.75,-24.660525,-18.44872963
1.751,-25.156837,-18.53928715
1.752,-25.660182,-18.62819534
1.753,-26.062826,-18.715452
1.754,-26.533444,-18.8010551
1.755,-26.937638,-18.88500274
1.756,-27.169598,-18.96729319
1.757,-27.28817,-19.04792484
1.758,-27.616093,-19.12689624
1.759,-27.805269,-19.20420609
1.76,-26.419084,-19.27985322
1.761,-28.02925,-19.35383661
1.762,-28.069021,-19.42615541
1.763,-26.555184,-19.49680889
1.764,-26.687486,-19.56579649
1.765,-26.717223,-19.63311776
1.766,-26.850481,-19.69877243
1.767,-26.939771,-19.76276037
1.768,-27.177292,-19.8250816
1.769,-29.172181,-19.88573626
1.77,-27.788366,-19.94472466
1.771,-28.339968,-20.00204727
1.772,-28.812896,-20.05770466
1.773,-29.048588,-20.1116976
1.774,-28.982924,-20.16402697
1.775,-28.809373,-20.2146938
1.776,-28.472784,-20.26369928
1.777,-30.003661,-20.31104473
1.778,-27.827758,-20.35673163
1.779,-27.461741,-20.40076159
1.78,-27.197356,-20.44313639
1.781,-26.931585,-20.48385791
1.782,-26.631366,-20.52292823
1.783,-28.48365,-20.56034953
1.784,-26.603491,-20.59612415
1.785,-27.001301,-20.63025458
1.786,-27.620017,-20.66274345
1.787,-27.540568,-20.69359353
1.788,-27.736335,-20.72280773
1.789,-27.83717,-20.75038911
1.79,-27.847165,-20.77634087
1.791,-27.827522,-20.80066634
1.792,-27.595128,-20.82336902
1.793,-27.468909,-20.84445252
1.794,-29.434929,-20.86392061
1.795,-29.242308,-20.8817772
1.796,-29.137027,-20.89802633
1.797,-29.125547,-20.91267218
1.798,-29.632932,-20.92571908
1.799,-29.707423,-20.9371715
1.8,-30.095027,-20.94703402
1.801,-30.483137,-20.95531141
1.802,-30.910956,-20.96200852
1.803,-31.325781,-20.96713037
1.804,-31.291828,-20.97068212
1.805,-31.391637,-20.97266904
1.806,-31.328221,-20.97309657
1.807,-31.155114,-20.97197026
1.808,-30.959534,-20.96929579
1.809,-30.698294,-20.96507899
1.81,-30.330605,-20.95932583
1.811,-29.919352,-20.95204238
1.812,-29.940868,-20.94323487
1.813,-29.722415,-20.93290966
1.814,-29.627604,-20.92107323
1.815,-29.635651,-20.9077322
1.816,-29.863564,-20.8928933
1.817,-29.926116,-20.87656341
1.818,-30.022559,-20.85874954
1.819,-29.9005,-20.83945881
1.82,-30.041907,-20.81869847
1.821,-30.159597,-20.79647592
1.822,-30.288106,-20.77279865
1.823,-30.395027,-20.74767429
1.824,-30.421138,-20.72111061
1.825,-30.493908,-20.69311549
1.826,-30.606957,-20.66369692
1.827,-30.757722,-20.63286303
1.828,-30.970582,-20.60062206
1.829,-31.086603,-20.56698238
1.83,-31.179702,-20.53195247
1.831,-31.30468,-20.49554093
1.832,-31.442391,-20.45775649
1.833,-31.609905,-20.41860798
1.834,-31.917211,-20.37810436
1.835,-32.190607,-20.3362547
1.836,-32.68205,-20.29306817
1.837,-33.349999,-20.24855408
1.838,-33.676304,-20.20272184
1.839,-33.880052,-20.15558096
1.84,-33.807272,-20.10714108
1.841,-33.651364,-20.05741194
1.842,-33.515252,-20.00640339
1.843,-33.382072,-19.9541254
1.844,-33.179781,-19.90058802
1.845,-32.93803,-19.84580144
1.846,-32.49552,-19.78977593
1.847,-32.034661,-19.73252188
1.848,-31.696185,-19.67404976
1.849,-31.863856,-19.61437017
1.85,-31.883983,-19.5534938
1.851,-31.91344,-19.49143144
1.852,-32.069572,-19.42819398
1.853,-32.192714,-19.3637924
1.854,-32.289522,-19.2982378
1.855,-32.588077,-19.23154136
1.856,-33.038507,-19.16371435
1.857,-33.323847,-19.09476814
1.858,-33.66088,-19.0247142
1.859,-33.659487,-18.95356409
1.86,-33.627975,-18.88132945
1.861,-33.150607,-18.80802203
1.862,-32.646847,-18.73365365
1.863,-31.992227,-18.65823622
1.864,-31.144412,-18.58178174
1.865,-30.250444,-18.50430231
1.866,-29.431215,-18.4258101
1.867,-29.006623,-18.34631735
1.868,-28.242258,-18.26583642
1.869,-27.492345,-18.1843797
1.87,-26.880793,-18.10195971
1.871,-26.382508,-18.01858902
1.872,-26.043996,-17.93428029
1.873,-25.767282,-17.84904624
1.874,-25.497543,-17.76289968
1.875,-25.295498,-17.67585349
1.876,-25.011533,-17.58792062
1.877,-24.910011,-17.49911411
1.878,-24.924419,-17.40944703
1.879,-25.143787,-17.31893257
1.88,-25.132598,-17.22758394
1.881,-25.148552,-17.13541446
1.882,-25.236578,-17.04243748
1.883,-25.203876,-16.94866643
1.884,-25.36883,-16.85411481
1.885,-25.513842,-16.75879617
1.886,-25.459917,-16.66272412
1.887,-25.568092,-16.56591235
1.888,-22.397523,-16.46837457
1.889,-22.027618,-16.37012458
1.89,-21.638157,-16.27117623
1.891,-21.247575,-16.17154342
1.892,-20.902367,-16.07124008
1.893,-20.599431,-15.97028024
1.894,-20.223634,-15.86867795
1.895,-19.778768,-15.7664473
1.896,-19.298265,-15.66360245
1.897,-18.976349,-15.56015759
1.898,-18.561667,-15.45612698
1.899,-18.303439,-15.35152489
1.9,-18.016488,-15.24636566
1.901,-17.760891,-15.14066366
1.902,-20.102984,-15.03443329
1.903,-19.632167,-14.92768902
1.904,-19.374309,-14.82044532
1.905,-19.081625,-14.71271672
1.906,-18.757126,-14.60451777
1.907,-18.421677,-14.49586308
1.908,-17.944244,-14.38676725
1.909,-17.460939,-14.27724495
1.91,-16.952517,-14.16731086
1.911,-16.37712,-14.05697969
1.912,-16.037554,-13.94626617
1.913,-15.660263,-13.83518508
1.914,-15.447971,-13.72375119
1.915,-15.061107,-13.61197932
1.916,-14.823867,-13.49988429
1.917,-14.529983,-13.38748097
1.918,-14.378757,-13.27478421
1.919,-14.289514,-13.16180891
1.92,-14.156562,-13.04856996
1.921,-14.126535,-12.93508229
1.922,-14.005137,-12.82136082
1.923,-13.782789,-12.70742049
1.924,-13.530944,-12.59327626
1.925,-13.309755,-12.47894308
1.926,-13.11695,-12.36443593
1.927,-12.967273,-12.24976977
1.928,-13.000351,-12.13495959
1.929,-12.916013,-12.02002038
1.93,-12.672927,-11.9049671
1.931,-12.540825,-11.78981476
1.932,-12.453435,-11.67457833
1.933,-12.44823,-11.55927279
1.934,-12.362434,-11.44391314
1.935,-12.423269,-11.32851433
1.936,-12.417257,-11.21309134
1.937,-11.906927,-11.09765913
1.938,-11.751508,-10.98223266
1.939,-11.57413,-10.86682685
1.94,-11.120098,-10.75145666
1.941,-11.031175,-10.63613698
1.942,-10.779631,-10.52088272
1.943,-10.929284,-10.40570877
1.944,-10.922378,-10.29063001
1.945,-10.755112,-10.17566127
1.946,-10.796785,-10.0608174
1.947,-10.676255,-9.946113206
1.948,-10.409756,-9.831563471
1.949,-10.284835,-9.717182962
1.95,-10.192602,-9.602986418
1.951,-10.107967,-9.488988552
1.952,-9.918162,-9.375204048
1.953,-9.728644,-9.261647561
1.954,-9.531788,-9.148333717
1.955,-9.250769,-9.035277108
1.956,-9.143583,-8.922492293
1.957,-9.093987,-8.809993798
1.958,-9.090666,-8.697796111
1.959,-8.950523,-8.585913685
1.96,-8.72225,-8.474360932
1.961,-8.721022,-8.363152227
1.962,-8.517572,-8.2523019
1.963,-8.472564,-8.141824243
1.964,-8.451476,-8.0317335
1.965,-8.448592,-7.922043873
1.966,-8.4675,-7.812769515
1.967,-8.440934,-7.703924535
1.968,-8.575029,-7.595522988
1.969,-8.704487,-7.487578883
1.97,-8.685713,-7.380106175
1.971,-8.691918,-7.273118767
1.972,-8.631296,-7.166630509
1.973,-8.581023,-7.060655193
1.974,-8.571076,-6.955206556
1.975,-8.568696,-6.850298278
1.976,-8.539539,-6.745943977
1.977,-8.46118,-6.642157214
1.978,-8.345745,-6.538951487
1.979,-8.222675,-6.436340229
1.98,-8.033676,-6.334336812
1.981,-8.072434,-6.232954541
1.982,-8.232364,-6.132206655
1.983,-8.430388,-6.032106326
1.984,-8.579248,-5.932666655
1.985,-8.644033,-5.833900674
1.986,-8.661033,-5.735821344
1.987,-8.66633,-5.638441554
1.988,-8.702792,-5.541774117
1.989,-8.5541,-5.445831773
1.99,-8.489415,-5.350627185
1.991,2.682443,-5.25617294
1.992,2.767739,-5.162481546
1.993,2.875608,-5.069565431
1.994,3.072207,-4.977436942
1.995,3.340065,-4.886108345
1.996,-7.41034,-4.795591824
1.997,4.183346,-4.705899476
1.998,4.613891,-4.617043317
1.999,4.943463,-4.529035273
2,5.228682,-4.441887185
2.001,5.560128,-4.355610804
2.002,5.852978,-4.270217792
2.003,6.067282,-4.185719722
2.004,5.807928,-4.102128073
2.005,5.272378,-4.019454233
2.006,-6.535691,-3.937709495
2.007,-6.938626,-3.856905058
2.008,-7.388928,-3.777052025
2.009,-7.60608,-3.698161402
2.01,-7.797547,-3.620244098
2.011,-7.915033,-3.543310922
2.012,-7.648385,-3.467372584
2.013,-7.088177,-3.392439693
2.014,-6.491203,-3.318522755
2.015,-5.894616,-3.245632176
2.016,-5.451218,-3.173778256
2.017,-5.055557,-3.10297119
2.018,-4.665587,-3.03322107
2.019,-4.281426,-2.964537878
2.02,-4.002918,-2.896931492
2.021,-3.686202,-2.830411679
2.022,-3.608505,-2.764988098
2.023,-3.711315,-2.700670298
2.024,-3.734745,-2.637467716
2.025,-3.66682,-2.575389679
2.026,-3.533398,-2.514445397
2.027,-3.353831,-2.454643973
2.028,-3.18327,-2.395994389
2.029,-2.965586,-2.338505515
2.03,-2.858793,-2.282186105
2.031,-2.753087,-2.227044796
2.032,-2.69096,-2.173090106
2.033,-2.527899,-2.120330435
2.034,-2.383434,-2.068774065
2.035,-2.154991,-2.018429156
2.036,-1.830371,-1.969303749
2.037,-1.510592,-1.921405762
2.038,-1.347712,-1.874742992
2.039,-1.25325,-1.829323111
2.04,-1.096977,-1.78515367
2.041,-0.936738,-1.742242094
2.042,-0.588237,-1.700595681
2.043,10.705759,-1.660221608
2.044,11.078101,-1.621126921
2.045,11.569347,-1.583318542
2.046,12.074027,-1.546803262
2.047,12.504137,-1.511587747
2.048,12.847825,-1.477678532
2.049,13.174532,-1.445082023
2.05,13.558588,-1.413804495
2.051,14.049753,-1.383852094
2.052,14.596883,-1.355230832
2.053,15.076127,-1.327946591
2.054,15.486279,-1.302005119
2.055,15.679007,-1.277412034
2.056,15.481474,-1.254172816
2.057,15.536373,-1.232292814
2.058,15.570662,-1.211777241
2.059,15.525237,-1.192631176
2.06,15.334438,-1.174859562
2.061,15.180976,-1.158467206
2.062,14.634846,-1.143458777
2.063,13.942807,-1.129838809
2.064,13.250464,-1.117611698
2.065,12.619205,-1.106781702
2.066,12.11967,-1.097352942
2.067,1.55761,-1.089329397
2.068,1.317816,-1.082714911
2.069,1.219351,-1.077513187
2.07,1.214326,-1.073727788
2.071,1.27494,-1.071362136
2.072,1.413748,-1.070419515
2.073,1.671202,-1.070903067
2.074,1.919881,-1.072815793
2.075,2.073585,-1.076160552
2.076,2.212886,-1.080940062
2.077,2.309484,-1.087156901
2.078,2.441431,-1.094813501
2.079,2.463154,-1.103912155
2.08,2.562504,-1.114455012
2.081,11.977904,-1.126444077
2.082,12.245326,-1.139881215
2.083,12.152004,-1.154768145
2.084,12.310716,-1.171106444
2.085,12.128784,-1.188897545
2.086,3.047581,-1.208142737
2.087,2.82069,-1.228843166
2.088,2.854562,-1.250999833
2.089,2.728378,-1.274613595
2.09,2.561471,-1.299685166
2.091,2.356459,-1.326215114
2.092,2.286924,-1.354203864
2.093,2.230932,-1.383651695
2.094,2.200139,-1.414558743
2.095,2.234193,-1.446925
2.096,2.302079,-1.48075031
2.097,2.288045,-1.516034377
2.098,2.322737,-1.552776757
2.099,2.331347,-1.590976862
2.1,9.981983,-1.630633961
2.101,9.614472,-1.671747178
2.102,1.900879,-1.714315491
2.103,1.779488,-1.758337735
2.104,1.803106,-1.8038126
2.105,1.699354,-1.850738633
2.106,9.116249,-1.899114235
2.107,9.192793,-1.948937665
2.108,8.873303,-2.000207036
2.109,8.334189,-2.05292032
2.11,8.156031,-2.107075342
2.111,7.901907,-2.162669786
2.112,7.573649,-2.219701193
2.113,7.23389,-2.27816696
2.114,6.942966,-2.33806434
2.115,6.842011,-2.399390446
2.116,6.96269,-2.462142247
2.117,7.220491,-2.52631657
2.118,7.584169,-2.5919101
2.119,8.182954,-2.65891938
2.12,8.496038,-2.727340814
2.121,8.761956,-2.797170663
2.122,8.961035,-2.868405047
2.123,2.328429,-2.941039946
2.124,2.366441,-3.0150712
2.125,2.225513,-3.09049451
2.126,1.898875,-3.167305437
2.127,1.492012,-3.245499402
2.128,1.116442,-3.32507169
2.129,0.836512,-3.406017444
2.13,0.661135,-3.488331673
2.131,0.57748,-3.572009247
2.132,0.647247,-3.657044898
2.133,1.010158,-3.743433222
2.134,1.358657,-3.831168681
2.135,1.645307,-3.920245599
2.136,2.045236,-4.010658165
2.137,2.384436,-4.102400435
2.138,2.617372,-4.195466329
2.139,2.673232,-4.289849635
2.14,2.557281,-4.385544008
2.141,2.35343,-4.482542968
2.142,2.059361,-4.580839906
2.143,1.767376,-4.68042808
2.144,1.556953,-4.781300617
2.145,1.395384,-4.883450515
2.146,1.217859,-4.986870641
2.147,0.992997,-5.091553733
2.148,0.828883,-5.197492403
2.149,0.720546,-5.304679133
2.15,0.643221,-5.413106276
2.151,0.56624,-5.522766063
2.152,0.46825,-5.633650597
2.153,0.533412,-5.745751854
2.154,0.399659,-5.85906169
2.155,0.283886,-5.973571832
2.156,0.211178,-6.089273888
2.157,0.033259,-6.206159342
2.158,-0.443578,-6.324219558
2.159,-0.939676,-6.443445776
2.16,-1.551193,-6.563829119
2.161,-2.132393,-6.685360589
2.162,-2.885213,-6.808031072
2.163,-3.58395,-6.931831332
2.164,-4.380569,-7.056752019
2.165,-5.259274,-7.182783668
2.166,-6.161224,-7.309916695
2.167,-6.489262,-7.438141405
2.168,-6.893168,-7.567447988
2.169,-6.806994,-7.69782652
2.17,-6.982025,-7.829266968
2.171,-6.997604,-7.961759185
2.172,-7.000411,-8.095292915
2.173,-6.993719,-8.229857794
2.174,-6.963817,-8.365443348
2.175,-6.87579,-8.502038997
2.176,-6.855825,-8.639634052
2.177,-6.892631,-8.77821772
2.178,-6.962552,-8.917779105
2.179,-7.162646,-9.058307205
2.18,-7.275673,-9.199790915
2.181,-7.096487,-9.34221903
2.182,-6.964877,-9.485580242
2.183,-6.805633,-9.629863147
2.184,-6.698134,-9.775056237
2.185,-6.764462,-9.921147911
2.186,-6.888419,-10.06812647
2.187,-7.047407,-10.21598011
2.188,-6.895912,-10.36469695
2.189,-6.9513,-10.51426501
2.19,-7.341781,-10.6646722
2.191,-7.739062,-10.81590635
2.192,-8.303088,-10.96795522
2.193,-9.02312,-11.12080645
2.194,-9.689428,-11.2744476
2.195,-12.254206,-11.42886614
2.196,-13.216887,-11.58404948
2.197,-14.241235,-11.73998491
2.198,-15.237534,-11.89665966
2.199,-16.117712,-12.05406085
2.2,-17.0705,-12.21217556
2.201,-17.813723,-12.37099075
2.202,-18.591249,-12.53049331
2.203,-19.068319,-12.69067007
2.204,-19.530608,-12.85150777
2.205,-19.552826,-13.01299307
2.206,-19.450316,-13.17511256
2.207,-19.313645,-13.33785276
2.208,-19.123426,-13.50120011
2.209,-19.087433,-13.66514098
2.21,-19.05915,-13.82966167
2.211,-18.992163,-13.99474842
2.212,-18.998248,-14.1603874
2.213,-18.988654,-14.32656469
2.214,-18.892323,-14.49326635
2.215,-18.886804,-14.66047832
2.216,-19.010754,-14.82818653
2.217,-19.080276,-14.99637682
2.218,-19.151452,-15.16503497
2.219,-19.211934,-15.33414672
2.22,-19.357623,-15.50369771
2.221,-19.661753,-15.67367358
2.222,-19.901917,-15.84405988
2.223,-19.950664,-16.0148421
2.224,-20.311652,-16.1860057
2.225,-21.084839,-16.35753608
2.226,-21.918167,-16.52941858
2.227,-22.634509,-16.70163851
2.228,-23.539699,-16.87418111
2.229,-24.261864,-17.04703159
2.23,-24.992935,-17.22017512
2.231,-25.575535,-17.3935968
2.232,-25.994987,-17.56728172
2.233,-26.533922,-17.74121491
2.234,-27.095027,-17.91538135
2.235,-27.614823,-18.08976601
2.236,-28.055137,-18.26435381
2.237,-28.420588,-18.43912962
2.238,-28.648896,-18.6140783
2.239,-28.775594,-18.78918465
2.24,-28.872698,-18.96443347
2.241,-28.97715,-19.13980951
2.242,-29.072654,-19.31529748
2.243,-29.06535,-19.49088209
2.244,-28.963247,-19.66654801
2.245,-28.876725,-19.84227987
2.246,-28.988309,-20.01806231
2.247,-29.296333,-20.19387992
2.248,-29.72898,-20.36971728
2.249,-30.247061,-20.54555894
2.25,-30.77634,-20.72138945
2.251,-31.155447,-20.89719333
2.252,-31.110461,-21.07295509
2.253,-31.188036,-21.24865922
2.254,-31.399256,-21.4242902
2.255,-31.396442,-21.5998325
2.256,-31.329087,-21.77527059
2.257,-31.126584,-21.95058891
2.258,-30.998231,-22.1257719
2.259,-30.912281,-22.30080401
2.26,-30.865136,-22.47566967
2.261,-30.865556,-22.65035331
2.262,-30.906195,-22.82483935
2.263,-31.110916,-22.99911223
2.264,-31.408721,-23.17315637
2.265,-31.880716,-23.34695621
2.266,-32.445621,-23.52049618
2.267,-33.002731,-23.69376072
2.268,-33.527558,-23.86673428
2.269,-33.964484,-24.03940132
2.27,-34.281678,-24.21174629
2.271,-34.435449,-24.38375367
2.272,-34.455135,-24.55540796
2.273,-34.39975,-24.72669364
2.274,-34.247574,-24.89759524
2.275,-34.043653,-25.06809729
2.276,-33.767149,-25.23818433
2.277,-33.52924,-25.40784093
2.278,-33.16466,-25.57705168
2.279,-32.859117,-25.7458012
2.28,-32.663041,-25.9140741
2.281,-32.671026,-26.08185506
2.282,-32.81934,-26.24912874
2.283,-32.883153,-26.41587987
2.284,-32.802488,-26.58209318
2.285,-32.696339,-26.74775343
2.286,-32.628313,-26.91284543
2.287,-32.527461,-27.07735401
2.288,-32.436812,-27.24126403
2.289,-32.311628,-27.40456039
2.29,-32.120158,-27.56722803
2.291,-31.867908,-27.72925192
2.292,-31.600395,-27.89061709
2.293,-31.498763,-28.05130857
2.294,-31.688639,-28.21131147
2.295,-32.091545,-28.37061093
2.296,-32.589294,-28.52919214
2.297,-33.139824,-28.68704031
2.298,-33.729854,-28.84414073
2.299,-34.346289,-29.00047872
2.3,-34.892561,-29.15603966
2.301,-35.275798,-29.31080898
2.302,-35.519644,-29.46477214
2.303,-35.639203,-29.61791469
2.304,-35.605011,-29.77022221
2.305,-35.382876,-29.92168034
2.306,-35.010916,-30.07227478
2.307,-34.615609,-30.22199129
2.308,-34.158158,-30.3708157
2.309,-33.661917,-30.51873387
2.31,-33.308402,-30.66573176
2.311,-33.10169,-30.81179537
2.312,-32.976903,-30.95691077
2.313,-32.778876,-31.10106409
2.314,-32.565835,-31.24424156
2.315,-32.424359,-31.38642943
2.316,-32.395764,-31.52761405
2.317,-32.429035,-31.66778184
2.318,-32.489087,-31.80691928
2.319,-32.456285,-31.94501293
2.32,-32.257416,-32.08204944
2.321,-32.059254,-32.21801551
2.322,-31.781266,-32.35289793
2.323,-30.56071,-32.48668357
2.324,-30.366592,-32.61935937
2.325,-30.187915,-32.75091236
2.326,-30.123459,-32.88132966
2.327,-30.148987,-33.01059844
2.328,-30.249466,-33.138706
2.329,-30.430374,-33.26563969
2.33,-30.625557,-33.39138695
2.331,-30.865308,-33.51593533
2.332,-31.187272,-33.63927244
2.333,-31.597245,-33.761386
2.334,-32.007815,-33.88226382
2.335,-32.366167,-34.0018938
2.336,-32.648745,-34.12026391
2.337,-32.843772,-34.23736224
2.338,-32.958828,-34.35317698
2.339,-33.017803,-34.4676964
2.34,-33.014051,-34.58090886
2.341,-33.108544,-34.69280285
2.342,-33.237564,-34.80336692
2.343,-35.795687,-34.91258975
2.344,-35.97904,-35.02046012
2.345,-36.119916,-35.12696689
2.346,-36.148179,-35.23209904
2.347,-36.145676,-35.33584565
2.348,-36.18252,-35.43819591
2.349,-36.302506,-35.53913912
2.35,-36.458064,-35.63866467
2.351,-36.598373,-35.73676207
2.352,-36.670601,-35.83342093
2.353,-36.673579,-35.928631
2.354,-36.649894,-36.02238211
2.355,-36.723008,-36.1146642
2.356,-36.810352,-36.20546734
2.357,-37.033981,-36.29478171
2.358,-37.322723,-36.3825976
2.359,-37.659526,-36.46890542
2.36,-37.987006,-36.55369569
2.361,-38.186636,-36.63695905
2.362,-38.218968,-36.71868627
2.363,-38.159441,-36.79886822
2.364,-38.011972,-36.8774959
2.365,-37.961939,-36.95456043
2.366,-38.013025,-37.03005304
2.367,-38.165309,-37.1039651
2.368,-38.276591,-37.1762881
2.369,-38.337994,-37.24701364
2.37,-38.360986,-37.31613346
2.371,-38.418795,-37.38363941
2.372,-38.524409,-37.44952348
2.373,-38.66275,-37.51377778
2.374,-38.8277,-37.57639455
2.375,-39.010562,-37.63736616
2.376,-39.06124,-37.69668509
2.377,-38.912872,-37.75434398
2.378,-38.581596,-37.81033558
2.379,-38.22629,-37.86465278
2.38,-37.765328,-37.91728858
2.381,-37.268142,-37.96823615
2.382,-34.2891,-38.01748877
2.383,-34.108901,-38.06503984
2.384,-33.907625,-38.11088293
2.385,-33.784292,-38.1550117
2.386,-33.649466,-38.19741999
2.387,-33.529816,-38.23810175
2.388,-33.440697,-38.27705106
2.389,-33.342666,-38.31426216
2.39,-33.280821,-38.34972941
2.391,-33.333829,-38.38344731
2.392,-33.426351,-38.41541051
2.393,-33.484095,-38.44561378
2.394,-33.517774,-38.47405205
2.395,-33.529526,-38.50072037
2.396,-33.445046,-38.52561395
2.397,-33.401036,-38.54872812
2.398,-33.315423,-38.57005836
2.399,-33.21834,-38.58960031
2.4,-32.99987,-38.60734971
2.401,-32.802941,-38.62330249
2.402,-32.461902,-38.63745469
2.403,-32.240579,-38.64980251
2.404,-32.013241,-38.66034228
2.405,-31.756018,-38.66907047
2.406,-31.724606,-38.67598373
2.407,-31.849738,-38.68107882
2.408,-31.923062,-38.68435264
2.409,-32.08677,-38.68580227
2.41,-32.386922,-38.6854249
2.411,-32.834046,-38.68321789
2.412,-33.20425,-38.67917873
2.413,-33.634262,-38.67330507
2.414,-33.866849,-38.66559469
2.415,-33.772488,-38.65604554
2.416,-33.463456,-38.64465568
2.417,-33.02299,-38.63142336
2.418,-32.561987,-38.61634695
2.419,-32.134563,-38.59942498
2.42,-31.644643,-38.58065611
2.421,-31.087281,-38.56003917
2.422,-30.494052,-38.53757312
2.423,-30.05447,-38.51325708
2.424,-29.758114,-38.48709032
2.425,-29.775122,-38.45907224
2.426,-29.944284,-38.42920241
2.427,-30.209868,-38.39748053
2.428,-30.446673,-38.36390646
2.429,-30.6938,-38.32848021
2.43,-30.843185,-38.29120193
2.431,-31.020441,-38.25207191
2.432,-31.161766,-38.21109063
2.433,-31.109924,-38.16825866
2.434,-30.965066,-38.12357676
2.435,-30.697372,-38.07704583
2.436,-30.42545,-38.0286669
2.437,-30.259291,-37.97844118
2.438,-30.027667,-37.92637
2.439,-29.851233,-37.87245485
2.44,-29.719474,-37.81669737
2.441,-29.66046,-37.75909934
2.442,-29.685124,-37.6996627
2.443,-29.857778,-37.63838952
2.444,-30.182165,-37.57528204
2.445,-30.437522,-37.51034262
2.446,-30.772512,-37.4435738
2.447,-31.009815,-37.37497824
2.448,-31.268485,-37.30455875
2.449,-31.519382,-37.2323183
2.45,-31.730276,-37.15826
2.451,-31.871385,-37.0823871
2.452,-32.113701,-37.004703
2.453,-32.294113,-36.92521125
2.454,-32.469158,-36.84391554
2.455,-32.718148,-36.76081971
2.456,-33.015566,-36.67592774
2.457,-33.329384,-36.58924375
2.458,-33.657671,-36.50077201
2.459,-34.062532,-36.41051694
2.46,-34.433162,-36.31848309
2.461,-34.53761,-36.22467516
2.462,-37.774762,-36.129098
2.463,-38.055031,-36.03175658
2.464,-38.341683,-35.93265604
2.465,-35.515641,-35.83180163
2.466,-35.587308,-35.72919878
2.467,-35.748308,-35.62485302
2.468,-38.77068,-35.51877005
2.469,-35.91899,-35.41095569
2.47,-35.897369,-35.30141591
2.471,-35.792719,-35.19015682
2.472,-35.632338,-35.07718466
2.473,-35.397695,-34.96250582
2.474,-35.156487,-34.8461268
2.475,-34.815317,-34.72805427
2.476,-34.423783,-34.60829502
2.477,-34.058386,-34.48685597
2.478,-33.660981,-34.36374418
2.479,-33.352036,-34.23896685
2.48,-33.130365,-34.11253131
2.481,-33.022387,-33.98444502
2.482,-33.029731,-33.85471557
2.483,-33.049522,-33.72335069
2.484,-33.253164,-33.59035824
2.485,-33.441647,-33.45574621
2.486,-36.274369,-33.3195227
2.487,-36.653789,-33.18169597
2.488,-36.98458,-33.0422744
2.489,-37.326154,-32.90126648
2.49,-37.539552,-32.75868084
2.491,-37.613848,-32.61452625
2.492,-37.635551,-32.46881158
2.493,-37.619864,-32.32154583
2.494,-37.498101,-32.17273814
2.495,-37.140473,-32.02239776
2.496,-36.68839,-31.87053407
2.497,-36.217305,-31.71715656
2.498,-35.84005,-31.56227485
2.499,-35.505854,-31.40589868
2.5,-35.136736,-31.24803791
2.501,-34.948143,-31.08870251
2.502,-34.691172,-30.92790258
2.503,-34.438772,-30.76564833
2.504,-34.163855,-30.60195008
2.505,-33.929543,-30.43681828
2.506,-33.621172,-30.27026348
2.507,-33.343728,-30.10229634
2.508,-33.075797,-29.93292766
2.509,-32.926209,-29.76216831
2.51,-32.579305,-29.59002931
2.511,-32.260876,-29.41652177
2.512,-31.944237,-29.2416569
2.513,-31.631699,-29.06544604
2.514,-31.232875,-28.88790062
2.515,-30.813706,-28.70903217
2.516,-30.530884,-28.52885236
2.517,-30.282194,-28.34737292
2.518,-30.054321,-28.16460571
2.519,-29.779362,-27.98056269
2.52,-29.533202,-27.7952559
2.521,-28.96017,-27.6086975
2.522,-28.423103,-27.42089974
2.523,-27.893565,-27.23187498
2.524,-27.502234,-27.04163566
2.525,-27.223468,-26.85019432
2.526,-26.922477,-26.65756361
2.527,-26.490587,-26.46375625
2.528,-26.046615,-26.26878506
2.529,-25.680068,-26.07266296
2.53,-25.425214,-25.87540296
2.531,-25.261295,-25.67701814
2.532,-24.937212,-25.47752169
2.533,-24.448579,-25.27692688
2.534,-23.798668,-25.07524705
2.535,-23.151242,-24.87249566
2.536,-22.611675,-24.66868621
2.537,-22.194618,-24.46383231
2.538,-21.887951,-24.25794765
2.539,-21.348393,-24.051046
2.54,-21.030796,-23.84314119
2.541,-20.723213,-23.63424714
2.542,-20.569801,-23.42437786
2.543,-20.642407,-23.21354742
2.544,-20.877064,-23.00176996
2.545,-21.134261,-22.7890597
2.546,-21.753059,-22.57543093
2.547,-22.13671,-22.36089801
2.548,-22.477444,-22.14547538
2.549,-22.807948,-21.92917753
2.55,-22.915981,-21.71201903
2.551,-23.167412,-21.4940145
2.552,-23.463501,-21.27517865
2.553,-23.788546,-21.05552622
2.554,-23.94511,-20.83507204
2.555,-24.056171,-20.61383098
2.556,-24.004776,-20.39181799
2.557,-23.808553,-20.16904806
2.558,-23.672783,-19.94553624
2.559,-23.135835,-19.72129764
2.56,-22.765716,-19.49634742
2.561,-22.432283,-19.2707008
2.562,-22.245569,-19.04437304
2.563,-22.013258,-18.81737946
2.564,-21.772458,-18.58973543
2.565,-21.515739,-18.36145635
2.566,-21.28254,-18.13255768
2.567,-21.127608,-17.90305493
2.568,-20.983659,-17.67296365
2.569,-20.895147,-17.44229942
2.57,-20.80463,-17.21107788
2.571,-20.623454,-16.97931468
2.572,-20.313457,-16.74702555
2.573,-19.925816,-16.51422622
2.574,-19.68169,-16.28093248
2.575,-19.435766,-16.04716013
2.576,-19.275691,-15.81292503
2.577,-19.137714,-15.57824305
2.578,-19.353975,-15.3431301
2.579,-19.219541,-15.10760213
2.58,-19.043589,-14.87167508
2.581,-19.022219,-14.63536496
2.582,-19.300312,-14.39868778
2.583,-19.367562,-14.16165957
2.584,-19.721102,-13.92429641
2.585,-20.092579,-13.68661436
2.586,-20.40919,-13.44862953
2.587,-20.569862,-13.21035803
2.588,-20.828552,-12.97181601
2.589,-20.954204,-12.7330196
2.59,-21.048589,-12.49398498
2.591,-21.101964,-12.25472832
2.592,-21.053742,-12.0152658
2.593,-20.952141,-11.77561362
2.594,-20.867912,-11.53578798
2.595,-20.89766,-11.2958051
2.596,-20.780499,-11.05568118
2.597,-20.845623,-10.81543246
2.598,-20.717946,-10.57507515
2.599,-20.683493,-10.33462547
2.6,-20.796452,-10.09409965
2.601,-20.97874,-9.85351392
2.602,-21.293799,-9.612884486
2.603,-21.610325,-9.372227568
2.604,-21.808922,-9.131559374
2.605,-21.802398,-8.890896107
2.606,-21.608357,-8.650253961
2.607,-21.10171,-8.409649119
2.608,-20.719285,-8.169097753
2.609,-20.202595,-7.928616024
2.61,-19.704189,-7.688220078
2.611,-19.018667,-7.447926045
2.612,-18.19906,-7.207750038
2.613,-17.291999,-6.967708155
2.614,-16.602702,-6.727816471
2.615,-16.02123,-6.488091042
2.616,-15.812397,-6.248547901
2.617,-15.794179,-6.009203058
2.618,-16.062603,-5.770072497
2.619,-16.064337,-5.531172178
2.62,-15.938169,-5.29251803
2.621,-15.794842,-5.054125957
2.622,-15.52663,-4.816011828
2.623,-15.198031,-4.578191485
2.624,-9.813995,-4.340680734
2.625,-9.481628,-4.103495346
2.626,-9.139864,-3.866651059
2.627,-8.817822,-3.630163573
2.628,-8.571248,-3.394048547
2.629,-8.485644,-3.158321604
2.63,-8.492581,-2.922998324
2.631,-8.528142,-2.688094244
2.632,-8.628167,-2.453624858
2.633,-8.696497,-2.219605616
2.634,-14.179033,-1.98605192
2.635,-14.12316,-1.752979125
2.636,-8.059426,-1.520402537
2.637,-7.608859,-1.288337413
2.638,-7.241927,-1.056798955
2.639,-6.607654,-0.825802315
2.64,-6.009291,-0.595362592
2.641,-5.235015,-0.365494825
2.642,-4.468446,-0.136214001
2.643,-3.457562,0.092464954
2.644,-2.673704,0.320527172
2.645,-2.130906,0.547957845
2.646,-1.578347,0.774742228
2.647,-1.069029,1.000865638
2.648,-0.708553,1.226313457
2.649,-0.399765,1.451071133
2.65,-0.158614,1.675124178
2.651,-0.0705,1.898458176
2.652,0.18551,2.121058776
2.653,0.044473,2.342911701
2.654,-0.118389,2.564002743
2.655,-0.283995,2.784317768
2.656,-0.682459,3.003842716
2.657,-0.726054,3.222563601
2.658,-0.901,3.440466516
2.659,-0.977227,3.657537629
2.66,-1.285702,3.873763187
2.661,-1.301388,4.089129519
2.662,-1.321203,4.303623031
2.663,-1.284185,4.517230216
2.664,-1.209283,4.729937647
2.665,-1.06985,4.941731982
2.666,-0.964477,5.152599964
2.667,-0.779157,5.362528426
2.668,-0.451871,5.571504285
2.669,-0.08693,5.779514548
2.67,0.34091,5.986546313
2.671,0.706898,6.192586768
2.672,1.354609,6.397623193
2.673,2.071276,6.601642963
2.674,2.749026,6.804633544
2.675,3.340933,7.006582502
2.676,3.84753,7.207477494
2.677,4.272529,7.407306278
2.678,4.815162,7.606056711
2.679,5.178967,7.803716746
2.68,5.461189,8.00027444
2.681,5.63893,8.195717949
2.682,5.695296,8.390035532
2.683,5.753142,8.583215553
2.684,5.710575,8.775246479
2.685,5.847291,8.966116882
2.686,5.972994,9.155815442
2.687,6.046761,9.344330944
2.688,6.164815,9.531652284
2.689,6.035599,9.717768464
2.69,5.984621,9.902668599
2.691,5.832999,10.08634191
2.692,5.896334,10.26877774
2.693,5.838415,10.44996554
2.694,5.847876,10.62989486
2.695,6.199604,10.80855539
2.696,6.142157,10.98593692
2.697,6.070705,11.16202935
2.698,6.175937,11.33682272
2.699,6.113925,11.51030716
2.7,6.049864,11.68247294
2.701,5.945898,11.85331045
2.702,5.890735,12.02281017
2.703,5.721333,12.19096275
2.704,5.639082,12.35775892
2.705,5.407213,12.52318955
2.706,5.217079,12.68724562
2.707,5.007919,12.84991827
2.708,4.971452,13.01119872
2.709,4.871463,13.17107835
2.71,4.970275,13.32954863
2.711,5.191059,13.48660121
2.712,-1.448212,13.64222781
2.713,-1.089735,13.79642031
2.714,-0.84154,13.94917072
2.715,6.440998,14.10047117
2.716,6.723541,14.25031393
2.717,7.037583,14.39869138
2.718,7.300628,14.54559606
2.719,7.517446,14.69102063
2.72,7.910447,14.83495786
2.721,8.179038,14.9774007
2.722,8.733823,15.11834218
2.723,9.018949,15.25777552
2.724,9.212284,15.39569403
2.725,9.347921,15.53209118
2.726,9.532046,15.66696056
2.727,9.517832,15.80029591
2.728,9.418478,15.93209111
2.729,9.461851,16.06234016
2.73,9.497077,16.1910372
2.731,9.677819,16.31817654
2.732,10.106364,16.44375259
2.733,10.473505,16.56775991
2.734,10.918096,16.69019321
2.735,11.482869,16.81104734
2.736,11.918089,16.93031727
2.737,12.246623,17.04799814
2.738,12.615692,17.16408521
2.739,12.851035,17.27857389
2.74,13.13411,17.39145972
2.741,13.218673,17.50273842
2.742,13.416887,17.6124058
2.743,13.581533,17.72045785
2.744,13.748568,17.82689068
2.745,13.839052,17.93170058
2.746,14.087981,18.03488394
2.747,14.493316,18.13643731
2.748,14.979196,18.23635741
2.749,15.459856,18.33464106
2.75,15.896587,18.43128525
2.751,16.300514,18.52628713
2.752,16.666849,18.61964396
2.753,16.842548,18.71135317
2.754,17.090529,18.80141233
2.755,17.100562,18.88981915
2.756,17.176552,18.9765715
2.757,17.166631,19.06166737
2.758,17.079203,19.14510492
2.759,16.738885,19.22688246
2.76,16.374008,19.30699842
2.761,15.766797,19.38545139
2.762,15.406278,19.46224012
2.763,15.159827,19.53736349
2.764,14.999873,19.61082053
2.765,14.860145,19.68261042
2.766,14.706397,19.75273248
2.767,14.495432,19.82118618
2.768,14.282716,19.88797114
2.769,14.170117,19.95308713
2.77,14.315608,20.01653406
2.771,14.469606,20.07831198
2.772,14.707598,20.1384211
2.773,15.035882,20.19686177
2.774,15.387901,20.25363448
2.775,15.862634,20.30873988
2.776,16.225552,20.36217875
2.777,16.611966,20.41395204
2.778,17.016976,20.46406082
2.779,17.30084,20.51250632
2.78,17.458727,20.55928991
2.781,17.521418,20.60441311
2.782,17.608849,20.64787757
2.783,17.584745,20.68968512
2.784,17.601772,20.72983769
2.785,17.680996,20.76833739
2.786,17.841327,20.80518646
2.787,18.07944,20.84038728
2.788,18.247336,20.87394238
2.789,18.571684,20.90585444
2.79,18.629172,20.93612626
2.791,18.613328,20.96476081
2.792,18.590433,20.99176119
2.793,18.507624,21.01713063
2.794,18.361826,21.04087254
2.795,18.21605,21.06299042
2.796,18.055728,21.08348795
2.797,17.862937,21.10236894
2.798,17.717377,21.11963733
2.799,17.732639,21.13529722
2.8,17.831164,21.14935283
2.801,17.98113,21.16180853
2.802,18.090792,21.17266883
2.803,18.328723,21.18193837
2.804,18.373926,21.18962193
2.805,18.342969,21.19572443
2.806,18.202979,21.20025093
2.807,18.083035,21.20320661
2.808,17.945262,21.20459682
2.809,17.875404,21.20442701
2.81,17.794235,21.20270278
2.811,17.660775,21.19942986
2.812,17.597875,21.19461413
2.813,17.556666,21.18826156
2.814,17.553275,21.18037831
2.815,17.602922,21.17097064
2.816,17.801999,21.16004493
2.817,17.930328,21.14760771
2.818,18.124014,21.13366564
2.819,18.153452,21.1182255
2.82,18.092533,21.10129421
2.821,17.937319,21.08287881
2.822,17.840102,21.06298647
2.823,17.668274,21.04162447
2.824,17.620231,21.01880025
2.825,17.374502,20.99452135
2.826,17.154741,20.96879544
2.827,16.899955,20.94163032
2.828,16.783454,20.9130339
2.829,16.794543,20.88301423
2.83,16.990128,20.85157947
2.831,17.167583,20.81873789
2.832,17.373212,20.78449791
2.833,17.715978,20.74886804
2.834,18.142258,20.71185693
2.835,18.598655,20.67347333
2.836,19.125442,20.63372611
2.837,19.747947,20.59262428
2.838,20.333551,20.55017692
2.839,20.88288,20.50639327
2.84,21.496454,20.46128266
2.841,22.022664,20.41485453
2.842,22.564248,20.36711844
2.843,23.000661,20.31808406
2.844,23.3428,20.26776115
2.845,23.49405,20.21615962
2.846,23.420551,20.16328946
2.847,23.259358,20.10916076
2.848,23.072482,20.05378374
2.849,22.886673,19.9971687
2.85,22.698337,19.93932606
2.851,22.641269,19.88026634
2.852,22.474641,19.82000017
2.853,22.242198,19.75853826
2.854,22.090768,19.69589145
2.855,22.144009,19.63207064
2.856,22.265548,19.56708687
2.857,22.433339,19.50095124
2.858,22.537991,19.43367498
2.859,22.513751,19.36526939
2.86,22.403222,19.29574587
2.861,22.180458,19.22511592
2.862,22.25415,19.15339112
2.863,22.216858,19.08058316
2.864,22.177475,19.0067038
2.865,22.051052,18.9317649
2.866,21.929654,18.8557784
2.867,21.806781,18.77875634
2.868,21.859308,18.70071081
2.869,21.962897,18.62165404
2.87,22.077828,18.54159829
2.871,22.194963,18.46055594
2.872,22.436684,18.37853942
2.873,22.607172,18.29556127
2.874,22.776472,18.21163409
2.875,23.039606,18.12677055
2.876,23.485913,18.04098341
2.877,24.023088,17.9542855
2.878,24.640697,17.86668974
2.879,25.224707,17.77820909
2.88,25.720963,17.68885661
2.881,26.192621,17.59864541
2.882,26.306458,17.50758869
2.883,26.545948,17.41569969
2.884,26.657184,17.32299174
2.885,26.60804,17.22947823
2.886,26.374239,17.13517261
2.887,26.000313,17.04008839
2.888,25.551145,16.94423915
2.889,25.17222,16.84763852
2.89,24.6553,16.75030021
2.891,24.340891,16.65223795
2.892,23.716916,16.55346557
2.893,23.005643,16.45399692
2.894,22.351722,16.35384592
2.895,21.798154,16.25302655
2.896,21.229845,16.15155283
2.897,20.604276,16.04943882
2.898,20.153971,15.94669866
2.899,19.789891,15.84334651
2.9,19.645473,15.73939658
2.901,19.45033,15.63486313
2.902,19.447507,15.52976047
2.903,19.383491,15.42410295
2.904,19.52436,15.31790494
2.905,19.700987,15.21118088
2.906,19.946159,15.10394523
2.907,20.18468,14.9962125
2.908,20.328914,14.88799721
2.909,20.286258,14.77931394
2.91,20.041693,14.6701773
2.911,19.607968,14.56060192
2.912,16.136576,14.45060247
2.913,15.590501,14.34019364
2.914,15.213784,14.22939015
2.915,14.776286,14.11820676
2.916,14.436455,14.00665824
2.917,14.040878,13.89475939
2.918,13.945014,13.78252502
2.919,13.807732,13.66996998
2.92,13.325442,13.55710913
2.921,13.233335,13.44395734
2.922,12.928261,13.33052951
2.923,12.574249,13.21684056
2.924,12.226755,13.10290539
2.925,11.980871,12.98873896
2.926,11.713669,12.87435621
2.927,11.442592,12.7597721
2.928,11.231645,12.64500159
2.929,10.980103,12.53005966
2.93,11.050039,12.41496129
2.931,13.419115,12.29972146
2.932,13.591712,12.18435516
2.933,11.471707,12.06887738
2.934,11.711407,11.95330311
2.935,11.74524,11.83764733
2.936,11.723112,11.72192504
2.937,13.875322,11.60615121
2.938,13.608786,11.49034081
2.939,13.35199,11.37450883
2.94,13.068055,11.25867022
2.941,12.607709,11.14283994
2.942,12.306828,11.02703292
2.943,11.951027,10.9112641
2.944,11.592698,10.7955484
2.945,11.249373,10.67990072
2.946,10.846958,10.56433593
2.947,10.715872,10.44886892
2.948,10.716952,10.33351453
2.949,10.757858,10.21828759
2.95,10.819996,10.10320292
2.951,10.86621,9.988275282
2.952,10.909419,9.873519454
2.953,10.973085,9.758950166
2.954,11.038847,9.644582128
2.955,11.09224,9.530430019
2.956,11.276442,9.416508489
2.957,11.13076,9.30283216
2.958,11.031021,9.189415616
2.959,10.965751,9.076273413
2.96,11.03763,8.963420069
2.961,11.139605,8.850870065
2.962,11.213155,8.738637847
2.963,11.20193,8.626737821
2.964,11.1174,8.515184351
2.965,11.023079,8.403991763
2.966,10.992613,8.293174336
2.967,11.081094,8.182746307
2.968,11.304453,8.072721869
2.969,11.331548,7.963115166
2.97,11.534206,7.853940293
2.971,11.607618,7.745211298
2.972,11.601814,7.636942178
2.973,11.565224,7.529146878
2.974,11.544851,7.421839287
2.975,11.297956,7.315033244
2.976,11.160275,7.208742529
2.977,11.045692,7.102980867
2.978,10.840728,6.997761923
2.979,10.511852,6.893099303
2.98,10.182265,6.789006553
2.981,10.06269,6.685497157
2.982,9.783683,6.582584535
2.983,9.613806,6.480282043
2.984,9.367825,6.378602971
2.985,9.286854,6.277560542
2.986,9.184861,6.177167912
2.987,9.098141,6.077438166
2.988,9.008097,5.97838432
2.989,8.876858,5.880019317
2.99,8.690702,5.782356028
2.991,8.572366,5.685407251
2.992,8.493225,5.589185706
2.993,8.450034,5.493704038
2.994,8.398715,5.398974816
2.995,8.351096,5.305010527
2.996,8.260242,5.211823581
2.997,8.202478,5.119426307
2.998,8.180325,5.027830949
2.999,8.297954,4.93704967
3,8.514155,4.84709455
3.001,8.715653,4.757977579
3.002,8.762939,4.669710666
3.003,8.652124,4.582305628
3.004,8.484915,4.495774195
3.005,8.159965,4.410128007
3.006,-4.650262,4.325378614
3.007,-5.013779,4.241537473
3.008,-5.319437,4.158615947
3.009,-5.561806,4.076625308
3.01,-5.734232,3.99557673
3.011,-5.712614,3.915481292
3.012,-5.599544,3.836349976
3.013,7.269075,3.758193667
3.014,7.439668,3.681023148
3.015,7.578958,3.604849104
3.016,7.738832,3.529682119
3.017,7.941495,3.455532675
3.018,8.138822,3.382411148
3.019,8.254079,3.310327815
3.02,8.308703,3.239292843
3.021,8.301433,3.169316298
3.022,8.290496,3.100408135
3.023,8.172737,3.032578204
3.024,8.202983,2.965836245
3.025,8.213024,2.900191889
3.026,8.265256,2.835654657
3.027,8.292819,2.772233957
3.028,8.276829,2.709939087
3.029,8.348775,2.648779232
3.03,8.221778,2.58876346
3.031,8.046345,2.529900728
3.032,7.915492,2.472199876
3.033,7.75374,2.415669627
3.034,7.60866,2.360318588
3.035,7.508389,2.306155247
3.036,7.373635,2.253187975
3.037,7.104177,2.201425021
3.038,6.850941,2.150874516
3.039,6.555425,2.101544469
3.04,6.25292,2.053442767
3.041,-6.284758,2.006577174
3.042,-6.577267,1.960955334
3.043,-6.833919,1.916584762
3.044,-7.073747,1.873472852
3.045,-7.322635,1.831626872
3.046,-7.55458,1.791053964
3.047,-7.765458,1.751761143
3.048,-7.875067,1.713755296
3.049,-7.827031,1.677043184
3.05,-7.681285,1.641631437
3.051,-7.604047,1.607526557
3.052,-7.589155,1.574734918
3.053,-7.581537,1.54326276
3.054,-7.410358,1.513116196
3.055,4.557971,1.484301203
3.056,4.804869,1.456823629
3.057,5.052454,1.430689189
3.058,5.122281,1.405903464
3.059,5.105136,1.382471901
3.06,4.968124,1.360399815
3.061,4.653719,1.339692382
3.062,4.28798,1.320354648
3.063,3.856724,1.302391519
3.064,3.316496,1.285807768
3.065,-9.524939,1.270608028
3.066,-10.233376,1.256796797
3.067,-10.988248,1.244378436
3.068,-11.711342,1.233357168
3.069,-12.348515,1.223737075
3.07,-12.951705,1.215522104
3.071,-13.3827,1.208716061
3.072,-13.653416,1.203322612
3.073,-13.780687,1.199345285
3.074,-13.812194,1.196787465
3.075,-13.857599,1.1956524
3.076,-13.722227,1.195943195
3.077,-13.419326,1.197662815
3.078,-13.246334,1.200814082
3.079,-13.248051,1.205399677
3.08,-13.395799,1.21142214
3.081,-13.502496,1.218883869
3.082,-13.890044,1.227787117
3.083,-14.270798,1.238133998
3.084,-14.526024,1.24992648
3.085,-14.639728,1.263166389
3.086,-14.660712,1.277855409
3.087,-14.667089,1.293995078
3.088,-14.682908,1.311586793
3.089,-14.691188,1.330631805
3.09,-14.635811,1.351131223
3.091,-14.454627,1.373086011
3.092,-14.144454,1.396496988
3.093,-13.835157,1.421364831
3.094,-13.638541,1.44769007
3.095,-13.607437,1.475473094
3.096,-13.691222,1.504714144
3.097,-13.756444,1.535413318
3.098,-13.945945,1.567570571
3.099,-13.639456,1.60118571
3.1,-13.13613,1.6362584
3.101,-12.581032,1.672788162
3.102,-12.187765,1.71077437
3.103,-11.985893,1.750216254
3.104,-11.776265,1.791112902
3.105,-11.663038,1.833463255
3.106,-11.543967,1.87726611
3.107,-11.485639,1.92252012
3.108,-11.250593,1.969223795
3.109,-10.957822,2.017375499
3.11,-10.707159,2.066973454
3.111,-10.560735,2.118015736
3.112,-10.297587,2.170500279
3.113,-9.940365,2.224424872
3.114,-9.54665,2.279787163
3.115,-9.047461,2.336584654
3.116,-8.409444,2.394814707
3.117,-7.672891,2.454474538
3.118,0.493429,2.515561223
3.119,0.856589,2.578071695
3.12,1.219914,2.642002744
3.121,1.455914,2.707351019
3.122,1.708684,2.774113029
3.123,2.067754,2.842285138
3.124,2.562581,2.911863573
3.125,2.773834,2.982844418
3.126,3.027456,3.055223618
3.127,3.151961,3.128996976
3.128,3.091384,3.204160158
3.129,2.790571,3.280708689
3.13,2.54725,3.358637956
3.131,2.226045,3.437943206
3.132,1.695575,3.518619551
3.133,1.517118,3.600661963
3.134,1.404914,3.684065276
3.135,1.361248,3.768824188
3.136,1.669902,3.854933263
3.137,1.740354,3.942386925
3.138,1.98321,4.031179466
3.139,2.363791,4.121305041
3.14,2.836045,4.212757671
3.141,3.000249,4.305531243
3.142,3.406569,4.399619512
3.143,3.664365,4.495016097
3.144,3.984855,4.591714488
3.145,4.34644,4.689708042
3.146,4.749889,4.788989983
3.147,5.169492,4.889553406
3.148,5.455333,4.991391277
3.149,5.896349,5.094496431
3.15,6.30146,5.198861573
3.151,6.296763,5.304479283
3.152,6.727612,5.411342011
3.153,7.164669,5.519442081
3.154,7.463527,5.62877169
3.155,7.857507,5.739322911
3.156,8.019335,5.851087689
3.157,8.40779,5.964057849
3.158,8.639776,6.078225089
3.159,8.913386,6.193580985
3.16,9.484872,6.310116992
3.161,10.143292,6.427824444
3.162,10.726356,6.546694552
3.163,11.514642,6.666718409
3.164,12.021334,6.78788699
3.165,12.828932,6.910191148
3.166,13.433454,7.033621623
3.167,14.095171,7.158169035
3.168,14.611372,7.28382389
3.169,14.855778,7.410576577
3.17,15.215573,7.538417374
3.171,15.176308,7.667336443
3.172,15.492588,7.797323835
3.173,15.590481,7.928369487
3.174,15.946933,8.060463227
3.175,16.546835,8.193594775
3.176,17.161188,8.327753738
3.177,17.709735,8.462929619
3.178,18.556143,8.599111809
3.179,19.280379,8.736289598
3.18,20.001718,8.874452168
3.181,20.447205,9.013588595
3.182,21.131533,9.153687856
3.183,21.484318,9.294738821
3.184,21.841471,9.436730262
3.185,22.259635,9.579650848
3.186,22.498695,9.72348915
3.187,22.900379,9.86823364
3.188,23.328193,10.01387269
3.189,23.560445,10.16039459
3.19,23.879028,10.3077875
3.191,24.356747,10.45603953
3.192,24.909461,10.60513867
3.193,25.375837,10.75507281
3.194,25.783888,10.90582977
3.195,26.104499,11.05739728
3.196,26.338466,11.20976296
3.197,26.50354,11.36291435
3.198,26.936387,11.51683892
3.199,27.044096,11.67152403
3.2,27.147892,11.82695697
3.201,27.210874,11.98312494
3.202,27.290583,12.14001507
3.203,27.399622,12.29761439
3.204,27.498833,12.45590986
3.205,27.562663,12.61488836
3.206,27.462335,12.77453668
3.207,27.265407,12.93484157
3.208,27.006548,13.09578965
3.209,26.868098,13.25736752
3.21,26.577321,13.41956166
3.211,26.231063,13.58235851
3.212,26.076329,13.74574443
3.213,25.870416,13.9097057
3.214,25.961642,14.07422854
3.215,26.278075,14.23929911
3.216,26.723251,14.4049035
3.217,27.386183,14.57102772
3.218,28.118835,14.73765773
3.219,28.682184,14.90477943
3.22,29.300304,15.07237865
3.221,29.899969,15.24044116
3.222,30.468902,15.40895269
3.223,31.016912,15.57789889
3.224,31.500113,15.74726536
3.225,31.895536,15.91703765
3.226,31.961056,16.08720126
3.227,32.134841,16.25774162
3.228,32.280877,16.42864412
3.229,32.276416,16.59989411
3.23,32.251348,16.77147688
3.231,32.361514,16.94337767
3.232,32.39447,17.11558168
3.233,32.272725,17.28807407
3.234,32.278026,17.46083994
3.235,32.244513,17.63386438
3.236,32.269231,17.80713239
3.237,32.34078,17.98062898
3.238,32.651052,18.1543391
3.239,33.052337,18.32824765
3.24,33.473938,18.50233953
3.241,33.801552,18.67659957
3.242,34.042542,18.85101259
3.243,34.241404,19.02556336
3.244,34.403782,19.20023664
3.245,34.52582,19.37501716
3.246,34.6304,19.5498896
3.247,34.686307,19.72483864
3.248,34.669291,19.89984892
3.249,34.795892,20.07490507
3.25,34.806456,20.24999168
3.251,34.863268,20.42509332
3.252,34.840701,20.60019457
3.253,34.812434,20.77527997
3.254,34.686419,20.95033403
3.255,34.662381,21.12534128
3.256,34.54968,21.3002862
3.257,34.413892,21.47515328
3.258,34.307531,21.649927
3.259,34.041771,21.82459182
3.26,33.88789,21.99913219
3.261,33.659392,22.17353258
3.262,33.469175,22.3477774
3.263,33.178556,22.52185112
3.264,33.093746,22.69573817
3.265,32.946679,22.86942297
3.266,32.774215,23.04288997
3.267,32.657106,23.2161236
3.268,32.604165,23.38910831
3.269,32.738242,23.56182854
3.27,32.679071,23.73426873
3.271,32.69318,23.90641335
3.272,32.762695,24.07824685
3.273,32.882915,24.24975372
3.274,32.990877,24.42091844
3.275,33.127037,24.59172551
3.276,33.231124,24.76215943
3.277,33.147279,24.93220474
3.278,32.88031,25.10184598
3.279,32.507749,25.27106771
3.28,32.138098,25.43985452
3.281,31.766958,25.60819099
3.282,31.409686,25.77606177
3.283,31.156157,25.94345149
3.284,31.057834,26.11034482
3.285,31.0766,26.27672647
3.286,31.11946,26.44258116
3.287,31.189974,26.60789364
3.288,31.283021,26.7726487
3.289,31.398278,26.93683115
3.29,31.548517,27.10042584
3.291,31.810007,27.26341766
3.292,31.910116,27.42579153
3.293,31.91911,27.58753239
3.294,31.757035,27.74862524
3.295,31.432277,27.90905512
3.296,31.03545,28.0688071
3.297,30.810862,28.22786629
3.298,30.611415,28.38621786
3.299,30.588517,28.54384702
3.3,30.645567,28.700739
3.301,30.740273,28.85687911
3.302,30.821074,29.0122527
3.303,30.877544,29.16684517
3.304,30.913431,29.32064195
3.305,31.023307,29.47362857
3.306,31.256616,29.62579056
3.307,31.465336,29.77711354
3.308,31.847897,29.92758319
3.309,32.181177,30.07718521
3.31,32.357189,30.2259054
3.311,32.378033,30.37372961
3.312,32.305566,30.52064373
3.313,32.266099,30.66663374
3.314,32.255986,30.81168567
3.315,32.299169,30.95578561
3.316,32.240301,31.09891975
3.317,32.120217,31.24107429
3.318,31.965909,31.38223556
3.319,31.765988,31.52238992
3.32,31.614359,31.66152381
3.321,31.531663,31.79962376
3.322,31.463439,31.93667635
3.323,31.372568,32.07266825
3.324,31.208808,32.20758619
3.325,29.398332,32.34141701
3.326,29.333776,32.4741476
3.327,29.304856,32.60576493
3.328,29.318018,32.73625606
3.329,29.36013,32.86560814
3.33,29.433758,32.99380839
3.331,29.538082,33.12084413
3.332,29.730804,33.24670273
3.333,29.989583,33.37137169
3.334,30.315353,33.49483858
3.335,32.447052,33.61709104
3.336,33.054283,33.73811684
3.337,33.574793,33.85790381
3.338,34.090724,33.97643988
3.339,34.442489,34.09371307
3.34,34.467934,34.20971151
3.341,34.594394,34.32442341
3.342,34.638715,34.43783708
3.343,34.55999,34.54994092
3.344,34.4998,34.66072346
3.345,34.514697,34.77017329
3.346,34.21164,34.87827912
3.347,31.82826,34.98502976
3.348,31.582825,35.09041412
3.349,31.447045,35.19442123
3.35,31.397647,35.29704019
3.351,31.263124,35.39826023
3.352,31.042428,35.49807069
3.353,30.704281,35.59646101
3.354,30.302008,35.69342073
3.355,29.876969,35.78893952
3.356,29.522404,35.88300714
3.357,29.280609,35.97561347
3.358,29.168824,36.0667485
3.359,29.116393,36.15640234
3.36,29.088257,36.24456521
3.361,29.128388,36.33122744
3.362,29.244397,36.41637948
3.363,29.479312,36.5000119
3.364,29.801991,36.58211538
3.365,30.190277,36.66268073
3.366,30.568442,36.74169886
3.367,30.91646,36.81916081
3.368,31.201253,36.89505776
3.369,31.424579,36.96938097
3.37,31.658494,37.04212187
3.371,31.925387,37.11327197
3.372,32.198869,37.18282293
3.373,32.456889,37.25076653
3.374,32.622552,37.31709467
3.375,32.81603,37.38179938
3.376,32.959912,37.44487282
3.377,33.0664,37.50630727
3.378,33.154685,37.56609514
3.379,33.319943,37.62422897
3.38,33.483837,37.68070145
3.381,33.596072,37.73550536
3.382,36.611543,37.78863363
3.383,36.670834,37.84007934
3.384,36.474963,37.88983568
3.385,36.424046,37.93789598
3.386,36.297762,37.9842537
3.387,36.196376,38.02890244
3.388,36.139743,38.07183592
3.389,36.006419,38.11304802
3.39,33.507259,38.15253274
3.391,33.55208,38.19028422
3.392,33.60605,38.22629673
3.393,33.623591,38.26056469
3.394,33.569583,38.29308264
3.395,33.490887,38.32384529
3.396,33.339615,38.35284745
3.397,33.209541,38.3800841
3.398,33.11773,38.40555034
3.399,33.107355,38.42924142
3.4,33.120477,38.45115274
3.401,33.185679,38.47127983
3.402,33.28392,38.48961834
3.403,33.396901,38.50616411
3.404,33.488076,38.52091309
3.405,33.514246,38.53386138
3.406,33.53297,38.54500521
3.407,33.515422,38.55434099
3.408,33.46557,38.56186524
3.409,33.377614,38.56757463
3.41,33.137372,38.57146598
3.411,32.794522,38.57353627
3.412,32.463971,38.57378259
3.413,32.218454,38.57220221
3.414,32.111398,38.56879253
3.415,32.124063,38.56355109
3.416,32.227976,38.55647558
3.417,32.350615,38.54756385
3.418,32.454304,38.53681389
3.419,32.560462,38.52422382
3.42,32.689556,38.50979194
3.421,32.862716,38.49351665
3.422,33.002875,38.47539655
3.423,33.065319,38.45543036
3.424,33.031736,38.43361694
3.425,32.935503,38.40995531
3.426,32.816169,38.38444464
3.427,32.715929,38.35708425
3.428,32.570639,38.3278736
3.429,32.516623,38.2968123
3.43,32.476391,38.26390011
3.431,32.352394,38.22913694
3.432,32.114264,38.19252284
3.433,31.901308,38.15405802
3.434,31.780097,38.11374283
3.435,31.716559,38.07157778
3.436,31.698687,38.02756351
3.437,31.689607,37.98170083
3.438,31.569957,37.93399067
3.439,31.398131,37.88443414
3.44,31.189738,37.83303248
3.441,30.950178,37.77978708
3.442,30.681072,37.72469948
3.443,30.463307,37.66777137
3.444,30.339169,37.60900459
3.445,30.311149,37.54840111
3.446,30.352602,37.48596307
3.447,30.326174,37.42169274
3.448,30.273735,37.35559256
3.449,30.217356,37.28766509
3.45,30.168887,37.21791306
3.451,30.05926,37.14633933
3.452,29.919689,37.07294692
3.453,29.708728,36.99773898
3.454,29.448579,36.92071881
3.455,29.133909,36.84188988
3.456,28.830285,36.76125577
3.457,28.544857,36.67882022
3.458,28.347436,36.59458713
3.459,28.246806,36.50856052
3.46,28.214364,36.42074457
3.461,28.343422,36.3311436
3.462,28.424869,36.23976207
3.463,28.552893,36.14660458
3.464,28.68339,36.05167588
3.465,28.811406,35.95498087
3.466,28.793002,35.85652458
3.467,28.789529,35.75631217
3.468,28.700446,35.65434898
3.469,28.558796,35.55064045
3.47,28.327504,35.44519217
3.471,27.998263,35.3380099
3.472,27.633414,35.2290995
3.473,27.288038,35.11846698
3.474,26.819654,35.00611851
3.475,26.308345,34.89206037
3.476,25.858098,34.77629899
3.477,25.481058,34.65884094
3.478,25.211171,34.53969292
3.479,25.127074,34.41886176
3.48,25.213413,34.29635444
3.481,25.305812,34.17217807
3.482,25.255944,34.04633988
3.483,25.231653,33.91884725
3.484,25.089201,33.7897077
3.485,24.893447,33.65892885
3.486,24.583264,33.52651849
3.487,24.112122,33.39248451
3.488,23.606434,33.25683494
3.489,23.120906,33.11957795
3.49,22.71712,32.98072182
3.491,22.484638,32.84027498
3.492,22.406905,32.69824598
3.493,22.347703,32.55464348
3.494,22.342528,32.40947628
3.495,22.667967,32.26275332
3.496,23.059368,32.11448363
3.497,23.711273,31.96467639
3.498,24.4032,31.8133409
3.499,24.996988,31.66048658
3.5,25.445396,31.50612296
3.501,29.055098,31.3502597
3.502,29.305065,31.19290658
3.503,29.482208,31.03407351
3.504,29.571129,30.8737705
3.505,29.586271,30.71200768
3.506,29.469952,30.54879531
3.507,29.302054,30.38414374
3.508,29.152161,30.21806347
3.509,29.035684,30.05056508
3.51,28.947915,29.88165929
3.511,28.926059,29.71135691
3.512,28.886465,29.53966887
3.513,28.731691,29.36660622
3.514,28.461769,29.19218011
3.515,27.991123,29.01640178
3.516,27.45507,28.83928262
3.517,26.896983,28.66083409
3.518,26.405055,28.48106777
3.519,25.846182,28.29999534
3.52,25.277122,28.11762859
3.521,24.770961,27.9339794
3.522,24.442897,27.74905977
3.523,24.300616,27.56288178
3.524,24.387783,27.37545763
3.525,24.644481,27.18679959
3.526,25.007138,26.99692006
3.527,25.327321,26.80583152
3.528,25.514126,26.61354654
3.529,25.578337,26.4200778
3.53,25.520852,26.22543805
3.531,25.466275,26.02964015
3.532,25.35253,25.83269705
3.533,25.008316,25.63462178
3.534,24.456412,25.43542748
3.535,23.818472,25.23512734
3.536,23.173766,25.03373468
3.537,22.672607,24.83126287
3.538,22.403694,24.62772538
3.539,22.342724,24.42313576
3.54,22.467379,24.21750765
3.541,22.597154,24.01085476
3.542,22.729609,23.80319089
3.543,22.993607,23.59452989
3.544,23.296508,23.38488573
3.545,23.560125,23.17427243
3.546,23.705474,22.96270409
3.547,23.690577,22.75019487
3.548,23.52065,22.53675903
3.549,23.329363,22.32241089
3.55,23.13548,22.10716482
3.551,22.908108,21.89103529
3.552,22.820379,21.67403681
3.553,22.568787,21.45618398
3.554,22.311745,21.23749145
3.555,22.177785,21.01797393
3.556,22.210054,20.79764621
3.557,22.237616,20.57652314
3.558,22.295291,20.3546196
3.559,22.394481,20.13195056
3.56,22.425564,19.90853104
3.561,22.463137,19.68437611
3.562,22.469857,19.45950091
3.563,22.372668,19.2339206
3.564,22.367269,19.00765043
3.565,22.139299,18.78070569
3.566,21.960079,18.5531017
3.567,21.558949,18.32485385
3.568,21.040384,18.09597757
3.569,20.354176,17.86648834
3.57,19.647427,17.63640168
3.571,18.921174,17.40573315
3.572,18.213729,17.17449836
3.573,17.399656,16.94271295
3.574,16.629572,16.71039261
3.575,15.957432,16.47755306
3.576,15.119096,16.24421006
3.577,14.513434,16.0103794
3.578,13.822403,15.77607691
3.579,13.104575,15.54131846
3.58,12.087148,15.30611993
3.581,11.149458,15.07049725
3.582,10.30543,14.83446636
3.583,9.681833,14.59804323
3.584,9.317843,14.36124389
3.585,9.162037,14.12408434
3.586,9.117069,13.88658063
3.587,9.11104,13.64874885
3.588,9.206774,13.41060507
3.589,9.388386,13.17216541
3.59,9.741064,12.93344599
3.591,10.280806,12.69446295
3.592,10.877942,12.45523247
3.593,11.640596,12.21577069
3.594,12.141774,11.97609381
3.595,12.497498,11.73621802
3.596,12.650867,11.49615952
3.597,12.657728,11.25593451
3.598,12.651723,11.01555923
3.599,12.49105,10.77504988
3.6,12.272208,10.53442269
3.601,11.945233,10.29369388
3.602,11.546505,10.05287969
3.603,11.134109,9.811996345
3.604,10.585493,9.571060061
3.605,9.664101,9.330087064
3.606,9.085939,9.089093571
3.607,8.63152,8.84809579
3.608,8.450542,8.607109926
3.609,8.481551,8.366152173
3.61,8.585575,8.125238713
3.611,8.574542,7.88438572
3.612,8.478683,7.643609352
3.613,8.313958,7.402925753
3.614,8.191805,7.162351053
3.615,8.070926,6.921901364
3.616,7.963709,6.681592778
3.617,7.838707,6.441441369
3.618,4.168928,6.201463188
3.619,3.848187,5.961674266
3.62,3.339293,5.722090607
3.621,2.975858,5.482728191
3.622,2.567832,5.243602971
3.623,2.278876,5.004730874
3.624,2.04834,4.766127793
3.625,1.80537,4.527809595
3.626,1.599885,4.289792113
3.627,1.336085,4.052091144
3.628,1.046451,3.814722454
3.629,0.751692,3.577701771
3.63,0.468747,3.341044786
3.631,0.116221,3.104767151
3.632,-0.215551,2.868884477
3.633,-0.547474,2.633412335
3.634,-0.686533,2.398366252
3.635,-1.061889,2.163761711
3.636,-1.389755,1.92961415
3.637,-1.503632,1.69593896
3.638,-1.803785,1.462751484
3.639,-2.142049,1.230067016
3.64,-2.330362,0.997900798
3.641,-2.561897,0.76626802
3.642,-2.841969,0.535183822
3.643,-3.195537,0.304663285
3.644,-3.560605,0.074721437
3.645,-3.94691,-0.154626752
3.646,-4.117548,-0.38336637
3.647,-4.183993,-0.611482565
3.648,-4.340116,-0.838960547
3.649,-4.501363,-1.065785586
3.65,-4.624782,-1.291943016
3.651,-4.697016,-1.517418237
3.652,-4.672909,-1.742196714
3.653,-4.757868,-1.966263978
3.654,-4.769572,-2.18960563
3.655,-4.820968,-2.41220734
3.656,-5.112449,-2.634054849
3.657,-5.397983,-2.855133969
3.658,-5.499731,-3.075430587
3.659,-5.604296,-3.294930662
3.66,-5.784492,-3.513620231
3.661,-5.901329,-3.731485405
3.662,-6.1535,-3.948512376
3.663,-6.488977,-4.164687414
3.664,-7.06663,-4.379996866
3.665,-7.506519,-4.594427166
3.666,-7.887351,-4.807964827
3.667,-8.273421,-5.020596446
3.668,-8.591361,-5.232308705
3.669,-8.865057,-5.443088372
3.67,-9.301088,-5.652922303
3.671,-9.807869,-5.861797441
3.672,-10.205286,-6.069700819
3.673,-10.081422,-6.276619558
3.674,-10.045064,-6.482540875
3.675,-9.981336,-6.687452075
3.676,-9.931445,-6.891340558
3.677,-9.852529,-7.094193821
3.678,-9.800201,-7.295999453
3.679,-9.811017,-7.496745142
3.68,-9.816632,-7.696418673
3.681,-9.678292,-7.895007929
3.682,-9.547099,-8.092500896
3.683,-9.824846,-8.288885656
3.684,-10.086087,-8.484150397
3.685,-10.452702,-8.678283408
3.686,-10.961719,-8.871273081
3.687,-11.495777,-9.063107913
3.688,-12.226439,-9.253776509
3.689,-12.768889,-9.443267578
3.69,-13.114325,-9.631569937
3.691,-13.297557,-9.818672513
3.692,-13.879764,-10.00456434
3.693,-14.506082,-10.18923457
3.694,-15.250267,-10.37267245
3.695,-15.688817,-10.55486735
3.696,-16.309024,-10.73580876
3.697,-16.53189,-10.91548628
3.698,-17.004349,-11.09388961
3.699,-17.321289,-11.27100857
3.7,-17.685583,-11.44683312
3.701,-17.966446,-11.62135332
3.702,-18.044025,-11.79455934
3.703,-17.989294,-11.96644147
3.704,-17.865069,-12.13699015
3.705,-17.92556,-12.3061959
3.706,-17.749895,-12.47404938
3.707,-17.85082,-12.64054138
3.708,-17.947992,-12.8056628
3.709,-18.110962,-12.96940466
3.71,-18.0754,-13.13175812
3.711,-18.144551,-13.29271446
3.712,-18.139334,-13.45226508
3.713,-18.20944,-13.6104015
3.714,-18.33692,-13.76711539
3.715,-18.548431,-13.92239853
3.716,-18.622871,-14.07624283
3.717,-18.611875,-14.22864033
3.718,-18.583321,-14.37958321
3.719,-18.589045,-14.52906376
3.72,-18.646225,-14.67707443
3.721,-18.788718,-14.82360777
3.722,-18.83392,-14.96865648
3.723,-19.060404,-15.1122134
3.724,-19.01898,-15.25427149
3.725,-18.922147,-15.39482384
3.726,-18.863548,-15.53386369
3.727,-18.921158,-15.6713844
3.728,-18.907351,-15.80737949
3.729,-18.96006,-15.94184258
3.73,-18.94997,-16.07476745
3.731,-18.886286,-16.20614802
3.732,-18.933528,-16.33597834
3.733,-18.821519,-16.4642526
3.734,-18.663228,-16.59096512
3.735,-18.444722,-16.71611037
3.736,-18.293438,-16.83968296
3.737,-18.136364,-16.96167763
3.738,-18.092739,-17.08208928
3.739,-18.031262,-17.20091292
3.74,-18.285609,-17.31814372
3.741,-18.667065,-17.433777
3.742,-19.482988,-17.5478082
3.743,-19.745512,-17.66023293
3.744,-20.294106,-17.77104691
3.745,-20.953509,-17.88024602
3.746,-21.656921,-17.98782629
3.747,-22.258787,-18.09378388
3.748,-22.716773,-18.1981151
3.749,-22.936762,-18.3008164
3.75,-23.262489,-18.40188438
3.751,-23.047089,-18.50131579
3.752,-22.90766,-18.5991075
3.753,-22.680748,-18.69525656
3.754,-22.490995,-18.78976013
3.755,-22.388414,-18.88261553
3.756,-22.212571,-18.97382025
3.757,-22.238923,-19.06337187
3.758,-22.286257,-19.15126818
3.759,-22.442461,-19.23750707
3.76,-22.657769,-19.32208659
3.761,-22.907107,-19.40500493
3.762,-23.128479,-19.48626045
3.763,-23.465984,-19.56585163
3.764,-23.828057,-19.64377711
3.765,-24.350513,-19.72003567
3.766,-24.513563,-19.79462624
3.767,-24.701842,-19.86754789
3.768,-24.688621,-19.93879986
3.769,-24.560939,-20.0083815
3.77,-24.506152,-20.07629233
3.771,-24.556323,-20.14253201
3.772,-24.219635,-20.20710037
3.773,-24.106526,-20.26999734
3.774,-23.81956,-20.33122303
3.775,-23.675137,-20.3907777
3.776,-23.542751,-20.44866173
3.777,-23.547625,-20.50487568
3.778,-23.649229,-20.55942021
3.779,-24.001438,-20.61229618
3.78,-24.194405,-20.66350456
3.781,-24.36081,-20.71304647
3.782,-24.581666,-20.76092318
3.783,-24.993119,-20.80713612
3.784,-25.370402,-20.85168685
3.785,-25.741278,-20.89457706
3.786,-26.247028,-20.93580862
3.787,-26.729711,-20.97538352
3.788,-27.210971,-21.0133039
3.789,-27.772971,-21.04957205
3.79,-28.15468,-21.08419039
3.791,-28.593683,-21.1171615
3.792,-29.080293,-21.1484881
3.793,-29.415423,-21.17817304
3.794,-29.649901,-21.20621933
3.795,-29.506185,-21.23263011
3.796,-29.403582,-21.25740867
3.797,-29.104213,-21.28055844
3.798,-28.788884,-21.30208299
3.799,-28.486354,-21.32198602
3.8,-28.311475,-21.3402714
3.801,-28.37935,-21.35694311
3.802,-28.343886,-21.37200528
3.803,-28.306955,-21.3854622
3.804,-28.281782,-21.39731825
3.805,-28.37198,-21.40757801
3.806,-28.446814,-21.41624615
3.807,-28.848851,-21.42332749
3.808,-29.126321,-21.42882701
3.809,-29.316545,-21.4327498
3.81,-29.578259,-21.43510109
3.811,-29.844847,-21.43588625
3.812,-30.050728,-21.4351108
3.813,-30.319996,-21.43278037
3.814,-30.400639,-21.42890073
3.815,-30.463031,-21.4234778
3.816,-30.517482,-21.41651761
3.817,-30.560971,-21.40802634
3.818,-31.082716,-21.39801029
3.819,-31.125341,-21.38647589
3.82,-31.190343,-21.37342972
3.821,-31.082615,-21.35887847
3.822,-30.886175,-21.34282897
3.823,-30.723795,-21.32528816
3.824,-30.571091,-21.30626314
3.825,-30.608341,-21.2857611
3.826,-30.714647,-21.26378939
3.827,-30.950806,-21.24035546
3.828,-31.225467,-21.21546691
3.829,-31.12191,-21.18913144
3.83,-31.115272,-21.16135689
3.831,-31.119814,-21.13215121
3.832,-31.048392,-21.10152248
3.833,-31.120906,-21.0694789
3.834,-31.277663,-21.03602881
3.835,-31.503189,-21.00118062
3.836,-31.496424,-20.96494291
3.837,-31.487101,-20.92732436
3.838,-31.429068,-20.88833375
3.839,-31.439939,-20.84798
3.84,-31.40034,-20.80627214
3.841,-31.358106,-20.76321931
3.842,-31.366059,-20.71883076
3.843,-31.410256,-20.67311587
3.844,-31.585191,-20.62608412
3.845,-31.987419,-20.57774509
3.846,-32.263844,-20.5281085
3.847,-32.478032,-20.47718415
3.848,-32.749209,-20.42498197
3.849,-33.074901,-20.37151198
3.85,-33.397291,-20.31678433
3.851,-33.897727,-20.26080925
3.852,-34.084625,-20.20359708
3.853,-34.374975,-20.14515829
3.854,-34.448175,-20.08550341
3.855,-34.439154,-20.02464311
3.856,-34.388315,-19.96258815
3.857,-34.155385,-19.89934937
3.858,-33.895949,-19.83493773
3.859,-33.588598,-19.76936428
3.86,-32.953659,-19.70264018
3.861,-32.223939,-19.63477666
3.862,-31.563558,-19.56578508
3.863,-31.071637,-19.49567685
3.864,-30.805388,-19.4244635
3.865,-30.874849,-19.35215666
3.866,-30.627149,-19.27876803
3.867,-30.625394,-19.20430941
3.868,-30.140019,-19.12879268
3.869,-29.457586,-19.05222982
3.87,-29.153281,-18.97463288
3.871,-28.760531,-18.89601401
3.872,-27.638227,-18.81638544
3.873,-27.117469,-18.73575947
3.874,-26.823802,-18.65414849
3.875,-26.0212,-18.57156499
3.876,-25.318195,-18.4880215
3.877,-24.688272,-18.40353067
3.878,-24.20388,-18.31810519
3.879,-23.832693,-18.23175785
3.88,-23.5379,-18.1445015
3.881,-23.205881,-18.05634908
3.882,-22.908241,-17.96731358
3.883,-22.609569,-17.87740809
3.884,-15.7623,-17.78664574
3.885,-15.206734,-17.69503974
3.886,-14.704383,-17.60260337
3.887,-16.850009,-17.50934998
3.888,-16.224345,-17.41529298
3.889,-15.663793,-17.32044584
3.89,-14.943369,-17.22482209
3.891,-14.199526,-17.12843535
3.892,-13.40582,-17.03129925
3.893,-12.856051,-16.93342751
3.894,-12.116422,-16.83483392
3.895,-11.727545,-16.7355323
3.896,-11.474811,-16.63553653
3.897,-11.137733,-16.53486054
3.898,-13.338783,-16.43351834
3.899,-13.049032,-16.33152396
3.9,-12.855306,-16.22889149
3.901,-12.743858,-16.12563507
3.902,-12.730577,-16.02176889
3.903,-12.855455,-15.91730718
3.904,-13.095228,-15.81226421
3.905,-13.19358,-15.70665431
3.906,-13.267476,-15.60049183
3.907,-13.30494,-15.49379118
3.908,-13.357153,-15.3865668
3.909,-13.674521,-15.27883317
3.91,-13.903975,-15.1706048
3.911,-14.029127,-15.06189625
3.912,-14.073322,-14.9527221
3.913,-15.904213,-14.84309697
3.914,-15.470797,-14.73303551
3.915,-14.937373,-14.62255239
3.916,-14.390091,-14.51166233
3.917,-13.764292,-14.40038006
3.918,-13.274536,-14.28872033
3.919,-12.799043,-14.17669794
3.92,-12.420462,-14.06432769
3.921,-12.095903,-13.95162441
3.922,-12.069572,-13.83860295
3.923,-12.187464,-13.72527819
3.924,-12.252033,-13.611665
3.925,-12.524181,-13.49777829
3.926,-12.604333,-13.38363299
3.927,-12.471471,-13.26924401
3.928,-12.409277,-13.15462632
3.929,-12.43286,-13.03979485
3.93,-1.382297,-12.92476459
3.931,-1.180031,-12.80955049
3.932,-1.061089,-12.69416754
3.933,-0.93901,-12.57863072
3.934,-1.027064,-12.46295503
3.935,-1.130778,-12.34715545
3.936,-1.230573,-12.23124698
3.937,-1.272962,-12.11524461
3.938,-1.205825,-11.99916333
3.939,-11.949957,-11.88301814
3.94,-11.716177,-11.76682401
3.941,-11.479213,-11.65059592
3.942,-11.228403,-11.53434885
3.943,-10.979398,-11.41809776
3.944,-10.696742,-11.3018576
3.945,-10.573591,-11.18564332
3.946,-10.50271,-11.06946985
3.947,-10.34436,-10.9533521
3.948,-10.236587,-10.83730498
3.949,-10.255921,-10.72134337
3.95,-10.368804,-10.60548213
3.951,-10.468531,-10.48973613
3.952,-10.456112,-10.37412017
3.953,-10.395659,-10.25864908
3.954,-10.359427,-10.14333762
3.955,-10.371898,-10.02820057
3.956,0.723415,-9.913252643
3.957,0.661603,-9.798508553
3.958,0.518836,-9.683982974
3.959,0.389175,-9.569690551
3.96,0.406902,-9.455645899
3.961,0.564556,-9.341863598
3.962,0.717555,-9.228358196
3.963,-10.352052,-9.115144207
3.964,-10.254456,-9.002236104
3.965,-9.949073,-8.889648326
3.966,-9.840153,-8.77739527
3.967,-9.890698,-8.665491295
3.968,-9.982442,-8.553950716
3.969,-10.099847,-8.442787804
3.97,-9.801457,-8.332016789
3.971,-10.241649,-8.221651851
3.972,-10.517499,-8.111707126
3.973,-10.847104,-8.0021967
3.974,-11.124544,-7.893134609
3.975,-11.291644,-7.784534838
3.976,-11.334893,-7.676411322
3.977,-11.283783,-7.568777939
3.978,-11.117541,-7.461648514
3.979,-10.819939,-7.355036817
3.98,-10.36147,-7.248956558
3.981,-9.874485,-7.14342139
3.982,-9.600327,-7.038444905
3.983,-9.304902,-6.934040636
3.984,-9.121481,-6.830222052
3.985,-8.884938,-6.727002558
3.986,-8.847995,-6.624395496
3.987,-8.664814,-6.52241414
3.988,-8.403051,-6.421071698
3.989,-8.247223,-6.320381309
3.99,-8.133798,-6.220356043
3.991,-8.009885,-6.121008899
3.992,-7.888753,-6.022352802
3.993,-7.69598,-5.924400608
3.994,-7.289603,-5.827165093
3.995,-6.944646,-5.730658963
3.996,-6.707994,-5.634894844
3.997,-6.453339,-5.539885284
3.998,-6.225178,-5.445642754
3.999,-6.082949,-5.352179642
4,-5.967998,-5.259508258
4.001,-5.991837,-5.167640827
4.002,-6.123087,-5.076589492
4.003,-6.216055,-4.98636631
4.004,-6.431848,-4.896983252
4.005,-6.510251,-4.808452205
4.006,-6.629476,-4.720784964
4.007,-6.709253,-4.633993239
4.008,-6.694559,-4.548088646
4.009,-6.393312,-4.463082712
4.01,-6.310753,-4.378986872
4.011,-6.155536,-4.295812467
4.012,-5.935691,-4.213570743
4.013,-5.679403,-4.132272853
4.014,-5.462686,-4.05192985
4.015,-5.199138,-3.972552693
4.016,-5.329272,-3.894152241
4.017,-5.185139,-3.816739253
4.018,-5.092332,-3.740324389
4.019,-5.036754,-3.664918207
4.02,-4.990498,-3.590531163
4.021,-4.808206,-3.517173609
4.022,-4.650503,-3.444855793
4.023,-4.423645,-3.373587858
4.024,-4.127786,-3.303379841
4.025,-3.814829,-3.234241671
4.026,-3.306181,-3.16618317
4.027,-2.967028,-3.099214051
4.028,-2.60109,-3.033343917
4.029,8.733501,-2.968582261
4.03,9.145122,-2.904938463
4.031,9.622408,-2.842421792
4.032,10.069295,-2.781041403
4.033,10.473409,-2.720806337
4.034,10.668526,-2.66172552
4.035,10.621383,-2.603807764
4.036,10.519139,-2.547061761
4.037,10.142937,-2.491496088
4.038,9.704539,-2.437119204
4.039,9.1754,-2.383939448
4.04,-1.545445,-2.331965039
4.041,-1.902759,-2.281204077
4.042,-2.285183,-2.23166454
4.043,-2.55045,-2.183354284
4.044,-2.624479,-2.136281042
4.045,-2.589033,-2.090452423
4.046,-2.310595,-2.045875915
4.047,-2.017891,-2.002558877
4.048,-1.737944,-1.960508544
4.049,-1.450237,-1.919732027
4.05,-1.213258,-1.880236308
4.051,-0.954481,-1.842028241
4.052,9.895964,-1.805114554
4.053,10.188977,-1.769501844
4.054,10.461777,-1.73519658
4.055,10.713515,-1.7022051
4.056,10.942278,-1.670533614
4.057,11.1903,-1.640188197
4.058,11.272232,-1.611174796
4.059,11.466224,-1.583499223
4.06,11.726847,-1.557167158
4.061,11.926925,-1.532184148
4.062,12.168567,-1.508555607
4.063,12.099566,-1.486286812
4.064,11.895769,-1.465382907
4.065,11.741944,-1.445848901
4.066,11.530831,-1.427689666
4.067,11.530192,-1.410909938
4.068,11.609106,-1.395514316
4.069,11.637101,-1.381507264
4.07,11.548703,-1.368893105
4.071,11.384921,-1.357676026
4.072,10.99477,-1.347860075
4.073,10.941672,-1.339449162
4.074,10.985208,-1.332447056
4.075,10.940237,-1.326857388
4.076,10.738468,-1.322683649
4.077,1.065771,-1.31992919
4.078,1.027703,-1.318597219
4.079,1.165869,-1.318690807
4.08,1.386777,-1.32021288
4.081,1.644605,-1.323166226
4.082,11.646718,-1.327553488
4.083,11.923175,-1.333377169
4.084,12.025623,-1.340639631
4.085,2.491074,-1.349343089
4.086,12.280143,-1.35948962
4.087,12.486719,-1.371081156
4.088,12.639436,-1.384119486
4.089,12.913437,-1.398606255
4.09,12.901202,-1.414542966
4.091,12.919439,-1.431930977
4.092,12.997311,-1.450771503
4.093,13.114591,-1.471065615
4.094,13.252584,-1.49281424
4.095,4.012615,-1.51601816
4.096,4.137411,-1.540678014
4.097,4.212568,-1.566794296
4.098,4.266142,-1.594367355
4.099,4.200144,-1.623397397
4.1,4.094106,-1.653884483
4.101,3.94189,-1.685828528
4.102,3.801558,-1.719229304
4.103,3.607164,-1.754086438
4.104,3.457209,-1.790399413
4.105,3.405404,-1.828167566
4.106,3.399694,-1.867390091
4.107,3.422283,-1.908066037
4.108,3.509294,-1.950194309
4.109,3.64543,-1.993773666
4.11,3.760538,-2.038802724
4.111,3.775169,-2.085279957
4.112,11.411005,-2.13320369
4.113,11.345678,-2.182572109
4.114,11.243828,-2.233383252
4.115,11.038959,-2.285635018
4.116,10.79456,-2.339325159
4.117,10.468823,-2.394451284
4.118,10.013847,-2.45101086
4.119,9.227996,-2.509001212
4.12,8.719958,-2.568419519
4.121,8.620934,-2.629262822
4.122,8.249321,-2.691528015
4.123,1.897632,-2.755211854
4.124,1.845983,-2.820310952
4.125,1.716891,-2.886821779
4.126,1.485013,-2.954740666
4.127,1.533382,-3.024063802
4.128,1.460508,-3.094787236
4.129,1.415183,-3.166906877
4.13,1.482627,-3.240418494
4.131,1.544048,-3.315317715
4.132,1.669823,-3.391600031
4.133,1.76048,-3.469260793
4.134,1.608485,-3.548295214
4.135,1.734986,-3.628698371
4.136,1.860197,-3.710465199
4.137,2.088913,-3.793590499
4.138,2.103871,-3.878068936
4.139,2.122847,-3.963895036
4.14,2.151388,-4.051063191
4.141,2.044327,-4.139567659
4.142,1.530376,-4.229402559
4.143,1.149966,-4.320561881
4.144,1.059454,-4.413039477
4.145,0.653561,-4.506829068
4.146,0.13075,-4.601924241
4.147,-0.407653,-4.698318451
4.148,-0.829164,-4.796005023
4.149,-1.113003,-4.894977149
4.15,-1.360593,-4.995227891
4.151,-1.442797,-5.096750182
4.152,-1.296413,-5.199536825
4.153,-1.329729,-5.303580494
4.154,-1.415276,-5.408873736
4.155,-1.529515,-5.51540897
4.156,-1.694006,-5.623178488
4.157,-1.927814,-5.732174456
4.158,-2.281694,-5.842388916
4.159,-2.727902,-5.953813784
4.16,-3.134261,-6.066440851
4.161,-3.482521,-6.180261788
4.162,-3.678603,-6.295268139
4.163,-3.729767,-6.41145133
4.164,-3.608341,-6.528802665
4.165,-3.323316,-6.647313325
4.166,-2.969373,-6.766974376
4.167,-2.570757,-6.887776761
4.168,-2.050999,-7.009711307
4.169,-1.923546,-7.132768724
4.17,-2.055319,-7.256939604
4.171,-2.460447,-7.382214426
4.172,-3.139698,-7.508583552
4.173,-3.892157,-7.63603723
4.174,-4.405675,-7.764565596
4.175,-5.24309,-7.894158674
4.176,-6.084426,-8.024806376
4.177,-6.771061,-8.156498503
4.178,-7.496476,-8.289224747
4.179,-8.081392,-8.422974692
4.18,-8.440576,-8.557737813
4.181,-8.574059,-8.693503478
4.182,-8.48649,-8.830260951
4.183,-8.279385,-8.967999389
4.184,-7.897019,-9.106707845
4.185,-7.76091,-9.24637527
4.186,-7.698372,-9.386990512
4.187,-7.689416,-9.528542318
4.188,-7.675716,-9.671019336
4.189,-8.993218,-9.814410113
4.19,-9.522322,-9.958703099
4.191,-10.283674,-10.10388665
4.192,-11.009783,-10.24994901
4.193,-11.976073,-10.39687835
4.194,-12.860799,-10.54466274
4.195,-13.513358,-10.69329014
4.196,-13.974979,-10.84274845
4.197,-14.491398,-10.99302545
4.198,-15.092759,-11.14410884
4.199,-15.630858,-11.29598624
4.2,-16.005012,-11.44864516
4.201,-16.324651,-11.60207305
4.202,-16.626237,-11.75625727
4.203,-16.981382,-11.91118507
4.204,-17.48047,-12.06684364
4.205,-17.943977,-12.22322008
4.206,-18.250686,-12.38030143
4.207,-18.704462,-12.5380746
4.208,-18.978426,-12.69652648
4.209,-19.307332,-12.85564385
4.21,-19.642742,-13.01541341
4.211,-19.888922,-13.17582179
4.212,-20.254992,-13.33685556
4.213,-20.499635,-13.49850121
4.214,-20.653882,-13.66074514
4.215,-20.729697,-13.8235737
4.216,-20.937183,-13.98697316
4.217,-21.110631,-14.15092974
4.218,-21.450252,-14.31542957
4.219,-21.84985,-14.48045873
4.22,-22.069544,-14.64600322
4.221,-22.363301,-14.812049
4.222,-22.677653,-14.97858193
4.223,-23.130768,-15.14558786
4.224,-23.382951,-15.31305254
4.225,-23.626428,-15.48096167
4.226,-24.019795,-15.64930091
4.227,-24.218294,-15.81805585
4.228,-24.520208,-15.98721203
4.229,-24.831585,-16.15675493
4.23,-25.03232,-16.32666998
4.231,-25.411687,-16.49694257
4.232,-25.856885,-16.66755803
4.233,-26.281841,-16.83850165
4.234,-26.795341,-17.00975866
4.235,-27.216104,-17.18131425
4.236,-27.549452,-17.35315358
4.237,-27.885189,-17.52526175
4.238,-28.190049,-17.69762382
4.239,-28.557825,-17.87022482
4.24,-28.902887,-18.04304973
4.241,-29.197899,-18.2160835
4.242,-29.430168,-18.38931104
4.243,-29.597412,-18.56271723
4.244,-29.824785,-18.73628691
4.245,-30.165138,-18.91000489
4.246,-30.673623,-19.08385595
4.247,-31.180908,-19.25782483
4.248,-31.615215,-19.43189627
4.249,-32.011568,-19.60605495
4.25,-32.410641,-19.78028554
4.251,-32.815391,-19.95457269
4.252,-33.265339,-20.12890102
4.253,-33.683471,-20.30325513
4.254,-33.992003,-20.47761961
4.255,-34.139117,-20.65197901
4.256,-34.185399,-20.82631787
4.257,-34.21573,-21.00062073
4.258,-34.216319,-21.1748721
4.259,-34.193281,-21.34905648
4.26,-34.20316,-21.52315836
4.261,-34.111435,-21.69716222
4.262,-33.799006,-21.87105252
4.263,-33.650933,-22.04481373
4.264,-33.567061,-22.2184303
4.265,-33.527946,-22.39188668
4.266,-33.498005,-22.56516732
4.267,-33.558016,-22.73825666
4.268,-33.485501,-22.91113914
4.269,-33.493304,-23.08379921
4.27,-33.614233,-23.25622131
4.271,-33.786741,-23.42838989
4.272,-34.007682,-23.6002894
4.273,-34.161434,-23.7719043
4.274,-34.235313,-23.94321907
4.275,-34.152677,-24.11421816
4.276,-33.795104,-24.28488607
4.277,-33.764413,-24.4552073
4.278,-33.914872,-24.62516635
4.279,-33.690999,-24.79474775
4.28,-33.321564,-24.96393603
4.281,-33.030441,-25.13271576
4.282,-32.735075,-25.30107151
4.283,-32.499879,-25.46898787
4.284,-32.466984,-25.63644945
4.285,-32.422508,-25.8034409
4.286,-32.436857,-25.96994688
4.287,-32.478688,-26.13595207
4.288,-32.392245,-26.30144118
4.289,-32.237616,-26.46639897
4.29,-31.910317,-26.63081019
4.291,-31.561093,-26.79465965
4.292,-31.178733,-26.95793218
4.293,-30.823934,-27.12061265
4.294,-30.22653,-27.28268596
4.295,-29.878094,-27.44413705
4.296,-29.586798,-27.60495088
4.297,-29.419524,-27.76511248
4.298,-29.463797,-27.92460689
4.299,-29.773613,-28.08341921
4.3,-30.375725,-28.24153458
4.301,-31.189897,-28.39893817
4.302,-32.028853,-28.55561522
4.303,-32.757163,-28.71155099
4.304,-33.359201,-28.8667308
4.305,-33.834605,-29.02114003
4.306,-34.187658,-29.17476409
4.307,-34.431067,-29.32758846
4.308,-34.570982,-29.47959866
4.309,-34.541161,-29.63078027
4.31,-34.378989,-29.78111893
4.311,-34.125475,-29.93060032
4.312,-33.882984,-30.0792102
4.313,-33.735711,-30.22693437
4.314,-33.725161,-30.37375871
4.315,-33.85483,-30.51966915
4.316,-34.024009,-30.66465169
4.317,-34.154079,-30.80869238
4.318,-34.253769,-30.95177734
4.319,-34.334345,-31.09389279
4.32,-34.41822,-31.23502496
4.321,-34.531207,-31.3751602
4.322,-34.692712,-31.51428491
4.323,-34.880246,-31.65238555
4.324,-34.914268,-31.78944868
4.325,-34.864119,-31.92546091
4.326,-34.771935,-32.06040894
4.327,-34.680651,-32.19427955
4.328,-34.558182,-32.32705958
4.329,-34.560899,-32.45873596
4.33,-34.64852,-32.5892957
4.331,-32.807355,-32.7187259
4.332,-32.904549,-32.84701372
4.333,-35.06453,-32.97414643
4.334,-32.952272,-33.10011136
4.335,-33.062131,-33.22489594
4.336,-35.627047,-33.3484877
4.337,-35.886988,-33.47087422
4.338,-36.263316,-33.5920432
4.339,-36.590186,-33.71198244
4.34,-34.103349,-33.83067979
4.341,-34.137159,-33.94812323
4.342,-34.124121,-34.06430081
4.343,-34.040889,-34.1792007
4.344,-33.898737,-34.29281114
4.345,-33.697295,-34.40512048
4.346,-33.426597,-34.51611716
4.347,-33.159109,-34.62578974
4.348,-35.390691,-34.73412685
4.349,-35.218443,-34.84111724
4.35,-35.201467,-34.94674975
4.351,-35.28277,-35.05101335
4.352,-35.382667,-35.15389707
4.353,-35.430861,-35.25539009
4.354,-35.46305,-35.35548166
4.355,-35.471626,-35.45416115
4.356,-35.421711,-35.55141806
4.357,-35.292783,-35.64724196
4.358,-35.107969,-35.74162255
4.359,-34.874911,-35.83454965
4.36,-34.627376,-35.92601317
4.361,-34.428583,-36.01600315
4.362,-34.330366,-36.10450973
4.363,-34.332962,-36.19152318
4.364,-34.405716,-36.27703386
4.365,-34.47357,-36.36103228
4.366,-34.627901,-36.44350904
4.367,-34.889359,-36.52445486
4.368,-35.206946,-36.60386059
4.369,-35.533047,-36.6817172
4.37,-35.743912,-36.75801577
4.371,-35.84823,-36.83274751
4.372,-35.744793,-36.90590374
4.373,-35.499629,-36.97747591
4.374,-35.16271,-37.04745561
4.375,-34.859332,-37.11583451
4.376,-34.51226,-37.18260446
4.377,-34.215041,-37.24775739
4.378,-31.599481,-37.31128538
4.379,-31.309148,-37.37318063
4.38,-31.073131,-37.43343547
4.381,-30.874813,-37.49204237
4.382,-30.866824,-37.5489939
4.383,-30.960262,-37.60428278
4.384,-31.209523,-37.65790186
4.385,-31.498203,-37.70984413
4.386,-31.872715,-37.76010268
4.387,-32.217827,-37.80867077
4.388,-34.892624,-37.85554177
4.389,-32.745001,-37.90070919
4.39,-32.889839,-37.94416668
4.391,-32.95921,-37.985908
4.392,-32.955161,-38.02592709
4.393,-32.82376,-38.06421798
4.394,-32.636645,-38.10077487
4.395,-32.405302,-38.13559208
4.396,-32.146958,-38.16866407
4.397,-31.934823,-38.19998544
4.398,-31.812748,-38.22955093
4.399,-31.980121,-38.25735542
4.4,-32.141685,-38.28339392
4.401,-32.321445,-38.3076616
4.402,-32.433801,-38.33015375
4.403,-32.515936,-38.3508658
4.404,-32.500964,-38.36979335
4.405,-32.408357,-38.38693211
4.406,-32.304282,-38.40227795
4.407,-32.172702,-38.41582686
4.408,-32.014141,-38.42757502
4.409,-31.832142,-38.4375187
4.41,-31.62866,-38.44565434
4.411,-31.431202,-38.45197853
4.412,-31.212873,-38.45648799
4.413,-30.952637,-38.45917959
4.414,-30.737214,-38.46005034
4.415,-30.41486,-38.45909741
4.416,-30.02005,-38.45631811
4.417,-29.667839,-38.45170987
4.418,-29.340025,-38.44527031
4.419,-28.975824,-38.43699717
4.42,-28.594944,-38.42688833
4.421,-28.263381,-38.41494184
4.422,-28.045891,-38.40115587
4.423,-27.926704,-38.38552877
4.424,-27.883416,-38.368059
4.425,-27.965059,-38.3487452
4.426,-28.158242,-38.32758614
4.427,-28.505583,-38.30458075
4.428,-28.67792,-38.27972808
4.429,-28.861796,-38.25302737
4.43,-29.073101,-38.22447797
4.431,-29.271622,-38.1940794
4.432,-29.248774,-38.16183133
4.433,-29.370292,-38.12773356
4.434,-29.509679,-38.09178605
4.435,-29.590121,-38.05398891
4.436,-29.56572,-38.01434239
4.437,-29.480226,-37.97284691
4.438,-29.329416,-37.92950301
4.439,-29.102006,-37.88431139
4.44,-28.785255,-37.83727291
4.441,-28.428227,-37.78838856
4.442,-28.333347,-37.73765949
4.443,-28.420256,-37.685087
4.444,-28.63828,-37.63067252
4.445,-28.855504,-37.57441765
4.446,-29.295156,-37.51632412
4.447,-29.895069,-37.45639382
4.448,-30.287509,-37.39462879
4.449,-30.819461,-37.33103121
4.45,-31.265109,-37.26560341
4.451,-34.061874,-37.19834786
4.452,-34.357024,-37.12926718
4.453,-34.298415,-37.05836415
4.454,-34.297601,-36.98564169
4.455,-34.244159,-36.91110285
4.456,-34.171219,-36.83475085
4.457,-34.169339,-36.75658903
4.458,-34.236558,-36.67662091
4.459,-34.203301,-36.59485013
4.46,-33.957337,-36.51128047
4.461,-31.306278,-36.42591588
4.462,-31.135256,-36.33876043
4.463,-30.97952,-36.24981835
4.464,-30.923481,-36.159094
4.465,-30.860642,-36.06659191
4.466,-30.835687,-35.97231672
4.467,-30.781339,-35.87627323
4.468,-30.859093,-35.77846637
4.469,-31.056884,-35.67890125
4.47,-31.403371,-35.57758306
4.471,-31.64212,-35.47451718
4.472,-32.083276,-35.36970912
4.473,-32.400177,-35.26316452
4.474,-32.757308,-35.15488915
4.475,-33.063045,-35.04488896
4.476,-33.222063,-34.93316999
4.477,-33.232617,-34.81973846
4.478,-33.266513,-34.70460069
4.479,-33.272276,-34.58776317
4.48,-33.259872,-34.4692325
4.481,-33.061234,-34.34901544
4.482,-32.892622,-34.22711886
4.483,-32.559473,-34.1035498
4.484,-32.521303,-33.9783154
4.485,-32.46305,-33.85142294
4.486,-32.535796,-33.72287986
4.487,-32.653846,-33.59269369
4.488,-32.763605,-33.46087214
4.489,-32.888615,-33.32742301
4.49,-32.952775,-33.19235425
4.491,-36.160347,-33.05567394
4.492,-36.423679,-32.91739028
4.493,-36.709046,-32.77751161
4.494,-37.117831,-32.63604639
4.495,-37.113414,-32.49300322
4.496,-36.762,-32.34839081
4.497,-36.201883,-32.20221799
4.498,-35.625075,-32.05449375
4.499,-34.899927,-31.90522717
4.5,-34.19257,-31.75442746
4.501,-33.612614,-31.60210397
4.502,-33.120315,-31.44826615
4.503,-32.76736,-31.29292359
4.504,-32.413769,-31.13608598
4.505,-32.098517,-30.97776315
4.506,-31.995991,-30.81796505
4.507,-32.264211,-30.65670171
4.508,-32.391114,-30.49398333
4.509,-32.55532,-30.32982019
4.51,-32.688054,-30.16422269
4.511,-32.82549,-29.99720136
4.512,-32.819563,-29.82876684
4.513,-32.797807,-29.65892986
4.514,-32.85652,-29.48770129
4.515,-32.95058,-29.3150921
4.516,-32.968547,-29.14111336
4.517,-32.981447,-28.96577627
4.518,-32.756641,-28.78909211
4.519,-32.373993,-28.6110723
4.52,-31.833976,-28.43172834
4.521,-31.230468,-28.25107185
4.522,-30.557647,-28.06911454
4.523,-29.797462,-27.88586824
4.524,-29.002587,-27.70134486
4.525,-28.20069,-27.51555645
4.526,-27.42413,-27.32851511
4.527,-26.774997,-27.14023307
4.528,-26.349624,-26.95072266
4.529,-26.130789,-26.7599963
4.53,-26.063336,-26.56806649
4.531,-26.130285,-26.37494585
4.532,-26.276869,-26.18064708
4.533,-26.456713,-25.98518298
4.534,-26.633245,-25.78856644
4.535,-26.836777,-25.59081043
4.536,-27.036708,-25.39192802
4.537,-27.266566,-25.19193237
4.538,-27.37822,-24.99083671
4.539,-27.682501,-24.78865439
4.54,-27.766748,-24.58539882
4.541,-27.777429,-24.38108348
4.542,-27.681422,-24.17572197
4.543,-27.527615,-23.96932794
4.544,-27.376615,-23.76191513
4.545,-27.0543,-23.55349738
4.546,-26.572003,-23.34408857
4.547,-25.879072,-23.13370269
4.548,-25.12372,-22.92235378
4.549,-24.419034,-22.71005598
4.55,-23.79516,-22.49682347
4.551,-23.274713,-22.28267054
4.552,-22.833815,-22.06761153
4.553,-22.302336,-21.85166084
4.554,-21.987267,-21.63483296
4.555,-21.675336,-21.41714243
4.556,-21.511472,-21.19860388
4.557,-21.612287,-20.97923196
4.558,-22.028223,-20.75904143
4.559,-22.473759,-20.5380471
4.56,-22.835049,-20.31626381
4.561,-22.965158,-20.0937065
4.562,-22.885065,-19.87039015
4.563,-22.669383,-19.6463298
4.564,-22.478302,-19.42154054
4.565,-22.528398,-19.19603752
4.566,-22.562943,-18.96983595
4.567,-22.43051,-18.74295107
4.568,-22.097224,-18.51539819
4.569,-21.590273,-18.28719267
4.57,-21.055803,-18.0583499
4.571,-20.782341,-17.82888535
4.572,-20.774878,-17.59881449
4.573,-21.076503,-17.36815287
4.574,-21.487386,-17.13691607
4.575,-21.90312,-16.9051197
4.576,-22.277936,-16.67277944
4.577,-22.639213,-16.43991098
4.578,-22.974304,-16.20653006
4.579,-23.194966,-15.97265245
4.58,-23.265388,-15.73829397
4.581,-23.161236,-15.50347045
4.582,-22.94214,-15.26819776
4.583,-22.647347,-15.03249182
4.584,-22.221701,-14.79636855
4.585,-21.735953,-14.55984392
4.586,-21.199648,-14.32293391
4.587,-20.635926,-14.08565454
4.588,-20.159856,-13.84802184
4.589,-19.879693,-13.61005187
4.59,-19.801224,-13.37176072
4.591,-19.821043,-13.13316448
4.592,-19.852796,-12.89427927
4.593,-19.805933,-12.65512123
4.594,-19.721946,-12.4157065
4.595,-19.620265,-12.17605126
4.596,-19.632346,-11.93617167
4.597,-19.741017,-11.69608393
4.598,-19.955714,-11.45580424
4.599,-20.130468,-11.2153488
4.6,-20.229808,-10.97473384
4.601,-20.337509,-10.73397556
4.602,-20.395191,-10.4930902
4.603,-20.349608,-10.25209399
4.604,-20.228687,-10.01100314
4.605,-20.126441,-9.769833907
4.606,-19.978002,-9.528602504
4.607,-19.764537,-9.287325163
4.608,-19.547028,-9.046018106
4.609,-19.420199,-8.804697552
4.61,-19.325153,-8.563379711
4.611,-19.152742,-8.322080789
4.612,-18.901178,-8.080816978
4.613,-18.542659,-7.839604462
4.614,-18.284586,-7.598459413
4.615,-18.008091,-7.357397989
4.616,-17.708367,-7.116436332
4.617,-17.364309,-6.87559057
4.618,-17.064261,-6.634876811
4.619,-16.690319,-6.394311146
4.62,-16.279109,-6.153909645
4.621,-16.259935,-5.913688356
4.622,-16.058293,-5.673663304
4.623,-15.90392,-5.43385049
4.624,-15.742054,-5.194265889
4.625,-15.528673,-4.954925449
4.626,-15.281478,-4.715845089
4.627,-15.010661,-4.477040697
4.628,-14.679672,-4.238528134
4.629,-14.316344,-4.000323223
4.63,-13.980881,-3.762441756
4.631,-13.782801,-3.524899491
4.632,-13.718346,-3.287712146
4.633,-13.578793,-3.050895404
4.634,-13.323296,-2.814464907
4.635,-13.104467,-2.578436256
4.636,-12.945028,-2.342825013
4.637,-12.615003,-2.107646694
4.638,-12.464451,-1.872916771
4.639,-12.254845,-1.63865067
4.64,-11.912966,-1.404863771
4.641,-11.476214,-1.171571404
4.642,-11.23803,-0.93878885
4.643,-10.87986,-0.706531338
4.644,-10.660191,-0.474814047
4.645,-10.485685,-0.243652099
4.646,-10.195982,-0.013060563
4.647,-9.873701,0.216945548
4.648,-9.394758,0.446351279
4.649,-8.840129,0.675141735
4.65,-8.261065,0.903302078
4.651,-7.490928,1.130817536
4.652,-6.613277,1.357673394
4.653,-2.171098,1.583855005
4.654,-5.095086,1.809347786
4.655,-4.618928,2.034137218
4.656,-4.32115,2.258208854
4.657,-4.204874,2.481548312
4.658,-4.359798,2.70414128
4.659,-4.62947,2.92597352
4.66,-0.98045,3.147030864
4.661,-1.243702,3.367299218
4.662,-1.540037,3.586764563
4.663,-1.905268,3.805412956
4.664,-1.78068,4.023230531
4.665,-1.690595,4.2402035
4.666,-1.48307,4.456318155
4.667,-0.953102,4.671560869
4.668,-0.570572,4.885918095
4.669,-0.188824,5.099376371
4.67,-0.880639,5.311922317
4.671,-0.578724,5.52354264
4.672,-0.376496,5.734224133
4.673,-0.186209,5.943953675
4.674,1.188865,6.152718234
4.675,1.214481,6.36050487
4.676,1.27136,6.567300729
4.677,1.363167,6.773093054
4.678,1.470941,6.977869176
4.679,1.660432,7.181616524
4.68,1.784939,7.38432262
4.681,1.908827,7.585975082
4.682,2.088064,7.786561625
4.683,2.216581,7.986070062
4.684,2.510482,8.184488306
4.685,2.859221,8.381804369
4.686,3.121766,8.578006366
4.687,3.296118,8.773082512
4.688,3.259192,8.967021125
4.689,3.419058,9.159810629
4.69,3.866874,9.351439552
4.691,4.16938,9.541896529
4.692,4.446105,9.731170298
4.693,4.979878,9.919249711
4.694,5.272369,10.10612372
4.695,5.565452,10.29178141
4.696,5.846244,10.47621193
4.697,6.058024,10.6594046
4.698,6.072985,10.8413488
4.699,6.538058,11.02203405
4.7,7.072138,11.20144999
4.701,7.362173,11.37958635
4.702,7.590283,11.55643301
4.703,7.816284,11.73197993
4.704,8.221031,11.90621721
4.705,8.777934,12.07913506
4.706,9.421914,12.25072382
4.707,9.759282,12.42097394
4.708,10.140742,12.589876
4.709,10.453917,12.75742068
4.71,10.719497,12.9235988
4.711,11.101014,13.08840132
4.712,11.632419,13.25181928
4.713,11.962814,13.41384388
4.714,11.998328,13.57446643
4.715,11.84747,13.73367837
4.716,11.628568,13.89147128
4.717,11.440768,14.04783684
4.718,11.545283,14.20276687
4.719,11.40202,14.35625334
4.72,11.333329,14.50828831
4.721,11.305805,14.658864
4.722,11.351428,14.80797275
4.723,11.318998,14.95560703
4.724,11.757481,15.10175945
4.725,10.419873,15.24642274
4.726,10.513239,15.38958978
4.727,10.63686,15.53125356
4.728,10.866881,15.67140723
4.729,10.879345,15.81004405
4.73,10.776997,15.94715745
4.731,12.019199,16.08274095
4.732,11.842549,16.21678824
4.733,11.558762,16.34929314
4.734,11.425201,16.48024961
4.735,11.53037,16.60965172
4.736,11.595515,16.73749372
4.737,11.602362,16.86376998
4.738,11.629525,16.988475
4.739,11.633144,17.11160343
4.74,11.672951,17.23315005
4.741,11.773363,17.35310981
4.742,11.946546,17.47147776
4.743,12.185652,17.58824912
4.744,12.499422,17.70341924
4.745,12.869775,17.81698361
4.746,13.34442,17.92893787
4.747,14.103395,18.0392778
4.748,14.562318,18.14799933
4.749,14.806584,18.25509851
4.75,15.029646,18.36057155
4.751,15.34886,18.46441482
4.752,15.630338,18.5666248
4.753,15.836917,18.66719813
4.754,15.943387,18.7661316
4.755,15.942971,18.86342215
4.756,15.9658,18.95906684
4.757,15.935926,19.0530629
4.758,15.921912,19.14540769
4.759,15.795666,19.23609873
4.76,15.723378,19.32513367
4.761,15.470097,19.41251031
4.762,15.138608,19.49822661
4.763,14.833251,19.58228065
4.764,14.511884,19.66467069
4.765,14.200859,19.7453951
4.766,13.835934,19.82445242
4.767,13.470295,19.90184134
4.768,13.285054,19.97756068
4.769,13.091887,20.05160941
4.77,13.017518,20.12398666
4.771,12.93007,20.19469169
4.772,12.946708,20.26372392
4.773,13.095705,20.33108291
4.774,13.306066,20.39676836
4.775,13.509597,20.46078013
4.776,13.588753,20.52311822
4.777,13.490737,20.58378277
4.778,13.636858,20.64277409
4.779,13.792928,20.7000926
4.78,14.031865,20.75573891
4.781,14.327269,20.80971373
4.782,14.649424,20.86201795
4.783,14.94132,20.91265259
4.784,15.15715,20.96161883
4.785,15.247309,21.00891798
4.786,15.42159,21.05455149
4.787,15.600728,21.09852099
4.788,15.835384,21.14082821
4.789,16.156354,21.18147506
4.79,16.29769,21.22046357
4.791,16.261751,21.25779594
4.792,16.100155,21.29347449
4.793,16.028648,21.3275017
4.794,15.859968,21.35988018
4.795,15.817711,21.3906127
4.796,15.888824,21.41970215
4.797,16.061176,21.44715159
4.798,16.611949,21.4729642
4.799,16.905561,21.49714332
4.8,17.013478,21.51969241
4.801,17.383906,21.54061509
4.802,17.764802,21.55991513
4.803,17.950227,21.5775964
4.804,18.153252,21.59366295
4.805,18.287799,21.60811895
4.806,18.305389,21.62096872
4.807,18.150159,21.63221672
4.808,17.982511,21.64186752
4.809,17.883157,21.64992588
4.81,17.920156,21.65639664
4.811,17.943686,21.66128482
4.812,18.198205,21.66459556
4.813,18.331794,21.66633414
4.814,18.333671,21.66650596
4.815,18.49132,21.66511658
4.816,18.581295,21.66217168
4.817,18.605747,21.65767708
4.818,18.630215,21.65163872
4.819,18.539782,21.64406269
4.82,18.392006,21.6349552
4.821,18.354729,21.6243226
4.822,18.229464,21.61217136
4.823,18.095095,21.5985081
4.824,18.000173,21.58333955
4.825,17.842985,21.56667257
4.826,17.7698,21.54851416
4.827,17.861211,21.52887144
4.828,17.885406,21.50775166
4.829,17.88896,21.4851622
4.83,17.914687,21.46111055
4.831,17.854621,21.43560435
4.832,17.917166,21.40865134
4.833,17.943499,21.38025939
4.834,17.996288,21.3504365
4.835,18.141544,21.3191908
4.836,18.24606,21.28653051
4.837,18.436426,21.252464
4.838,18.651256,21.21699974
4.839,18.946852,21.18014634
4.84,19.49971,21.1419125
4.841,19.874053,21.10230707
4.842,20.082235,21.06133899
4.843,20.282157,21.01901732
4.844,20.348407,20.97535125
4.845,20.472085,20.93035006
4.846,20.439701,20.88402317
4.847,20.178972,20.83638008
4.848,20.110325,20.78743044
4.849,20.002552,20.73718396
4.85,19.894975,20.68565052
4.851,19.839016,20.63284005
4.852,19.84255,20.57876263
4.853,19.916911,20.52342842
4.854,20.05006,20.4668477
4.855,20.228369,20.40903085
4.856,20.335543,20.34998835
4.857,20.433684,20.28973079
4.858,20.439587,20.22826886
4.859,20.31558,20.16561334
4.86,20.19861,20.10177513
4.861,20.012797,20.0367652
4.862,20.091282,19.97059465
4.863,20.029392,19.90327465
4.864,20.065323,19.83481649
4.865,20.186927,19.76523152
4.866,20.403178,19.69453122
4.867,20.647859,19.62272714
4.868,20.821659,19.54983092
4.869,21.037438,19.47585432
4.87,21.106678,19.40080914
4.871,21.112535,19.32470731
4.872,21.066559,19.24756083
4.873,20.808709,19.16938178
4.874,20.4494,19.09018235
4.875,20.044129,19.00997477
4.876,19.611312,18.92877139
4.877,19.207268,18.84658463
4.878,18.976729,18.76342699
4.879,18.806159,18.67931105
4.88,18.721435,18.59424945
4.881,18.759179,18.50825494
4.882,18.889021,18.42134032
4.883,19.038814,18.33351847
4.884,19.361482,18.24480235
4.885,19.697861,18.15520498
4.886,20.103363,18.06473947
4.887,20.354151,17.97341897
4.888,20.448975,17.88125673
4.889,20.33063,17.78826604
4.89,20.090906,17.69446027
4.891,19.79164,17.59985286
4.892,19.548622,17.5044573
4.893,19.289905,17.40828715
4.894,18.894825,17.31135602
4.895,18.532278,17.2136776
4.896,18.414111,17.11526562
4.897,18.375248,17.01613388
4.898,18.490057,16.91629622
4.899,18.603026,16.81576654
4.9,18.494782,16.71455881
4.901,18.437827,16.61268704
4.902,18.498029,16.51016527
4.903,18.584229,16.40700762
4.904,18.574788,16.30322826
4.905,18.548282,16.19884137
4.906,18.432369,16.09386121
4.907,18.235125,15.98830208
4.908,18.217922,15.8821783
4.909,18.271471,15.77550426
4.91,18.316555,15.66829437
4.911,18.477735,15.56056309
4.912,18.413783,15.45232492
4.913,18.347486,15.34359438
4.914,18.104641,15.23438604
4.915,17.753742,15.1247145
4.916,17.284663,15.01459438
4.917,16.763647,14.90404036
4.918,16.069829,14.79306712
4.919,15.430771,14.68168938
4.92,14.783221,14.56992188
4.921,14.187087,14.45777941
4.922,13.861149,14.34527675
4.923,13.801132,14.23242872
4.924,11.185137,14.11925017
4.925,14.091862,14.00575594
4.926,11.61771,13.89196093
4.927,11.788388,13.77788003
4.928,11.984797,13.66352815
4.929,12.212032,13.54892021
4.93,12.225021,13.43407116
4.931,12.108449,13.31899594
4.932,11.880653,13.20370952
4.933,13.738961,13.08822688
4.934,13.114054,12.97256298
4.935,12.371043,12.85673282
4.936,11.609901,12.74075139
4.937,10.893671,12.62463367
4.938,10.160261,12.50839467
4.939,-1.925992,12.39204938
4.94,-2.454242,12.2756128
4.941,-2.853669,12.15909992
4.942,-3.069609,12.04252574
4.943,-3.100784,11.92590524
4.944,-2.993095,11.80925341
4.945,-2.626141,11.69258521
4.946,-1.980973,11.57591562
4.947,10.084106,11.45925958
4.948,10.430074,11.34263204
4.949,10.849061,11.22604793
4.95,11.16435,11.10952218
4.951,11.368919,10.99306967
4.952,11.385714,10.87670529
4.953,11.341805,10.76044391
4.954,11.266769,10.64430038
4.955,11.193671,10.52828952
4.956,11.117921,10.41242613
4.957,10.950272,10.29672499
4.958,10.954391,10.18120086
4.959,11.156625,10.06586847
4.96,11.409904,9.950742508
4.961,11.834248,9.835837653
4.962,12.020165,9.721168545
4.963,12.185149,9.606749792
4.964,12.248139,9.492595971
4.965,12.242868,9.378721622
4.966,12.216453,9.265141251
4.967,12.145088,9.151869327
4.968,11.928463,9.038920281
4.969,11.54785,8.926308502
4.97,11.445109,8.814048341
4.971,11.398717,8.702154104
4.972,11.502318,8.590640055
4.973,11.651192,8.479520413
4.974,11.870063,8.36880935
4.975,12.126551,8.25852099
4.976,12.379895,8.148669411
4.977,12.596989,8.039268637
4.978,12.453892,7.930332643
4.979,12.541099,7.821875352
4.98,12.542042,7.71391063
4.981,12.891616,7.606452291
4.982,13.032463,7.499514091
4.983,13.1975,7.393109728
4.984,13.414369,7.287252842
4.985,13.482529,7.181957011
4.986,13.417745,7.077235755
4.987,13.417216,6.973102527
4.988,13.180099,6.869570719
4.989,12.664326,6.766653657
4.99,12.304718,6.6643646
4.991,11.731264,6.562716741
4.992,11.124228,6.461723202
4.993,10.687885,6.361397037
4.994,10.470379,6.261751228
4.995,10.454464,6.162798684
4.996,10.588888,6.064552241
4.997,10.542011,5.967024661
4.998,10.667207,5.870228629
4.999,11.007387,5.774176753
5,11.520161,5.678881564
