time,theta_t,theta_t_fit
0.001,5.933249,6.014963949
0.002,5.942986,5.781022164
0.003,5.42571,5.546167791
0.004,4.988297,5.310437905
0.005,4.705824,5.073869717
0.006,4.465703,4.836500573
0.007,4.010438,4.598367942
0.008,3.57277,4.359509416
0.009,3.313123,4.119962702
0.01,2.993994,3.879765614
0.011,2.757057,3.638956069
0.012,2.594138,3.397572081
0.013,2.448997,3.155651756
0.014,2.240388,2.913233281
0.015,1.964297,2.670354926
0.016,1.635021,2.427055031
0.017,1.325424,2.183372003
0.018,1.060662,1.93934431
0.019,0.792253,1.695010473
0.02,0.39184,1.450409064
0.021,-0.155531,1.205578693
0.022,-0.758935,0.960558012
0.023,2.125799,0.715385697
0.024,1.716788,0.470100452
0.025,1.367935,0.224740997
0.026,1.122384,-0.020653935
0.027,0.85106,-0.266045606
0.028,0.53684,-0.51139528
0.029,0.251746,-0.756664226
0.03,-0.102077,-1.001813725
0.031,-0.418355,-1.246805078
0.032,-0.579108,-1.491599612
0.033,-0.624915,-1.736158683
0.034,-0.790562,-1.980443686
0.035,-0.89351,-2.224416057
0.036,-1.217069,-2.468037284
0.037,-1.521107,-2.711268908
0.038,-1.820002,-2.954072533
0.039,-2.124775,-3.196409832
0.04,-2.30926,-3.438242547
0.041,-2.763271,-3.679532504
0.042,-3.120083,-3.920241613
0.043,-3.433535,-4.160331876
0.044,-3.706848,-4.399765392
0.045,-3.963387,-4.638504365
0.046,-4.218615,-4.876511107
0.047,-4.458809,-5.113748047
0.048,-4.556609,-5.350177735
0.049,-4.648428,-5.585762849
0.05,-4.67463,-5.820466198
0.051,-4.675809,-6.054250733
0.052,-4.58457,-6.287079548
0.053,-4.597601,-6.518915891
0.054,-4.640634,-6.749723162
0.055,-4.693237,-6.979464928
0.056,-4.861527,-7.208104921
0.057,-5.106446,-7.435607048
0.058,-5.440931,-7.661935397
0.059,-5.827229,-7.887054238
0.06,-6.198786,-8.110928035
0.061,-6.5082,-8.333521448
0.062,-6.78742,-8.554799338
0.063,-7.169863,-8.774726773
0.064,-7.62404,-8.993269038
0.065,-7.917427,-9.210391632
0.066,-8.212672,-9.426060282
0.067,-8.360941,-9.64024094
0.068,-8.537129,-9.852899799
0.069,-8.713878,-10.06400329
0.07,-8.885089,-10.27351808
0.071,-8.985741,-10.4814111
0.072,-9.014659,-10.68764954
0.073,-8.946926,-10.89220083
0.074,-8.831929,-11.09503268
0.075,-8.834609,-11.29611309
0.076,-8.817113,-11.4954103
0.077,-8.839791,-11.69289285
0.078,-8.898655,-11.88852957
0.079,-8.915389,-12.08228958
0.08,-9.116655,-12.27414229
0.081,-9.254241,-12.46405741
0.082,-9.606122,-12.65200497
0.083,-10.0291,-12.83795529
0.084,-15.653475,-13.02187902
0.085,-16.097684,-13.20374712
0.086,-16.535768,-13.3835309
0.087,-16.904105,-13.56120196
0.088,-17.142503,-13.73673226
0.089,-11.866971,-13.91009409
0.09,-11.849665,-14.08126009
0.091,-11.868144,-14.25020322
0.092,-11.892255,-14.41689684
0.093,-11.682624,-14.58131461
0.094,-11.402794,-14.74343059
0.095,-11.112596,-14.90321918
0.096,-10.805032,-15.06065516
0.097,-10.656406,-15.21571368
0.098,-10.42462,-15.36837026
0.099,-10.331386,-15.5186008
0.1,-10.256469,-15.66638158
0.101,-10.21593,-15.81168929
0.102,-10.102407,-15.95450097
0.103,-10.052324,-16.09479409
0.104,-10.089476,-16.23254649
0.105,-10.188584,-16.36773644
0.106,-10.318411,-16.50034259
0.107,-10.555768,-16.63034402
0.108,-10.785447,-16.75772018
0.109,-11.073532,-16.88245099
0.11,-11.468313,-17.00451675
0.111,-12.016919,-17.12389819
0.112,-12.57681,-17.24057646
0.113,-13.007518,-17.35453315
0.114,-13.408595,-17.46575027
0.115,-13.737632,-17.57421026
0.116,-14.048013,-17.679896
0.117,-14.361664,-17.7827908
0.118,-14.557302,-17.88287842
0.119,-14.763679,-17.98014307
0.12,-14.88764,-18.07456939
0.121,-14.982352,-18.16614247
0.122,-15.027414,-18.25484786
0.123,-15.050345,-18.34067155
0.124,-15.030783,-18.4236
0.125,-18.826386,-18.50362012
0.126,-18.813343,-18.58071927
0.127,-18.783321,-18.65488528
0.128,-18.66059,-18.72610644
0.129,-18.340363,-18.79437152
0.13,-17.956293,-18.85966973
0.131,-17.596647,-18.92199077
0.132,-17.397055,-18.9813248
0.133,-17.304173,-19.03766245
0.134,-17.316396,-19.09099483
0.135,-17.428163,-19.14131353
0.136,-17.60711,-19.18861059
0.137,-17.936374,-19.23287855
0.138,-18.238291,-19.27411043
0.139,-18.617258,-19.31229971
0.14,-18.995744,-19.34744036
0.141,-19.303451,-19.37952685
0.142,-19.663139,-19.40855409
0.143,-19.788733,-19.43451752
0.144,-19.794201,-19.45741304
0.145,-19.616799,-19.47723702
0.146,-19.336217,-19.49398633
0.147,-18.851817,-19.50765835
0.148,-18.756724,-19.5182509
0.149,-18.839835,-19.52576231
0.15,-19.302221,-19.53019141
0.151,-19.697349,-19.53153748
0.152,-20.113818,-19.52980032
0.153,-20.500915,-19.5249802
0.154,-20.739873,-19.51707789
0.155,-20.630467,-19.50609462
0.156,-20.505688,-19.49203214
0.157,-20.212832,-19.47489266
0.158,-19.855469,-19.45467889
0.159,-19.470442,-19.43139402
0.16,-19.063668,-19.40504173
0.161,-18.605026,-19.37562617
0.162,-18.136033,-19.34315199
0.163,-17.708755,-19.30762431
0.164,-17.440138,-19.26904875
0.165,-17.405479,-19.2274314
0.166,-17.542885,-19.18277881
0.167,-17.722581,-19.13509805
0.168,-17.861159,-19.08439664
0.169,-18.000053,-19.03068258
0.17,-18.184894,-18.97396435
0.171,-18.481697,-18.91425091
0.172,-18.838239,-18.85155167
0.173,-19.144854,-18.78587655
0.174,-19.321829,-18.7172359
0.175,-19.411187,-18.64564057
0.176,-19.42478,-18.57110185
0.177,-19.488375,-18.49363151
0.178,-19.589806,-18.41324178
0.179,-19.650292,-18.32994535
0.18,-19.702886,-18.24375537
0.181,-19.628744,-18.15468545
0.182,-19.431745,-18.06274964
0.183,-19.211342,-17.96796246
0.184,-19.110971,-17.87033887
0.185,-19.132304,-17.76989429
0.186,-19.308067,-17.66664456
0.187,-19.372119,-17.56060599
0.188,-19.315389,-17.45179532
0.189,-19.160861,-17.34022972
0.19,-19.032598,-17.22592681
0.191,-19.029408,-17.10890463
0.192,-19.245309,-16.98918164
0.193,-19.236686,-16.86677676
0.194,-19.150407,-16.74170931
0.195,-19.012631,-16.61399902
0.196,-18.884734,-16.48366606
0.197,-18.840523,-16.350731
0.198,-18.879476,-16.21521482
0.199,-18.816576,-16.07713893
0.2,-18.615173,-15.93652511
0.201,-18.221286,-15.79339556
0.202,-17.684513,-15.64777289
0.203,-17.136127,-15.49968006
0.204,-16.732827,-15.34914047
0.205,-16.462613,-15.19617788
0.206,-16.241201,-15.04081643
0.207,-15.838892,-14.88308065
0.208,-15.288096,-14.72299544
0.209,-14.659883,-14.56058606
0.21,-14.238804,-14.39587817
0.211,-13.940583,-14.22889775
0.212,-13.909746,-14.05967117
0.213,-13.865371,-13.88822514
0.214,-13.737057,-13.71458673
0.215,-13.519437,-13.53878335
0.216,-13.339459,-13.36084274
0.217,-13.344682,-13.180793
0.218,-13.578985,-12.99866255
0.219,-13.981383,-12.81448015
0.22,-14.316875,-12.62827486
0.221,-14.659686,-12.44007608
0.222,-14.889952,-12.24991352
0.223,-15.057471,-12.05781719
0.224,-15.276166,-11.86381743
0.225,-15.363262,-11.66794486
0.226,-15.31424,-11.4702304
0.227,-15.082261,-11.27070525
0.228,-14.681006,-11.06940092
0.229,-14.144062,-10.86634919
0.23,-13.50659,-10.6615821
0.231,-12.851195,-10.45513198
0.232,-12.135808,-10.24703142
0.233,-11.462203,-10.03731327
0.234,-10.822434,-9.826010646
0.235,-10.163711,-9.613156892
0.236,-9.699144,-9.398785612
0.237,-9.04283,-9.182930648
0.238,-8.554391,-8.965626074
0.239,-7.986687,-8.746906193
0.24,-7.484895,-8.526805533
0.241,-6.990256,-8.305358837
0.242,-6.439938,-8.082601065
0.243,-5.82369,-7.85856738
0.244,-4.996127,-7.633293147
0.245,-4.217591,-7.406813929
0.246,-3.515027,-7.179165477
0.247,-3.092863,-6.950383728
0.248,-2.780012,-6.720504797
0.249,-2.437703,-6.489564972
0.25,-2.148456,-6.25760071
0.251,-4.611982,-6.024648628
0.252,-1.736101,-5.7907455
0.253,-1.76665,-5.555928249
0.254,-1.835357,-5.320233944
0.255,-1.901617,-5.083699792
0.256,-1.946365,-4.84636313
0.257,-1.98072,-4.608261425
0.258,-1.950937,-4.369432264
0.259,-1.801608,-4.129913348
0.26,-1.693792,-3.889742487
0.261,-1.601778,-3.648957594
0.262,-1.698422,-3.40759668
0.263,-2.047476,-3.165697845
0.264,-1.854384,-2.923299276
0.265,-1.454462,-2.680439237
0.266,-0.940046,-2.437156067
0.267,-0.076583,-2.193488168
0.268,0.720765,-1.949474008
0.269,1.76012,-1.705152104
0.27,2.916597,-1.460561027
0.271,3.960582,-1.215739387
0.272,5.096982,-0.970725832
0.273,6.254252,-0.725559038
0.274,7.307601,-0.480277708
0.275,8.12919,-0.234920562
0.276,8.398257,0.010473668
0.277,8.682921,0.255866245
0.278,8.817072,0.501218431
0.279,8.822112,0.746491496
0.28,8.802085,0.991646719
0.281,8.880831,1.236645403
0.282,8.858704,1.48144887
0.283,9.015327,1.726018477
0.284,9.221819,1.970315616
0.285,9.518758,2.214301723
0.286,9.898438,2.457938281
0.287,10.256326,2.701186832
0.288,10.799803,2.944008975
0.289,11.269885,3.18636638
0.29,11.563949,3.428220787
0.291,11.802397,3.669534018
0.292,12.025045,3.91026798
0.293,12.158278,4.150384669
0.294,12.331071,4.389846182
0.295,12.673359,4.628614718
0.296,13.152956,4.866652584
0.297,13.616037,5.103922204
0.298,13.85197,5.340386124
0.299,14.124125,5.576007014
0.3,7.954428,5.81074768
0.301,8.03474,6.044571066
0.302,8.156438,6.277440261
0.303,8.429137,6.509318505
0.304,8.803894,6.740169192
0.305,9.128455,6.969955882
0.306,9.32623,7.1986423
0.307,9.462889,7.426192346
0.308,9.611748,7.6525701
0.309,9.860469,7.877739825
0.31,10.103124,8.101665976
0.311,10.464927,8.324313205
0.312,10.772897,8.545646364
0.313,10.921528,8.765630514
0.314,10.881469,8.984230929
0.315,10.618078,9.201413101
0.316,10.527866,9.417142744
0.317,10.50971,9.631385806
0.318,10.53651,9.844108464
0.319,10.530837,10.05527714
0.32,10.523469,10.2648585
0.321,10.494984,10.47281945
0.322,10.327299,10.67912718
0.323,10.349131,10.8837491
0.324,10.619738,11.08665293
0.325,10.901143,11.28780662
0.326,11.266863,11.48717843
0.327,11.642921,11.68473689
0.328,12.082291,11.8804508
0.329,12.504098,12.07428927
0.33,12.932068,12.26622171
0.331,13.346138,12.45621781
0.332,13.84309,12.64424758
0.333,14.235684,12.83028134
0.334,14.591806,13.01428972
0.335,14.933315,13.19624368
0.336,15.188366,13.37611448
0.337,15.346329,13.55387375
0.338,15.326083,13.72949341
0.339,15.215253,13.90294575
0.34,15.116388,14.07420337
0.341,15.130533,14.24323926
0.342,15.076968,14.41002672
0.343,15.036035,14.57453942
0.344,14.875985,14.7367514
0.345,14.635893,14.89663704
0.346,14.382024,15.05417112
0.347,14.247399,15.20932875
0.348,14.139146,15.36208546
0.349,14.257978,15.51241711
0.35,14.523599,15.66029999
0.351,14.722108,15.80571075
0.352,14.987427,15.94862643
0.353,15.244529,16.08902447
0.354,15.511868,16.22688271
0.355,15.780717,16.36217939
0.356,15.933908,16.49489315
0.357,16.11249,16.62500304
0.358,16.242255,16.75248852
0.359,16.251963,16.87732946
0.36,16.083981,16.99950616
0.361,15.729828,17.11899934
0.362,18.62086,17.23579012
0.363,18.236051,17.34986007
0.364,17.776921,17.46119119
0.365,17.307628,17.5697659
0.366,16.907321,17.67556706
0.367,16.474368,17.77857797
0.368,16.168758,17.87878237
0.369,16.118635,17.97616443
0.37,16.379014,18.0707088
0.371,16.813748,18.16240053
0.372,17.269016,18.25122517
0.373,17.870532,18.33716868
0.374,18.747562,18.4202175
0.375,19.596402,18.50035852
0.376,20.343985,18.57757909
0.377,20.900547,18.65186701
0.378,21.268972,18.72321057
0.379,21.520073,18.79159849
0.38,21.625687,18.85701999
0.381,21.510643,18.91946474
0.382,21.442754,18.97892287
0.383,21.372994,19.03538501
0.384,21.222479,19.08884223
0.385,20.988682,19.13928611
0.386,20.808867,19.18670867
0.387,20.646849,19.23110244
0.388,20.403599,19.2724604
0.389,19.969373,19.31077602
0.39,19.378062,19.34604326
0.391,18.768211,19.37825655
0.392,18.044435,19.4074108
0.393,17.427261,19.43350142
0.394,17.027076,19.45652427
0.395,16.856773,19.47647574
0.396,16.82567,19.49335266
0.397,16.851581,19.50715238
0.398,16.909287,19.51787272
0.399,17.00895,19.52551198
0.4,17.206323,19.53006896
0.401,17.532948,19.53154294
0.402,17.970497,19.52993369
0.403,18.413074,19.52524145
0.404,18.825233,19.51746698
0.405,19.160299,19.50661149
0.406,19.507742,19.49267671
0.407,19.75798,19.47566482
0.408,20.193545,19.45557853
0.409,20.677026,19.43242099
0.41,21.093738,19.40619587
0.411,21.415734,19.3769073
0.412,21.658074,19.34455991
0.413,21.878209,19.3091588
0.414,22.011823,19.27070956
0.415,21.971168,19.22921826
0.416,21.742584,19.18469146
0.417,21.45311,19.13713617
0.418,21.218691,19.08655991
0.419,21.022888,19.03297066
0.42,20.850989,18.97637689
0.421,20.693181,18.91678751
0.422,20.540063,18.85421195
0.423,20.229595,18.78866008
0.424,19.891713,18.72014224
0.425,19.635704,18.64866926
0.426,19.473301,18.57425241
0.427,19.395395,18.49690345
0.428,19.383964,18.41663458
0.429,19.397554,18.33345848
0.43,19.443253,18.24738827
0.431,19.479462,18.15843754
0.432,19.579069,18.06662033
0.433,19.703527,17.97195115
0.434,19.872768,17.87444492
0.435,20.081768,17.77411705
0.436,20.134993,17.67098338
0.437,20.058915,17.56506017
0.438,19.95434,17.45636416
0.439,19.8737,17.3449125
0.44,19.870212,17.23072279
0.441,19.96011,17.11381305
0.442,20.087648,16.99420173
0.443,20.29518,16.87190773
0.444,20.5742,16.74695034
0.445,20.85962,16.61934929
0.446,21.083377,16.48912472
0.447,21.188297,16.35629719
0.448,21.003258,16.22088767
0.449,20.570877,16.08291754
0.45,19.975641,15.94240856
0.451,19.264563,15.79938293
0.452,18.732941,15.65386323
0.453,18.23641,15.50587241
0.454,17.727566,15.35543386
0.455,17.324556,15.2025713
0.456,17.130763,15.04730888
0.457,16.997706,14.88967111
0.458,17.009849,14.72968286
0.459,17.143142,14.5673694
0.46,17.504937,14.40275634
0.461,17.452339,14.23586968
0.462,17.097156,14.06673575
0.463,16.606039,13.89538126
0.464,16.116382,13.72183325
0.465,15.650143,13.54611913
0.466,15.255704,13.36826663
0.467,15.018094,13.18830382
0.468,14.732617,13.00625912
0.469,14.543442,12.82216126
0.47,14.363218,12.63603931
0.471,14.171595,12.44792264
0.472,13.975799,12.25784095
0.473,13.837187,12.06582425
0.474,13.713381,11.87190285
0.475,13.618661,11.67610736
0.476,13.556519,11.47846868
0.477,13.595923,11.27901803
0.478,13.611697,11.07778688
0.479,13.562128,10.87480699
0.48,13.425054,10.67011042
0.481,13.217092,10.46372948
0.482,12.986993,10.25569674
0.483,12.663589,10.04604504
0.484,12.239456,9.834807481
0.485,11.750957,9.622017408
0.486,11.179149,9.407708411
0.487,10.517376,9.191914321
0.488,9.772723,8.974669202
0.489,9.028442,8.75600735
0.49,8.356889,8.535963281
0.491,7.761984,8.314571731
0.492,7.326402,8.09186765
0.493,7.243303,7.867886194
0.494,7.08848,7.642662719
0.495,7.08786,7.416232779
0.496,6.957294,7.188632119
0.497,6.901556,6.959896668
0.498,6.891051,6.730062532
0.499,6.843438,6.499165995
0.5,6.771002,6.267243504
0.501,6.694273,6.034331671
0.502,6.538426,5.800467263
0.503,6.211613,5.565687198
0.504,7.755922,5.330028539
0.505,5.428494,5.093528485
0.506,5.108458,4.856224371
0.507,7.022354,4.618153657
0.508,6.799558,4.379353925
0.509,6.500464,4.139862872
0.51,6.139932,3.899718303
0.511,3.011667,3.658958128
0.512,2.573401,3.417620353
0.513,5.156695,3.175743075
0.514,4.964423,2.933364477
0.515,4.726213,2.69052282
0.516,4.42774,2.44725644
0.517,4.155529,2.203603737
0.518,3.852435,1.959603175
0.519,3.827922,1.715293272
0.52,3.705257,1.470712595
0.521,3.668903,1.225899751
0.522,3.660817,0.980893388
0.523,3.479417,0.735732182
0.524,3.310789,0.490454834
0.525,3.138469,0.245100063
0.526,3.010272,-0.000293399
0.527,2.758605,-0.245686815
0.528,2.583355,-0.491041446
0.529,2.37508,-0.736318563
0.53,2.142892,-0.981479445
0.531,1.80956,-1.226485391
0.532,1.473823,-1.471297725
0.533,1.143268,-1.715877802
0.534,0.856021,-1.960187011
0.535,0.653144,-2.204186787
0.536,0.454538,-2.447838612
0.537,0.192542,-2.691104022
0.538,-0.141023,-2.933944618
0.539,-0.47457,-3.176322063
0.54,-0.680309,-3.418198096
0.541,-0.905367,-3.659534536
0.542,-1.071797,-3.900293284
0.543,-1.267827,-4.140436335
0.544,-1.49372,-4.37992578
0.545,-1.662474,-4.618723813
0.546,-1.822133,-4.856792739
0.547,-1.937871,-5.094094975
0.548,-2.16148,-5.330593061
0.549,-2.452208,-5.566249664
0.55,-2.680105,-5.801027584
0.551,-3.055495,-6.034889758
0.552,-3.482797,-6.267799269
0.553,-3.934297,-6.49971935
0.554,-4.292615,-6.730613391
0.555,-4.742465,-6.960444942
0.556,-5.183758,-7.189177723
0.557,-5.513819,-7.416775627
0.558,-5.680418,-7.643202724
0.559,-5.68205,-7.868423271
0.56,-5.558371,-8.092401716
0.561,-5.563224,-8.3151027
0.562,-5.520742,-8.536491069
0.563,-5.494241,-8.756531874
0.564,-5.33637,-8.97519038
0.565,-5.270371,-9.192432069
0.566,-5.295624,-9.408222649
0.567,-5.348409,-9.622528054
0.568,-5.521219,-9.835314455
0.569,-5.73931,-10.04654826
0.57,-6.019589,-10.25619613
0.571,-6.175897,-10.46422496
0.572,-6.366957,-10.67060191
0.573,-6.604639,-10.87529442
0.574,-6.945414,-11.07827016
0.575,-7.371356,-11.27949709
0.576,-7.755199,-11.47894345
0.577,-7.984645,-11.67657775
0.578,-8.12321,-11.8723688
0.579,-8.192204,-12.06628568
0.58,-8.326695,-12.25829779
0.581,-8.563471,-12.44837482
0.582,-8.905458,-12.63648675
0.583,-9.198192,-12.8226039
0.584,-9.446143,-13.00669689
0.585,-9.615766,-13.18873664
0.586,-9.754122,-13.36869444
0.587,-9.876516,-13.54654186
0.588,-10.019932,-13.72225083
0.589,-10.203001,-13.89579363
0.59,-10.337562,-14.06714284
0.591,-10.336703,-14.23627142
0.592,-10.228431,-14.40315268
0.593,-10.07588,-14.56776027
0.594,-10.058242,-14.73006821
0.595,-10.045224,-14.89005086
0.596,-10.059634,-15.04768299
0.597,-10.0881,-15.2029397
0.598,-10.133609,-15.35579648
0.599,-10.205025,-15.50622922
0.6,-10.356483,-15.65421415
0.601,-10.512219,-15.79972792
0.602,-10.668943,-15.94274756
0.603,-10.798806,-16.08325049
0.604,-10.926023,-16.22121452
0.605,-11.055358,-16.3566179
0.606,-11.260661,-16.48943922
0.607,-11.516625,-16.61965754
0.608,-11.78808,-16.7472523
0.609,-11.989177,-16.87220334
0.61,-12.354725,-16.99449096
0.611,-12.682235,-17.11409583
0.612,-18.46879,-17.23099909
0.613,-13.399351,-17.34518228
0.614,-13.76888,-17.45662737
0.615,-14.145782,-17.56531677
0.616,-14.653686,-17.67123332
0.617,-14.987913,-17.77436031
0.618,-15.239264,-17.87468145
0.619,-15.47849,-17.97218091
0.62,-15.526202,-18.06684329
0.621,-15.559964,-18.15865366
0.622,-15.516053,-18.24759752
0.623,-15.424623,-18.33366082
0.624,-15.302208,-18.41682999
0.625,-15.123004,-18.49709189
0.626,-14.980205,-18.57443386
0.627,-14.728529,-18.64884368
0.628,-14.57173,-18.72030961
0.629,-14.335972,-18.78882037
0.63,-14.126706,-18.85436513
0.631,-13.906487,-18.91693357
0.632,-13.68223,-18.97651579
0.633,-13.480767,-19.03310239
0.634,-13.424687,-19.08668445
0.635,-13.3305,-19.13725349
0.636,-13.23628,-19.18480154
0.637,-13.125658,-19.2293211
0.638,-13.031343,-19.27080513
0.639,-12.911548,-19.30924709
0.64,-15.503573,-19.3446409
0.641,-15.630068,-19.37698098
0.642,-15.921849,-19.40626223
0.643,-16.285504,-19.43248003
0.644,-16.727736,-19.45563022
0.645,-17.169793,-19.47570917
0.646,-17.608304,-19.4927137
0.647,-18.154666,-19.50664112
0.648,-18.596189,-19.51748924
0.649,-19.028343,-19.52525635
0.65,-19.357266,-19.52994121
0.651,-19.52737,-19.53154309
0.652,-19.473811,-19.53006174
0.653,-19.219427,-19.52549739
0.654,-18.693064,-19.51785076
0.655,-18.291799,-19.50712306
0.656,-18.024039,-19.49331598
0.657,-17.92413,-19.4764317
0.658,-17.910529,-19.45647288
0.659,-17.856312,-19.43344269
0.66,-17.810929,-19.40734474
0.661,-17.89745,-19.37818317
0.662,-18.157266,-19.34596257
0.663,-18.599734,-19.31068803
0.664,-19.115566,-19.27236513
0.665,-19.597073,-19.2309999
0.666,-19.873005,-19.18659889
0.667,-19.949035,-19.13916909
0.668,-19.906436,-19.088718
0.669,-19.881662,-19.03525358
0.67,-19.876539,-18.97878427
0.671,-19.857144,-18.91931898
0.672,-19.739462,-18.8568671
0.673,-19.649285,-18.7914385
0.674,-19.522684,-18.72304349
0.675,-19.369147,-18.65169288
0.676,-19.223648,-18.57739793
0.677,-19.112738,-18.50017036
0.678,-19.086436,-18.42002238
0.679,-18.971407,-18.33696662
0.68,-18.805093,-18.2510162
0.681,-18.515482,-18.1621847
0.682,-18.157321,-18.07048612
0.683,-17.746073,-17.97593495
0.684,-17.362137,-17.87854612
0.685,-17.131033,-17.77833499
0.686,-16.855827,-17.67531739
0.687,-16.595939,-17.56950958
0.688,-16.249012,-17.46092826
0.689,-15.981198,-17.34959057
0.69,-15.74015,-17.23551409
0.691,-15.616502,-17.11871682
0.692,-15.478968,-16.99921721
0.693,-15.365141,-16.87703411
0.694,-15.307975,-16.75218682
0.695,-15.354195,-16.62469504
0.696,-15.441973,-16.4945789
0.697,-15.632532,-16.36185894
0.698,-15.91361,-16.22655611
0.699,-16.188694,-16.08869177
0.7,-16.460648,-15.94828768
0.701,-16.80783,-15.80536601
0.702,-17.10983,-15.65994932
0.703,-17.316579,-15.51206055
0.704,-17.296502,-15.36172307
0.705,-17.046711,-15.2089606
0.706,-16.589427,-15.05379725
0.707,-16.038342,-14.89625752
0.708,-15.45731,-14.73636628
0.709,-14.874268,-14.57414877
0.71,-14.321486,-14.4096306
0.711,-13.811091,-14.24283773
0.712,-13.29218,-14.0737965
0.713,-12.825949,-13.9025336
0.714,-12.469487,-13.72907605
0.715,-12.327601,-13.55345123
0.716,-12.368365,-13.37568689
0.717,-12.463521,-13.19581106
0.718,-12.768589,-13.01385216
0.719,-12.873379,-12.8298389
0.72,-13.025446,-12.64380033
0.721,-13.213461,-12.45576582
0.722,-13.420601,-12.26576506
0.723,-13.676089,-12.07382803
0.724,-13.72014,-11.87998503
0.725,-13.612389,-11.68426668
0.726,-13.36626,-11.48670385
0.727,-13.006185,-11.28732774
0.728,-12.57804,-11.08616982
0.729,-12.13025,-10.88326185
0.73,-11.525243,-10.67863585
0.731,-10.848681,-10.47232414
0.732,-10.14013,-10.26435927
0.733,-9.482857,-10.05477408
0.734,-9.041049,-9.843601644
0.735,-8.589973,-9.63087531
0.736,-8.20351,-9.416628654
0.737,-8.062291,-9.200895496
0.738,-7.745033,-8.983709892
0.739,-7.488457,-8.765106127
0.74,-7.188272,-8.54511871
0.741,-6.884405,-8.323782366
0.742,-6.571215,-8.101132038
0.743,-6.411685,-7.877202871
0.744,-6.17748,-7.652030215
0.745,-5.959299,-7.425649615
0.746,-5.866216,-7.198096809
0.747,-5.858952,-6.969407717
0.748,-5.900328,-6.739618439
0.749,-5.828261,-6.508765251
0.75,-5.658091,-6.276884594
0.751,-5.330467,-6.044013074
0.752,-4.913707,-5.81018745
0.753,-4.504605,-5.575444635
0.754,-4.13158,-5.339821685
0.755,-3.787986,-5.103355794
0.756,-4.387271,-4.866084292
0.757,-3.999363,-4.628044634
0.758,-3.675605,-4.389274396
0.759,-3.283161,-4.149811271
0.76,-2.954474,-3.90969306
0.761,-2.637562,-3.668957669
0.762,-2.444266,-3.427643098
0.763,-1.96734,-3.185787442
0.764,-1.658918,-2.943428881
0.765,-1.921394,-2.700605672
0.766,-1.034369,-2.457356148
0.767,-2.023389,-2.213718707
0.768,-1.122813,-1.969731811
0.769,-0.356622,-1.725433974
0.77,0.403366,-1.480863762
0.771,1.063532,-1.236059782
0.772,1.583968,-0.991060678
0.773,2.173281,-0.745905127
0.774,2.796605,-0.500631827
0.775,3.330365,-0.255279498
0.776,3.65408,-0.009886871
0.777,4.002989,0.235507317
0.778,4.171506,0.480864328
0.779,4.236796,0.72614543
0.78,4.297654,0.971311904
0.781,4.561351,1.216325047
0.782,4.888603,1.461146181
0.783,5.279435,1.705736661
0.784,5.775136,1.950057874
0.785,6.345209,2.194071252
0.786,6.855976,2.437738277
0.787,7.512008,2.681020482
0.788,7.990287,2.923879463
0.789,8.503437,3.166276882
0.79,8.955218,3.408174476
0.791,9.285649,3.649534059
0.792,9.471583,3.890317528
0.793,9.415036,4.130486876
0.794,9.248767,4.370004187
0.795,14.413883,4.608831654
0.796,14.030577,4.846931574
0.797,13.723783,5.084266361
0.798,13.548391,5.320798551
0.799,13.410699,5.556490803
0.8,13.4193,5.791305912
0.801,13.570512,6.02520681
0.802,13.657022,6.258156573
0.803,13.79504,6.49011843
0.804,13.977295,6.721055761
0.805,14.187447,6.950932112
0.806,14.493759,7.179711194
0.807,14.724182,7.407356892
0.808,14.89242,7.633833272
0.809,15.045047,7.85910458
0.81,15.202355,8.083135257
0.811,15.602464,8.305889936
0.812,16.169892,8.527333454
0.813,16.902223,8.747430854
0.814,17.678086,8.966147392
0.815,18.486754,9.183448541
0.816,19.316718,9.399299998
0.817,20.216077,9.613667689
0.818,20.975527,9.826517774
0.819,21.480408,10.03781665
0.82,21.770382,10.24753097
0.821,21.737524,10.45562762
0.822,21.575873,10.66207375
0.823,21.249809,10.86683678
0.824,20.829413,11.06988438
0.825,20.363717,11.27118449
0.826,19.60402,11.47070534
0.827,19.005165,11.66841544
0.828,18.509827,11.86428357
0.829,18.356041,12.05827881
0.83,18.30191,12.25037055
0.831,18.496718,12.44052845
0.832,18.768468,12.6287225
0.833,19.043894,12.81492299
0.834,19.170546,12.99910052
0.835,19.307309,13.18122603
0.836,19.400678,13.36127076
0.837,19.595415,13.53920629
0.838,19.731923,13.71500453
0.839,19.765409,13.88863773
0.84,19.608879,14.06007848
0.841,19.30009,14.22929972
0.842,18.972254,14.39627474
0.843,18.889341,14.56097717
0.844,18.890422,14.72338101
0.845,18.923867,14.88346064
0.846,19.010661,15.04119077
0.847,19.02743,15.19654651
0.848,19.112574,15.34950334
0.849,19.205284,15.50003711
0.85,19.217085,15.64812405
0.851,19.158385,15.7937408
0.852,19.082198,15.93686435
0.853,19.030732,16.07747213
0.854,19.124835,16.21554193
0.855,19.350919,16.35105196
0.856,19.654409,16.48398082
0.857,19.865758,16.61430753
0.858,19.927293,16.74201153
0.859,19.881961,16.86707264
0.86,19.860202,16.98947113
0.861,19.910211,17.10918768
0.862,19.887856,17.22620338
0.863,19.686309,17.34049977
0.864,19.245668,17.4520588
0.865,18.610527,17.56086286
0.866,17.911156,17.66689478
0.867,17.205927,17.77013782
0.868,16.56495,17.87057568
0.869,16.108196,17.9681925
0.87,15.739724,18.06297288
0.871,15.451257,18.15490186
0.872,15.32603,18.24396491
0.873,15.408163,18.33014799
0.874,15.807581,18.41343748
0.875,16.231565,18.49382024
0.876,16.758673,18.57128359
0.877,17.354265,18.64581528
0.878,17.953041,18.71740357
0.879,18.496415,18.78603713
0.88,18.956653,18.85170515
0.881,19.288967,18.91439726
0.882,19.396539,18.97410355
0.883,19.3107,19.03081461
0.884,19.0834,19.08452147
0.885,18.685355,19.13521567
0.886,18.459477,19.1828892
0.887,18.326997,19.22753454
0.888,18.303438,19.26914463
0.889,18.377889,19.30771291
0.89,18.550903,19.34323328
0.891,18.890607,19.37570016
0.892,19.394258,19.4051084
0.893,20.061004,19.43145336
0.894,20.706955,19.45473089
0.895,21.127483,19.47493731
0.896,21.330949,19.49206944
0.897,21.359933,19.50612456
0.898,21.241443,19.51710046
0.899,21.021495,19.52499541
0.9,20.772296,19.52980815
0.901,20.469906,19.53153794
0.902,20.131739,19.53018449
0.903,19.742265,19.52574803
0.904,19.385288,19.51822924
0.905,19.149879,19.50762933
0.906,18.999925,19.49394995
0.907,18.968586,19.47719328
0.908,19.000479,19.45736195
0.909,19.07358,19.4344591
0.91,19.164961,19.40848834
0.911,19.396982,19.37945377
0.912,19.408081,19.34735998
0.913,19.40027,19.31221202
0.914,19.390557,19.27401546
0.915,19.415632,19.23277632
0.916,19.429338,19.1885011
0.917,19.257727,19.14119681
0.918,19.198435,19.0908709
0.919,19.190866,19.03753132
0.92,19.280411,18.98118649
0.921,19.594093,18.92184531
0.922,20.030429,18.85951714
0.923,20.573149,18.79421182
0.924,21.111187,18.72593966
0.925,21.573388,18.65471144
0.926,21.830509,18.5805384
0.927,21.843771,18.50343225
0.928,21.714138,18.42340517
0.929,21.551608,18.34046978
0.93,21.2811,18.25463918
0.931,20.900859,18.16592692
0.932,20.465267,18.074347
0.933,19.988738,17.97991388
0.934,19.52851,17.88264246
0.935,19.164046,17.7825481
0.936,18.947633,17.6796466
0.937,19.034993,17.57395421
0.938,19.10234,17.46548761
0.939,19.169605,17.35426392
0.94,19.082105,17.2403007
0.941,19.120662,17.12361594
0.942,19.155852,17.00422806
0.943,19.152088,16.88215591
0.944,19.174671,16.75741875
0.945,19.192494,16.63003628
0.946,19.230435,16.50002861
0.947,19.375804,16.36741625
0.948,19.413091,16.23222015
0.949,19.433539,16.09446164
0.95,19.425291,15.95416247
0.951,19.399681,15.8113448
0.952,19.3217,15.66603115
0.953,19.264911,15.51824448
0.954,19.197672,15.36800811
0.955,19.280493,15.21534576
0.956,19.249151,15.06028153
0.957,19.28716,14.90283989
0.958,19.199945,14.7430457
0.959,19.204871,14.58092419
0.96,19.177086,14.41650094
0.961,19.043526,14.24980192
0.962,18.796168,14.08085344
0.963,18.447024,13.90968216
0.964,18.062855,13.73631511
0.965,17.685035,13.56077966
0.966,17.235005,13.38310351
0.967,16.683839,13.20331472
0.968,16.086758,13.02144166
0.969,15.55752,12.83751305
0.97,15.100878,12.65155792
0.971,14.986764,12.46360562
0.972,14.86531,12.27368583
0.973,14.75746,12.08182853
0.974,14.859798,11.88806399
0.975,14.59318,11.69242282
0.976,14.202823,11.49493589
0.977,14.000738,11.29563438
0.978,13.753038,11.09454975
0.979,13.649844,10.89171374
0.98,13.564294,10.68715838
0.981,13.402217,10.48091595
0.982,13.136515,10.27301901
0.983,12.705566,10.06350038
0.984,12.246165,9.852393133
0.985,11.848451,9.639730596
0.986,11.591121,9.425546338
0.987,11.471085,9.209874172
0.988,11.37483,8.992748142
0.989,11.156709,8.774202524
0.99,10.871063,8.554271817
0.991,10.337064,8.33299074
0.992,9.844571,8.110394224
0.993,9.312185,7.886517407
0.994,8.703801,7.661395631
0.995,8.050313,7.435064434
0.996,7.490082,7.207559543
0.997,6.679152,6.978916872
0.998,5.829936,6.749172515
0.999,5.15872,6.518362739
1,4.595981,6.28652398
1.001,4.235551,6.053692835
1.002,4.06883,5.819906059
1.003,4.036653,5.585200557
1.004,4.132328,5.34961338
1.005,4.28123,5.113181717
1.006,4.400172,4.875942892
1.007,6.922452,4.637934354
1.008,6.824009,4.399193675
1.009,6.737896,4.159758543
1.01,6.627801,3.919666755
1.011,6.416146,3.678956212
1.012,6.237828,3.437664911
1.013,5.946371,3.195830944
1.014,5.581896,2.953492485
1.015,5.171348,2.71068779
1.016,4.811699,2.467455189
1.017,4.506042,2.223833076
1.018,4.259352,1.979859912
1.019,4.002091,1.735574208
1.02,3.745306,1.491014527
1.021,3.644929,1.246219477
1.022,3.407308,1.001227699
1.023,3.291893,0.756077868
1.024,2.876808,0.510808684
1.025,2.513634,0.265458863
1.026,2.078678,0.020067137
1.027,1.567154,-0.225327756
1.028,1.180666,-0.470687079
1.029,0.97685,-0.7159721
1.03,0.797213,-0.961144099
1.031,0.691653,-1.206164371
1.032,0.688946,-1.45099424
1.033,0.736626,-1.695595056
1.034,0.820038,-1.939928207
1.035,1.074602,-2.183955122
1.036,1.158451,-2.42763728
1.037,1.18629,-2.670936212
1.038,1.231967,-2.913813513
1.039,1.106944,-3.156230842
1.04,0.739288,-3.398149931
1.041,0.242504,-3.63953259
1.042,-0.2713,-3.880340716
1.043,-0.722689,-4.120536294
1.044,-1.123347,-4.360081408
1.045,-1.335459,-4.598938243
1.046,-1.652957,-4.837069093
1.047,-1.864564,-5.074436367
1.048,-1.999091,-5.311002594
1.049,-2.051519,-5.546730431
1.05,-2.088069,-5.781582666
1.051,-2.104869,-6.015522225
1.052,-2.261699,-6.248512178
1.053,-2.696789,-6.480515746
1.054,-3.079391,-6.711496305
1.055,-3.580858,-6.941417392
1.056,-4.058705,-7.170242713
1.057,-4.507028,-7.397936146
1.058,-4.922759,-7.624461745
1.059,-5.331152,-7.849783754
1.06,-5.746094,-8.073866602
1.061,-6.064583,-8.296674916
1.062,-6.334667,-8.518173523
1.063,-6.529781,-8.738327458
1.064,-6.705445,-8.957101968
1.065,-6.841571,-9.174462517
1.066,-6.935904,-9.390374793
1.067,-6.9924,-9.604804711
1.068,-7.054323,-9.817718423
1.069,-7.10043,-10.02908232
1.07,-7.263872,-10.23886303
1.071,-7.431245,-10.44702744
1.072,-7.564658,-10.6535427
1.073,-7.572032,-10.85837619
1.074,-7.61264,-11.06149559
1.075,-7.672793,-11.26286883
1.076,-7.738183,-11.46246412
1.077,-7.952616,-11.66024996
1.078,-8.169154,-11.85619512
1.079,-8.42758,-12.05026867
1.08,-8.719373,-12.24243998
1.081,-8.9667,-12.4326787
1.082,-9.256202,-12.62095481
1.083,-9.587507,-12.80723859
1.084,-9.840425,-12.99150062
1.085,-9.966894,-13.17371183
1.086,-10.097072,-13.35384345
1.087,-10.255283,-13.53186704
1.088,-10.412548,-13.7077545
1.089,-10.514571,-13.88147806
1.09,-10.634245,-14.05301031
1.091,-10.757334,-14.22232415
1.092,-11.083667,-14.38939288
1.093,-11.367048,-14.5541901
1.094,-11.690252,-14.71668982
1.095,-11.8907,-14.87686637
1.096,-12.022548,-15.03469446
1.097,-12.002775,-15.1901492
1.098,-11.978266,-15.34320603
1.099,-11.972358,-15.49384079
1.1,-11.957691,-15.64202971
1.101,-11.915697,-15.78774938
1.102,-11.907254,-15.93097682
1.103,-11.703411,-16.07168941
1.104,-11.498787,-16.20986493
1.105,-11.391113,-16.34548157
1.106,-11.342528,-16.47851794
1.107,-11.354343,-16.60895301
1.108,-15.542833,-16.73676621
1.109,-15.492408,-16.86193736
1.11,-15.521204,-16.98444669
1.111,-11.504673,-17.10427488
1.112,-11.570662,-17.22140299
1.113,-11.768341,-17.33581255
1.114,-12.081581,-17.44748549
1.115,-12.439703,-17.55640419
1.116,-12.619551,-17.66255145
1.117,-12.805745,-17.76591051
1.118,-13.025713,-17.86646505
1.119,-13.099086,-17.96419922
1.12,-13.188469,-18.05909756
1.121,-13.389169,-18.15114512
1.122,-13.479884,-18.24032734
1.123,-13.495011,-18.32663017
1.124,-13.537792,-18.41003997
1.125,-13.590702,-18.49054357
1.126,-17.697463,-18.56812827
1.127,-17.642942,-18.64278182
1.128,-17.579829,-18.71449244
1.129,-17.573022,-18.7832488
1.13,-17.630281,-18.84904005
1.131,-17.768127,-18.91185581
1.132,-14.363526,-18.97168616
1.133,-17.975721,-19.02852165
1.134,-18.012637,-19.08235331
1.135,-18.058344,-19.13317266
1.136,-18.155141,-19.18097165
1.137,-18.299154,-19.22574275
1.138,-18.372937,-19.26747889
1.139,-18.324876,-19.30617348
1.14,-18.139981,-19.34182041
1.141,-17.845464,-19.37441406
1.142,-17.56343,-19.40394928
1.143,-17.175054,-19.43042141
1.144,-16.853352,-19.45382627
1.145,-16.689169,-19.47416016
1.146,-16.684813,-19.49141988
1.147,-16.712082,-19.5056027
1.148,-16.752027,-19.51670638
1.149,-16.922254,-19.52472916
1.15,-17.048319,-19.52966979
1.151,-17.071449,-19.53152748
1.152,-16.991817,-19.53030194
1.153,-17.134881,-19.52599336
1.154,-17.327596,-19.51860243
1.155,-17.47635,-19.5081303
1.156,-17.448827,-19.49457863
1.157,-17.318307,-19.47794957
1.158,-17.227232,-19.45824573
1.159,-17.24885,-19.43547023
1.16,-17.454947,-19.40962666
1.161,-17.92204,-19.38071911
1.162,-18.620014,-19.34875213
1.163,-19.373499,-19.31373077
1.164,-19.885253,-19.27566056
1.165,-20.117181,-19.23454751
1.166,-20.227557,-19.19039811
1.167,-20.345,-19.14321933
1.168,-20.417413,-19.09301861
1.169,-20.335885,-19.03980389
1.17,-19.972693,-18.98358356
1.171,-19.329911,-18.92436649
1.172,-18.46365,-18.86216204
1.173,-17.546618,-18.79698003
1.174,-16.890795,-18.72883074
1.175,-16.564109,-18.65772493
1.176,-16.4448,-18.58367382
1.177,-16.334192,-18.50668912
1.178,-16.212855,-18.42678296
1.179,-16.170206,-18.34396796
1.18,-16.339369,-18.2582572
1.181,-16.47387,-18.16966421
1.182,-16.667042,-18.07820297
1.183,-16.775513,-17.98388791
1.184,-16.871353,-17.88673394
1.185,-16.767212,-17.78675638
1.186,-16.700169,-17.68397101
1.187,-16.706516,-17.57839407
1.188,-16.765289,-17.47004222
1.189,-16.773692,-17.35893256
1.19,-16.889408,-17.24508263
1.191,-17.045037,-17.12851041
1.192,-17.476906,-17.0092343
1.193,-17.73419,-16.88727312
1.194,-18.044027,-16.76264613
1.195,-18.215573,-16.635373
1.196,-18.325566,-16.50547383
1.197,-18.329347,-16.37296911
1.198,-18.177186,-16.23787977
1.199,-18.089765,-16.10022714
1.2,-17.940653,-15.96003293
1.201,-17.746932,-15.81731928
1.202,-17.59369,-15.67210873
1.203,-17.504172,-15.52442419
1.204,-17.381483,-15.37428898
1.205,-17.346317,-15.22172679
1.206,-17.222993,-15.06676171
1.207,-16.987098,-14.90941821
1.208,-16.670497,-14.74972112
1.209,-16.368718,-14.58769565
1.21,-16.116927,-14.42336737
1.211,-15.769556,-14.25676224
1.212,-15.376908,-14.08790654
1.213,-15.048704,-13.91682694
1.214,-14.613142,-13.74355044
1.215,-14.217792,-13.56810439
1.216,-13.865516,-13.3905165
1.217,-13.537372,-13.21081479
1.218,-13.537292,-13.02902762
1.219,-13.269317,-12.84518371
1.22,-13.099744,-12.65931207
1.221,-12.996288,-12.47144204
1.222,-12.903437,-12.28160327
1.223,-12.701937,-12.08982574
1.224,-12.574399,-11.89613973
1.225,-12.519305,-11.70057579
1.226,-12.468949,-11.50316481
1.227,-12.541064,-11.30393796
1.228,-12.466418,-11.10292667
1.229,-12.162227,-10.90016268
1.23,-11.588583,-10.695678
1.231,-10.889298,-10.48950491
1.232,-10.098417,-10.28167596
1.233,-9.364577,-10.07222395
1.234,-8.662412,-9.861181945
1.235,-7.955449,-9.648583263
1.236,-7.209918,-9.434461462
1.237,-6.497524,-9.218850345
1.238,-6.143644,-9.001783948
1.239,-6.154964,-8.783296537
1.24,-6.065066,-8.563422601
1.241,-6.086326,-8.34219685
1.242,-6.190094,-8.119654207
1.243,-6.335878,-7.895829801
1.244,-6.473438,-7.670758967
1.245,-6.58984,-7.444477232
1.246,-6.616607,-7.217020318
1.247,-6.589788,-6.988424131
1.248,-6.420147,-6.758724757
1.249,-6.12877,-6.527958457
1.25,-5.822863,-6.296161657
1.251,-5.391285,-6.063370951
1.252,-4.81347,-5.829623086
1.253,-4.164759,-5.594954962
1.254,-3.522532,-5.359403622
1.255,-2.902729,-5.123006251
1.256,-2.315621,-4.885800166
1.257,-1.75468,-4.647822813
1.258,-1.248311,-4.409111759
1.259,-2.035443,-4.169704685
1.26,-1.672698,-3.929639385
1.261,-1.403139,-3.688953756
1.262,-1.317774,-3.447685791
1.263,-1.266377,-3.205873577
1.264,-1.289104,-2.963555287
1.265,-2.527828,-2.720769172
1.266,-2.496027,-2.477553559
1.267,-2.289513,-2.233946841
1.268,-2.015961,-1.989987474
1.269,-1.649369,-1.745713969
1.27,-1.470411,-1.501164888
1.271,-0.980042,-1.256378833
1.272,-2.445626,-1.011394448
1.273,-1.768249,-0.766250404
1.274,-1.100655,-0.520985401
1.275,-0.508196,-0.275638156
1.276,-0.111241,-0.030247399
1.277,0.248214,0.215148133
1.278,0.539793,0.460509702
1.279,0.884974,0.705798576
1.28,1.205226,0.950976032
1.281,1.458722,1.196003369
1.282,1.590365,1.440841905
1.283,1.538563,1.685452991
1.284,1.483038,1.929798013
1.285,1.606995,2.173838398
1.286,1.794204,2.417535623
1.287,2.033704,2.660851218
1.288,2.342938,2.903746773
1.289,2.430297,3.146183944
1.29,2.69656,3.388124462
1.291,2.90285,3.629530133
1.292,2.99417,3.870362849
1.293,3.223357,4.110584593
1.294,3.535679,4.350157444
1.295,3.750897,4.589043582
1.296,4.061715,4.827205297
1.297,10.262852,5.064604993
1.298,10.459663,5.301205195
1.299,10.742195,5.536968553
1.3,11.103278,5.77185785
1.301,11.739671,6.005836006
1.302,12.272943,6.238866085
1.303,6.559679,6.470911302
1.304,7.126591,6.701935026
1.305,7.5411,6.931900788
1.306,7.813607,7.160772285
1.307,7.859169,7.388513389
1.308,7.940224,7.615088148
1.309,7.91599,7.840460795
1.31,7.782594,8.064595754
1.311,7.546872,8.287457641
1.312,7.222859,8.509011278
1.313,6.837733,8.729221688
1.314,6.580476,8.948054111
1.315,6.549452,9.165474001
1.316,6.699214,9.381447037
1.317,7.042969,9.595939125
1.318,7.470547,9.808916405
1.319,14.192815,10.02034526
1.32,14.797106,10.23019231
1.321,9.069348,10.43842443
1.322,9.562425,10.64500875
1.323,9.977349,10.84991265
1.324,10.33768,11.0531038
1.325,10.694878,11.25455011
1.326,10.937071,11.45421979
1.327,11.137539,11.65208131
1.328,11.3693,11.84810345
1.329,11.482621,12.04225525
1.33,11.534429,12.23450608
1.331,11.659856,12.42482557
1.332,11.724437,12.61318369
1.333,11.842005,12.79955071
1.334,11.93165,12.98389719
1.335,11.950361,13.16619405
1.336,11.890348,13.34641251
1.337,11.76821,13.52452411
1.338,11.640796,13.70050074
1.339,16.459445,13.87431462
1.34,16.126293,14.04593831
1.341,15.788454,14.21534472
1.342,15.531121,14.38250711
1.343,15.261749,14.54739909
1.344,15.0746,14.70999463
1.345,15.076513,14.87026805
1.346,15.197899,15.02819407
1.347,15.408791,15.18374776
1.348,15.597792,15.33690454
1.349,15.743387,15.48764026
1.35,15.862783,15.63593111
1.351,15.946909,15.78175368
1.352,16.061147,15.92508496
1.353,16.211626,16.06590232
1.354,16.37468,16.20418352
1.355,16.519503,16.33990675
1.356,12.875912,16.47305058
1.357,13.05233,16.60359398
1.358,13.259341,16.73151635
1.359,17.279,16.85679749
1.36,17.412909,16.97941764
1.361,17.510687,17.09935743
1.362,17.534514,17.21659792
1.363,17.585487,17.33112062
1.364,17.703629,17.44290745
1.365,17.790385,17.55194075
1.366,17.87489,17.65820331
1.367,17.822104,17.76167836
1.368,17.722695,17.86234957
1.369,17.707363,17.96020105
1.37,17.799917,18.05521734
1.371,18.046549,18.14738345
1.372,18.357323,18.23668482
1.373,18.544765,18.32310737
1.374,18.703869,18.40663745
1.375,18.896759,18.48726187
1.376,19.045003,18.56496791
1.377,19.206586,18.63974329
1.378,19.332552,18.71157622
1.379,19.386478,18.78045536
1.38,19.23137,18.84636983
1.381,18.859875,18.90930922
1.382,18.411795,18.96926361
1.383,17.939596,19.02622352
1.384,17.517886,19.08017997
1.385,17.098494,19.13112444
1.386,16.662199,19.17904888
1.387,16.254558,19.22394574
1.388,15.898821,19.26580792
1.389,15.67017,19.30462881
1.39,15.639432,19.34040229
1.391,15.798107,19.37312271
1.392,16.056581,19.4027849
1.393,16.382252,19.42938419
1.394,16.63011,19.45291637
1.395,16.788555,19.47337772
1.396,16.875511,19.49076503
1.397,16.957056,19.50507554
1.398,17.144909,19.51630699
1.399,17.359057,19.52445761
1.4,17.538192,19.52952612
1.401,17.750849,19.53151172
1.402,18.058909,19.53041408
1.403,18.477174,19.52623339
1.404,18.952307,19.5189703
1.405,19.442715,19.50862597
1.406,20.159126,19.49520202
1.407,20.730937,19.47870057
1.408,21.0766,19.45912423
1.409,21.5777,19.43647608
1.41,22.057036,19.41075972
1.411,22.427548,19.38197918
1.412,22.546259,19.35013902
1.413,22.259328,19.31524426
1.414,21.9457,19.27730042
1.415,21.599445,19.23631347
1.416,21.276265,19.1922899
1.417,20.967213,19.14523664
1.418,20.687298,19.09516114
1.419,20.191747,19.04207129
1.42,19.667204,18.98597547
1.421,19.185614,18.92688254
1.422,18.768557,18.86480183
1.423,18.495491,18.79974313
1.424,18.142195,18.73171673
1.425,17.782533,18.66073335
1.426,17.419411,18.5868042
1.427,17.118867,18.50994095
1.428,16.804939,18.43015574
1.429,16.670803,18.34746116
1.43,16.595789,18.26187026
1.431,16.562533,18.17339656
1.432,16.674046,18.08205402
1.433,16.9052,17.98785706
1.434,17.189209,17.89082056
1.435,17.410259,17.79095982
1.436,17.495887,17.68829062
1.437,17.484939,17.58282916
1.438,17.465582,17.47459208
1.439,17.485077,17.36359648
1.44,17.562258,17.24985988
1.441,17.645401,17.13340023
1.442,17.740849,17.01423591
1.443,17.661082,16.89238574
1.444,17.49737,16.76786895
1.445,17.285204,16.6407052
1.446,16.983541,16.51091456
1.447,16.584084,16.37851752
1.448,16.189844,16.24353499
1.449,15.793339,16.10598826
1.45,15.423855,15.96589905
1.451,15.134676,15.82328947
1.452,14.872734,15.67818205
1.453,14.66603,15.53059968
1.454,14.54173,15.38056566
1.455,14.593145,15.22810368
1.456,14.846214,15.0732378
1.457,15.010214,14.91599248
1.458,15.422034,14.75639252
1.459,15.514938,14.59446314
1.46,15.476077,14.43022988
1.461,15.458693,14.26371868
1.462,15.328777,14.09495582
1.463,15.079892,13.92396794
1.464,14.706606,13.75078204
1.465,14.117724,13.57542545
1.466,13.290674,13.39792585
1.467,12.350321,13.21831126
1.468,11.42986,13.03661005
1.469,10.646001,12.85285088
1.47,10.152816,12.66706278
1.471,9.780303,12.47927506
1.472,9.444987,12.28951737
1.473,9.162936,12.09781968
1.474,8.853415,11.90421222
1.475,8.565126,11.70872558
1.476,8.409135,11.51139061
1.477,8.422544,11.31223846
1.478,8.464144,11.11130057
1.479,8.468784,10.90860866
1.48,8.351443,10.70419472
1.481,8.160965,10.49809103
1.482,7.908539,10.29033012
1.483,7.680155,10.08094478
1.484,7.475915,9.869968078
1.485,7.413398,9.657433308
1.486,7.472932,9.443374023
1.487,7.70018,9.227824015
1.488,7.779038,9.010817309
1.489,7.894093,8.792388163
1.49,7.650766,8.572571058
1.491,7.301305,8.351400694
1.492,6.920546,8.128911984
1.493,6.62043,7.905140051
1.494,6.297802,7.680120218
1.495,5.8873,7.453888008
1.496,5.363594,7.226479133
1.497,4.77759,6.997929492
1.498,4.146956,6.768275164
1.499,3.514403,6.5375524
1.5,3.081639,6.305797625
1.501,4.153807,6.073047421
1.502,3.887334,5.83933853
1.503,3.603358,5.604707846
1.504,3.305678,5.369192408
1.505,1.557044,5.132829393
1.506,1.135638,4.895656114
1.507,1.016896,4.65771001
1.508,0.540858,4.419028644
1.509,0.023671,4.179649694
1.51,-0.476962,3.939610948
1.511,-0.760517,3.698950298
1.512,-1.091539,3.457705734
1.513,-1.315177,3.21591534
1.514,-1.459815,2.973617284
1.515,-1.527681,2.730849815
1.516,1.1081,2.487651256
1.517,1.096221,2.244059999
1.518,0.999254,2.000114496
1.519,-1.970901,1.755853257
1.52,-2.336539,1.51131484
1.521,-2.789668,1.266537848
1.522,-3.286682,1.021560922
1.523,-3.842888,0.776422732
1.524,-1.325832,0.531161978
1.525,-5.382907,0.285817374
1.526,-6.048144,0.040427652
1.527,-6.500584,-0.204968452
1.528,-6.669696,-0.450332201
1.529,-6.743325,-0.69562486
1.53,-3.152726,-0.940807708
1.531,-3.143453,-1.185842041
1.532,-3.149361,-1.430689178
1.533,-3.016403,-1.675310468
1.534,-2.951541,-1.919667294
1.535,-2.913522,-2.163721083
1.536,-2.831709,-2.407433309
1.537,-6.274233,-2.6507655
1.538,-6.384306,-2.893679243
1.539,-6.537775,-3.136136192
1.54,-6.688193,-3.378098073
1.541,-6.92024,-3.61952669
1.542,-7.35674,-3.860383931
1.543,-4.195511,-4.100631776
1.544,-4.42244,-4.340232298
1.545,-4.711252,-4.579147674
1.546,-4.677156,-4.81734019
1.547,-4.593964,-5.054772244
1.548,-4.541184,-5.291406356
1.549,-4.568406,-5.527205171
1.55,-4.818791,-5.762131466
1.551,-5.331293,-5.996148155
1.552,-5.863103,-6.229218297
1.553,-6.441664,-6.4613051
1.554,-6.929323,-6.692371926
1.555,-7.470425,-6.9223823
1.556,-8.063133,-7.151299912
1.557,-8.637819,-7.379088625
1.558,-9.335414,-7.605712482
1.559,-9.831218,-7.831135706
1.56,-9.927159,-8.055322714
1.561,-9.913836,-8.278238116
1.562,-9.830789,-8.499846721
1.563,-9.651284,-8.720113547
1.564,-9.578181,-8.939003823
1.565,-9.594346,-9.156482995
1.566,-9.644041,-9.372516732
1.567,-9.842471,-9.587070931
1.568,-9.974985,-9.800111723
1.569,-15.07556,-10.01160548
1.57,-15.594049,-10.22151881
1.571,-16.332644,-10.42981858
1.572,-16.94454,-10.6364719
1.573,-17.468948,-10.84144616
1.574,-17.695223,-11.044709
1.575,-17.529044,-11.24622833
1.576,-17.008595,-11.44597234
1.577,-16.573958,-11.6439095
1.578,-16.193583,-11.84000856
1.579,-15.807739,-12.03423857
1.58,-15.474932,-12.22656886
1.581,-14.937261,-12.41696907
1.582,-14.519475,-12.60540915
1.583,-14.235275,-12.79185935
1.584,-14.227715,-12.97629024
1.585,-14.346654,-13.1586727
1.586,-14.494249,-13.33897795
1.587,-14.600175,-13.51717751
1.588,-14.629034,-13.69324326
1.589,-14.607492,-13.86714741
1.59,-14.606911,-14.0388625
1.591,-14.674429,-14.20836143
1.592,-14.828382,-14.37561744
1.593,-15.047326,-14.54060412
1.594,-15.297976,-14.70329544
1.595,-15.589042,-14.8636657
1.596,-16.073018,-15.0216896
1.597,-16.704731,-15.17734219
1.598,-17.376336,-15.33059889
1.599,-18.032728,-15.48143552
1.6,-18.569104,-15.62982826
1.601,-18.943949,-15.77575369
1.602,-19.151414,-15.91918877
1.603,-19.213841,-16.06011086
1.604,-19.226131,-16.19849772
1.605,-19.184818,-16.33432749
1.606,-18.897223,-16.46757874
1.607,-18.272347,-16.59823043
1.608,-17.391917,-16.72626194
1.609,-16.487763,-16.85165305
1.61,-15.694912,-16.97438397
1.611,-15.018563,-17.09443533
1.612,-14.527981,-17.21178818
1.613,-14.21298,-17.32642399
1.614,-13.95082,-17.43832466
1.615,-13.756533,-17.54747253
1.616,-13.78353,-17.65385038
1.617,-14.035364,-17.7574414
1.618,-14.386705,-17.85822924
1.619,-14.865999,-17.956198
1.62,-15.271205,-18.05133221
1.621,-15.495658,-18.14361685
1.622,-15.71114,-18.23303735
1.623,-15.909078,-18.3195796
1.624,-16.142411,-18.40322993
1.625,-16.45062,-18.48397515
1.626,-16.770682,-18.5618025
1.627,-17.042473,-18.6366997
1.628,-17.253895,-18.70865493
1.629,-17.455883,-18.77765682
1.63,-17.660808,-18.84369448
1.631,-17.835868,-18.9067575
1.632,-18.008701,-18.96683591
1.633,-18.242892,-19.02392023
1.634,-18.416107,-19.07800145
1.635,-18.441829,-19.12907103
1.636,-18.312591,-19.17712091
1.637,-18.090103,-19.22214351
1.638,-17.83673,-19.26413171
1.639,-17.604625,-19.3030789
1.64,-17.448902,-19.33897891
1.641,-17.451845,-19.37182609
1.642,-17.531936,-19.40161525
1.643,-17.549369,-19.42834168
1.644,-17.55246,-19.45200118
1.645,-17.624419,-19.47258999
1.646,-17.78591,-19.49010488
1.647,-18.066895,-19.50454308
1.648,-18.459789,-19.5159023
1.649,-18.899918,-19.52418076
1.65,-19.341103,-19.52937715
1.651,-19.825137,-19.53149064
1.652,-20.325193,-19.53052091
1.653,-20.824511,-19.52646811
1.654,-21.293048,-19.51933288
1.655,-21.783416,-19.50911634
1.656,-22.258863,-19.4958201
1.657,-22.605444,-19.47944627
1.658,-22.749107,-19.45999744
1.659,-22.669217,-19.43747666
1.66,-22.40126,-19.41188749
1.661,-22.016765,-19.38323399
1.662,-21.638258,-19.35152066
1.663,-21.279919,-19.31675251
1.664,-20.973876,-19.27893504
1.665,-20.666771,-19.23807421
1.666,-20.318994,-19.19417647
1.667,-19.940342,-19.14724876
1.668,-19.605441,-19.09729848
1.669,-19.351369,-19.04433351
1.67,-19.175768,-18.98836222
1.671,-18.991728,-18.92939344
1.672,-18.834937,-18.86743649
1.673,-18.661187,-18.80250113
1.674,-18.436704,-18.73459763
1.675,-18.194069,-18.66373669
1.676,-18.000938,-18.58992952
1.677,-17.904151,-18.51318775
1.678,-17.939075,-18.43352351
1.679,-18.066533,-18.35094937
1.68,-18.249848,-18.26547836
1.681,-18.436357,-18.17712397
1.682,-18.593115,-18.08590016
1.683,-18.757108,-17.99182133
1.684,-18.890854,-17.89490232
1.685,-18.919563,-17.79515843
1.686,-18.819262,-17.69260542
1.687,-18.560463,-17.58725946
1.688,-18.126579,-17.4791372
1.689,-17.578865,-17.36825569
1.69,-16.959951,-17.25463244
1.691,-16.376464,-17.13828539
1.692,-15.74192,-17.0192329
1.693,-15.071454,-16.89749378
1.694,-14.485383,-16.77308722
1.695,-14.129271,-16.64603288
1.696,-13.983138,-16.51635081
1.697,-13.992701,-16.38406149
1.698,-14.223937,-16.24918579
1.699,-14.554928,-16.111745
1.7,-14.938904,-15.97176083
1.701,-15.343566,-15.82925537
1.702,-16.014596,-15.68425111
1.703,-16.238348,-15.53677095
1.704,-16.351737,-15.38683817
1.705,-16.368202,-15.23447644
1.706,-16.351497,-15.0797098
1.707,-16.355569,-14.92256269
1.708,-16.282582,-14.76305992
1.709,-16.21201,-14.60122667
1.71,-16.055521,-14.43708847
1.711,-15.75295,-14.27067125
1.712,-15.538977,-14.10200127
1.713,-15.593173,-13.93110516
1.714,-15.749991,-13.7580099
1.715,-16.014274,-13.58274281
1.716,-16.285758,-13.40533156
1.717,-16.395968,-13.22580415
1.718,-16.493078,-13.04418893
1.719,-16.6378,-12.86051456
1.72,-16.784176,-12.67481005
1.721,-16.878007,-12.4871047
1.722,-16.791352,-12.29742814
1.723,-16.604927,-12.10581032
1.724,-16.25402,-11.91228149
1.725,-15.822776,-11.71687219
1.726,-15.247657,-11.51961328
1.727,-14.608775,-11.32053589
1.728,-13.934161,-11.11967145
1.729,-13.243174,-10.91705167
1.73,-12.581202,-10.71270853
1.731,-11.893397,-10.50667429
1.732,-11.1703,-10.29898148
1.733,-10.381514,-10.08966288
1.734,-9.615414,-9.87875153
1.735,-8.993649,-9.66628073
1.736,-8.359419,-9.452284018
1.737,-7.771601,-9.236795177
1.738,-7.245617,-9.019848222
1.739,-6.732088,-8.801477401
1.74,-6.352312,-8.581717186
1.741,-6.175101,-8.360602268
1.742,-6.285924,-8.138167553
1.743,-6.376753,-7.914448152
1.744,-6.425685,-7.689479383
1.745,-6.659714,-7.463296759
1.746,-6.665974,-7.235935985
1.747,-6.606007,-7.007432952
1.748,-6.550596,-6.777823731
1.749,-6.568874,-6.547144568
1.75,-6.566646,-6.315431879
1.751,-6.369737,-6.08272224
1.752,-6.096539,-5.849052387
1.753,-5.54838,-5.614459208
1.754,-4.845796,-5.378979735
1.755,-4.13175,-5.142651141
1.756,-3.584476,-4.905510731
1.757,-3.282548,-4.667595942
1.758,-3.09197,-4.42894433
1.759,-2.916323,-4.189593568
1.76,-2.695059,-3.94958144
1.761,-2.593827,-3.708945834
1.762,-5.669153,-3.467724738
1.763,-5.672418,-3.225956228
1.764,-5.662505,-2.983678473
1.765,-5.673402,-2.740929716
1.766,-5.55847,-2.497748278
1.767,-2.253953,-2.254172547
1.768,-5.137898,-2.010240975
1.769,-4.707767,-1.765992067
1.77,-4.223269,-1.521464382
1.771,-3.779758,-1.276696519
1.772,-3.396159,-1.031727118
1.773,-2.922864,-0.78659485
1.774,-2.489308,-0.54133841
1.775,-2.051905,-0.295996515
1.776,-1.743886,-0.050607894
1.777,-1.284633,0.194788716
1.778,-0.842931,0.440154576
1.779,-0.260859,0.685450954
1.78,0.313329,0.930639128
1.781,0.871504,1.175680391
1.782,1.347433,1.420536063
1.783,1.92184,1.665167489
1.784,2.43769,1.909536054
1.785,2.948854,2.153603181
1.786,3.257897,2.397330342
1.787,3.440394,2.640679062
1.788,3.556004,2.883610927
1.789,3.52828,3.126087587
1.79,3.480438,3.368070766
1.791,3.582856,3.609522263
1.792,3.386728,3.850403965
1.793,3.384247,4.090677844
1.794,3.542661,4.330305973
1.795,3.883577,4.569250522
1.796,4.306483,4.807473774
1.797,4.942435,5.044938122
1.798,5.575686,5.281606079
1.799,6.329888,5.517440287
1.8,6.991237,5.752403516
1.801,7.705696,5.986458675
1.802,8.458583,6.219568817
1.803,9.0487,6.451697142
1.804,9.474099,6.682807008
1.805,9.646206,6.912861931
1.806,9.736689,7.141825595
1.807,9.779839,7.369661857
1.808,9.784407,7.596334749
1.809,9.778752,7.82180849
1.81,9.775191,8.046047487
1.811,9.766987,8.269016341
1.812,9.837614,8.490679855
1.813,9.874952,8.711003037
1.814,9.972965,8.929951107
1.815,10.114077,9.147489502
1.816,10.443526,9.363583881
1.817,10.655661,9.578200133
1.818,15.992331,9.791304378
1.819,11.1114,10.00286298
1.82,11.305144,10.21284253
1.821,16.246513,10.42120989
1.822,16.325357,10.62793217
1.823,11.790639,10.83297673
1.824,11.965909,11.03631121
1.825,12.086605,11.2379035
1.826,12.149578,11.43772179
1.827,12.092841,11.63573452
1.828,12.081649,11.83191045
1.829,12.161904,12.02621861
1.83,12.287575,12.21862831
1.831,12.403186,12.40910919
1.832,12.549502,12.59763118
1.833,12.774468,12.78416452
1.834,17.801211,12.96867976
1.835,18.021194,13.15114777
1.836,18.342346,13.33153976
1.837,18.798768,13.50982724
1.838,19.397395,13.68598206
1.839,14.553102,13.85997643
1.84,14.970864,14.03178288
1.841,15.325053,14.20137428
1.842,15.609691,14.36872386
1.843,15.740468,14.5338052
1.844,15.875315,14.69659225
1.845,15.927784,14.85705931
1.846,15.934917,15.01518105
1.847,15.911619,15.1709325
1.848,15.800422,15.32428908
1.849,15.637775,15.47522658
1.85,15.446749,15.62372117
1.851,19.384494,15.76974942
1.852,19.254174,15.91328826
1.853,19.372227,16.05431505
1.854,19.682984,16.19280751
1.855,20.09269,16.32874379
1.856,20.48804,16.46210243
1.857,20.782574,16.59286237
1.858,20.862404,16.72100298
1.859,20.856697,16.84650403
1.86,20.668042,16.96934569
1.861,20.480752,17.08950859
1.862,20.19276,17.20697376
1.863,19.777181,17.32172265
1.864,19.357911,17.43373714
1.865,18.966557,17.54299955
1.866,18.637427,17.64949265
1.867,18.418247,17.75319961
1.868,18.379621,17.85410406
1.869,18.530727,17.95219008
1.87,18.784874,18.04744217
1.871,19.11205,18.13984532
1.872,19.571261,18.22938492
1.873,20.033105,18.31604685
1.874,20.512449,18.39981742
1.875,20.81546,18.48068341
1.876,20.879048,18.55863205
1.877,20.678559,18.63365105
1.878,20.401532,18.70572855
1.879,19.902566,18.77485318
1.88,19.453221,18.84101402
1.881,19.159292,18.90420064
1.882,19.092732,18.96440305
1.883,19.202639,19.02161177
1.884,19.415084,19.07581774
1.885,19.746573,19.12701242
1.886,20.179461,19.17518773
1.887,20.726797,19.22033605
1.888,21.327964,19.26245027
1.889,21.80893,19.30152374
1.89,22.008691,19.33755028
1.891,21.831342,19.37052421
1.892,21.256863,19.40044032
1.893,20.494288,19.4272939
1.894,19.751387,19.4510807
1.895,19.001929,19.47179697
1.896,18.250724,19.48943944
1.897,17.524503,19.50400532
1.898,16.755698,19.51549231
1.899,16.093163,19.5238986
1.9,15.688634,19.52922287
1.901,15.526232,19.53146427
1.902,15.567585,19.53062244
1.903,15.646587,19.52669753
1.904,15.703831,19.51969015
1.905,15.666704,19.50960141
1.906,15.874088,19.49643289
1.907,16.014888,19.48018669
1.908,16.272866,19.46086536
1.909,16.579649,19.43847195
1.91,16.758747,19.41301
1.911,16.817839,19.38448353
1.912,16.905648,19.35289704
1.913,16.952122,19.31825551
1.914,17.071211,19.28056443
1.915,17.235586,19.23982972
1.916,17.378192,19.19605784
1.917,17.472487,19.14925568
1.918,17.457114,19.09943063
1.919,17.407502,19.04659056
1.92,17.343025,18.99074381
1.921,17.365362,18.9318992
1.922,17.492018,18.87006602
1.923,17.654889,18.80525402
1.924,17.795791,18.73747344
1.925,17.900086,18.66673497
1.926,18.011471,18.59304979
1.927,18.136062,18.51642953
1.928,18.303976,18.43688628
1.929,18.471724,18.35443259
1.93,18.645379,18.26908149
1.931,18.766795,18.18084645
1.932,18.79208,18.08974139
1.933,18.738248,17.9957807
1.934,18.72517,17.89897922
1.935,18.876212,17.79935221
1.936,19.169721,17.69691541
1.937,19.556806,17.59168499
1.938,19.88564,17.48367756
1.939,20.330214,17.37291017
1.94,20.716806,17.25940031
1.941,21.000628,17.1431659
1.942,21.210084,17.02422527
1.943,21.372971,16.90259722
1.944,21.290374,16.77830093
1.945,21.039242,16.65135604
1.946,20.629681,16.52178258
1.947,20.122106,16.389601
1.948,19.535522,16.25483217
1.949,18.893082,16.11749737
1.95,18.292673,15.97761827
1.951,17.838581,15.83521696
1.952,17.603646,15.69031591
1.953,17.550763,15.54293801
1.954,17.571295,15.3931065
1.955,17.601836,15.24084506
1.956,17.592495,15.0861777
1.957,17.559503,14.92912886
1.958,17.587076,14.76972331
1.959,17.612661,14.60798623
1.96,17.541187,14.44394314
1.961,17.338199,14.27761994
1.962,16.942331,14.10904289
1.963,16.434763,13.9382386
1.964,15.878039,13.76523402
1.965,15.513584,13.59005648
1.966,14.944815,13.41273363
1.967,14.260554,13.23329345
1.968,13.601882,13.05176427
1.969,12.900054,12.86817475
1.97,12.357692,12.68255387
1.971,11.992872,12.49493094
1.972,11.7612,12.30533556
1.973,11.540304,12.11379768
1.974,11.343332,11.92034752
1.975,11.200124,11.72501562
1.976,11.38586,11.52783282
1.977,11.462639,11.32883025
1.978,11.699258,11.12803932
1.979,11.996408,10.92549172
1.98,12.21735,10.72121943
1.981,12.351791,10.5152547
1.982,12.505003,10.30763005
1.983,12.663537,10.09837823
1.984,12.879676,9.887532298
1.985,13.094002,9.675125526
1.986,13.204456,9.461191446
1.987,13.168338,9.24576383
1.988,13.053044,9.028876684
1.989,12.892924,8.810564248
1.99,12.788834,8.590860983
1.991,11.662615,8.369801572
1.992,11.417344,8.14742091
1.993,11.021022,7.923754103
1.994,10.783626,7.698836459
1.995,10.394685,7.472703482
1.996,10.058189,7.245390871
1.997,9.75969,7.016934508
1.998,9.493595,6.787370457
1.999,9.261147,6.556734957
2,9.00328,6.325064417
2.001,8.677079,6.092395407
2.002,8.285956,5.858764656
2.003,7.700143,5.624209045
2.004,6.998907,5.388765601
2.005,6.27442,5.152471491
2.006,7.608907,4.915364016
2.007,7.025895,4.677480606
2.008,6.45298,4.438858812
2.009,5.88225,4.199536303
2.01,5.37067,3.959550859
2.011,4.916545,3.718940364
2.012,4.446457,3.477742799
2.013,4.119256,3.235996241
2.014,3.850897,2.993738851
2.015,3.599524,2.751008872
2.016,3.293791,2.50784462
2.017,3.024899,2.264284483
2.018,2.685462,2.020366907
2.019,2.406905,1.776130398
2.02,2.179789,1.53161351
2.021,2.060112,1.286854843
2.022,1.890542,1.041893034
2.023,1.725235,0.796766753
2.024,1.519402,0.551514695
2.025,1.280853,0.306175575
2.026,1.01919,0.060788122
2.027,0.793435,-0.184608926
2.028,0.485247,-0.429976833
2.029,0.306421,-0.675276863
2.03,0.030061,-0.920470295
2.031,-0.24817,-1.165518422
2.032,-0.593024,-1.410382561
2.033,-0.826602,-1.655024059
2.034,-0.943628,-1.899404295
2.035,-0.861237,-2.143484694
2.036,-0.585182,-2.387226723
2.037,-0.267281,-2.630591907
2.038,0.011945,-2.873541828
2.039,0.228596,-3.116038133
2.04,0.248069,-3.358042544
2.041,0.214872,-3.599516856
2.042,0.127596,-3.840422952
2.043,0.047969,-4.080722801
2.044,-0.206265,-4.320378471
2.045,-0.430134,-4.559352129
2.046,-0.849603,-4.797606052
2.047,-1.263929,-5.035102629
2.048,-1.642593,-5.271804368
2.049,-1.974128,-5.507673904
2.05,-2.256127,-5.742674004
2.051,-2.616214,-5.976767569
2.052,-2.902873,-6.209917647
2.053,-3.049749,-6.442087432
2.054,-3.176888,-6.673240274
2.055,-3.225748,-6.903339684
2.056,-3.260014,-7.132349338
2.057,-3.193108,-7.360233086
2.058,-3.220872,-7.586954953
2.059,-3.278652,-7.812479149
2.06,-3.357372,-8.036770073
2.061,-3.465633,-8.25979232
2.062,-3.642197,-8.481510682
2.063,-3.831221,-8.70189016
2.064,-4.150901,-8.920895964
2.065,-4.532516,-9.138493523
2.066,-5.000085,-9.354648486
2.067,-5.52942,-9.569326733
2.068,-6.074099,-9.782494373
2.069,-6.597176,-9.994117756
2.07,-7.028526,-10.20416348
2.071,-7.440576,-10.41259837
2.072,-7.80522,-10.61938955
2.073,-8.028395,-10.82450435
2.074,-8.2137,-11.02791041
2.075,-8.454719,-11.22957561
2.076,-8.706551,-11.42946812
2.077,-8.92586,-11.62755639
2.078,-9.083828,-11.82380913
2.079,-9.222502,-12.01819538
2.08,-9.366236,-12.21068445
2.081,-9.592795,-12.40124595
2.082,-9.949062,-12.58984979
2.083,-10.257853,-12.77646622
2.084,-10.559543,-12.96106576
2.085,-10.686954,-13.14361927
2.086,-10.805161,-13.32409795
2.087,-10.830278,-13.50247329
2.088,-10.883153,-13.67871715
2.089,-10.903325,-13.85280169
2.09,-10.79872,-14.02469944
2.091,-10.641834,-14.19438327
2.092,-10.488143,-14.36182637
2.093,-10.396918,-14.52700234
2.094,-10.486177,-14.68988508
2.095,-10.61324,-14.85044889
2.096,-10.741154,-15.00866842
2.097,-10.840255,-15.16451869
2.098,-10.997033,-15.3179751
2.099,-11.14069,-15.46901343
2.1,-11.281181,-15.61760984
2.101,-11.471593,-15.76374086
2.102,-11.572642,-15.90738343
2.103,-11.57015,-16.04851487
2.104,-11.486188,-16.1871129
2.105,-11.313045,-16.32315566
2.106,-11.193321,-16.45662165
2.107,-11.078585,-16.58748981
2.108,-10.864076,-16.71573949
2.109,-10.658539,-16.84135043
2.11,-10.479084,-16.96430281
2.111,-10.344118,-17.08457721
2.112,-10.318872,-17.20215466
2.113,-10.321312,-17.3170166
2.114,-10.544393,-17.42914488
2.115,-10.832477,-17.53852181
2.116,-11.332417,-17.64513012
2.117,-11.87425,-17.74895299
2.118,-12.518212,-17.84997402
2.119,-13.161523,-17.94817727
2.12,-13.873023,-18.04354724
2.121,-14.567017,-18.13606886
2.122,-15.027157,-18.22572754
2.123,-15.48394,-18.31250912
2.124,-15.742234,-18.3963999
2.125,-15.920236,-18.47738665
2.126,-16.021146,-18.55545656
2.127,-16.149435,-18.63059733
2.128,-16.245532,-18.70279709
2.129,-16.373679,-18.77204443
2.13,-16.364877,-18.83832844
2.131,-20.586427,-18.90163864
2.132,-16.12216,-18.96196505
2.133,-15.926935,-19.01929813
2.134,-15.862927,-19.07362885
2.135,-15.64371,-19.12494862
2.136,-19.312612,-19.17324933
2.137,-19.111326,-19.21852338
2.138,-18.831865,-19.2607636
2.139,-18.536004,-19.29996333
2.14,-18.203828,-19.33611639
2.141,-17.79096,-19.36921707
2.142,-17.295864,-19.39926013
2.143,-16.919802,-19.42624084
2.144,-16.624559,-19.45015494
2.145,-16.443611,-19.47099866
2.146,-16.17523,-19.4887687
2.147,-15.866325,-19.50346226
2.148,-15.615684,-19.51507702
2.149,-15.488812,-19.52361114
2.15,-15.490796,-19.52906328
2.151,-15.637385,-19.53143258
2.152,-15.756017,-19.53071866
2.153,-15.993499,-19.52692164
2.154,-16.186807,-19.52004212
2.155,-16.288122,-19.51008118
2.156,-16.383676,-19.49704039
2.157,-16.463026,-19.48092181
2.158,-16.674629,-19.46172799
2.159,-16.890808,-19.43946196
2.16,-17.183744,-19.41412723
2.161,-17.554586,-19.3857278
2.162,-17.971728,-19.35426816
2.163,-18.328056,-19.31975327
2.164,-18.62849,-19.28218857
2.165,-18.920879,-19.24158001
2.166,-19.219393,-19.19793398
2.167,-19.459976,-19.15125739
2.168,-19.644185,-19.10155759
2.169,-19.83132,-19.04884244
2.17,-20.00764,-18.99312025
2.171,-20.151652,-18.93439982
2.172,-20.254268,-18.87269042
2.173,-20.38531,-18.8080018
2.174,-20.564704,-18.74034416
2.175,-20.703389,-18.66972818
2.176,-20.657132,-18.59616502
2.177,-20.439806,-18.51966628
2.178,-20.07314,-18.44024404
2.179,-19.629301,-18.35791083
2.18,-19.143222,-18.27267967
2.181,-18.637108,-18.18456399
2.182,-18.124565,-18.09357771
2.183,-17.497252,-17.99973519
2.184,-16.952924,-17.90305125
2.185,-16.532448,-17.80354115
2.186,-16.352923,-17.7012206
2.187,-16.194045,-17.59610574
2.188,-15.982705,-17.48821318
2.189,-15.700201,-17.37755994
2.19,-15.472831,-17.2641635
2.191,-15.375096,-17.14804174
2.192,-15.380128,-17.02921302
2.193,-15.525945,-16.90769607
2.194,-15.693908,-16.78351009
2.195,-15.781777,-16.65667468
2.196,-15.922039,-16.52720985
2.197,-15.926565,-16.39513606
2.198,-15.931717,-16.26047414
2.199,-16.098607,-16.12324536
2.2,-16.223231,-15.98347137
2.201,-16.401031,-15.84117425
2.202,-16.720991,-15.69637645
2.203,-17.178064,-15.54910083
2.204,-17.794639,-15.39937065
2.205,-18.334416,-15.24720953
2.206,-18.674696,-15.0926415
2.207,-18.912358,-14.93569096
2.208,-18.995378,-14.77638268
2.209,-18.826405,-14.61474182
2.21,-18.504536,-14.45079388
2.211,-17.985392,-14.28456475
2.212,-17.304001,-14.11608068
2.213,-16.464969,-13.94536824
2.214,-15.565933,-13.77245441
2.215,-14.649351,-13.59736646
2.216,-13.783594,-13.42013205
2.217,-13.09054,-13.24077915
2.218,-12.944495,-13.05933606
2.219,-12.787398,-12.87583144
2.22,-12.873645,-12.69029425
2.221,-13.174056,-12.50275379
2.222,-13.341164,-12.31323964
2.223,-13.409838,-12.12178174
2.224,-13.54719,-11.92841031
2.225,-13.649718,-11.73315586
2.226,-13.782137,-11.53604923
2.227,-13.813135,-11.33712153
2.228,-13.637711,-11.13640415
2.229,-13.241233,-10.9339288
2.23,-12.746366,-10.72972742
2.231,-11.99534,-10.52383226
2.232,-11.178007,-10.31627581
2.233,-10.398729,-10.10709084
2.234,-9.687913,-9.89631038
2.235,-9.116166,-9.683967693
2.236,-8.662005,-9.470096303
2.237,-8.289125,-9.254729971
2.238,-7.980607,-9.037902694
2.239,-7.681867,-8.819648701
2.24,-7.279211,-8.600002446
2.241,-6.811991,-8.378998601
2.242,-6.270511,-8.156672055
2.243,-5.926289,-7.933057902
2.244,-5.337152,-7.708191443
2.245,-4.696844,-7.482108176
2.246,-3.972856,-7.254843789
2.247,-3.192178,-7.026434158
2.248,-2.527452,-6.796915339
2.249,-1.808716,-6.566323565
2.25,-1.247342,-6.334695237
2.251,-0.734387,-6.102066918
2.252,-0.30061,-5.868475333
2.253,0.049271,-5.633957354
2.254,0.048569,-5.398550003
2.255,0.64272,-5.162290442
2.256,1.220788,-4.925215965
2.257,1.667952,-4.687363998
2.258,1.995991,-4.448772088
2.259,2.273973,-4.209477898
2.26,2.470446,-3.969519203
2.261,2.644835,-3.728933882
2.262,2.921418,-3.487759916
2.263,3.315167,-3.246035374
2.264,3.711489,-3.003798416
2.265,4.147061,-2.76108728
2.266,4.3342,-2.517940282
2.267,4.55062,-2.274395804
2.268,4.681235,-2.030492291
2.269,4.824411,-1.786268246
2.27,5.060767,-1.541762223
2.271,5.394055,-1.297012818
2.272,5.699708,-1.052058667
2.273,5.989449,-0.80693844
2.274,6.185261,-0.56169083
2.275,6.091888,-0.316354552
2.276,6.1025,-0.070968334
2.277,6.150833,0.174429087
2.278,6.196445,0.419798972
2.279,6.351546,0.665102588
2.28,6.393633,0.910301212
2.281,6.350128,1.155356136
2.282,6.20039,1.400228677
2.283,6.034791,1.644880179
2.284,5.884532,1.889272021
2.285,5.917361,2.133365624
2.286,6.033467,2.377122456
2.287,6.178242,2.620504037
2.288,6.371376,2.863471948
2.289,6.773732,3.105987833
2.29,7.339842,3.348013409
2.291,7.817284,3.589510471
2.292,8.414481,3.830440896
2.293,8.918473,4.07076665
2.294,9.259824,4.310449796
2.295,9.629049,4.549452498
2.296,9.988722,4.787737027
2.297,10.117317,5.025265768
2.298,10.189339,5.262001224
2.299,10.19149,5.497906025
2.3,10.01061,5.732942931
2.301,10.152601,5.967074839
2.302,10.612944,6.20026479
2.303,11.336059,6.432475971
2.304,12.174518,6.663671728
2.305,13.055374,6.893815562
2.306,13.834354,7.122871144
2.307,14.802847,7.350802316
2.308,15.93419,7.577573095
2.309,17.124352,7.803147685
2.31,18.258939,8.027490476
2.311,19.238973,8.250566055
2.312,19.946902,8.472339205
2.313,20.320491,8.692774919
2.314,20.45569,8.911838398
2.315,20.248453,9.129495062
2.316,20.083611,9.34571055
2.317,19.842853,9.560450733
2.318,19.51101,9.77368171
2.319,19.118689,9.985369822
2.32,18.889532,10.19548165
2.321,18.762845,10.40398403
2.322,18.638244,10.61084404
2.323,18.585163,10.81602904
2.324,18.569337,11.01950662
2.325,18.602301,11.22124468
2.326,18.699731,11.42121136
2.327,18.828824,11.61937509
2.328,18.996914,11.8157046
2.329,19.224434,12.01016889
2.33,19.39851,12.20273727
2.331,19.337969,12.39337933
2.332,19.441989,12.58206498
2.333,19.490288,12.76876444
2.334,19.61224,12.95344823
2.335,19.642867,13.1360872
2.336,19.700238,13.31665252
2.337,19.653635,13.49511568
2.338,19.5524,13.67144851
2.339,19.396122,13.84562318
2.34,19.115741,14.0176122
2.341,18.940681,14.1873884
2.342,18.752967,14.35492499
2.343,18.642428,14.52019552
2.344,18.452826,14.68317391
2.345,18.211388,14.84383443
2.346,18.037895,15.00215171
2.347,17.809438,15.15810076
2.348,17.673836,15.31165696
2.349,17.6251,15.46279608
2.35,17.691594,15.61149426
2.351,17.858123,15.75772801
2.352,17.959825,15.90147427
2.353,18.025311,16.04271033
2.354,18.195105,16.1814139
2.355,18.364125,16.31756309
2.356,18.653351,16.4511364
2.357,19.022412,16.58211274
2.358,19.374983,16.71047145
2.359,19.655719,16.83619225
2.36,19.886895,16.95925531
2.361,19.939408,17.07964119
2.362,19.987329,17.1973309
2.363,20.135832,17.31230584
2.364,20.434977,17.42454788
2.365,20.803757,17.5340393
2.366,21.228075,17.6407628
2.367,21.642356,17.74470155
2.368,21.90724,17.84583914
2.369,22.024666,17.94415959
2.37,22.000075,18.0396474
2.371,21.944289,18.13228748
2.372,21.764855,18.22206521
2.373,21.465377,18.30896642
2.374,21.049919,18.39297739
2.375,20.76999,18.47408486
2.376,20.620106,18.55227603
2.377,20.613393,18.62753855
2.378,20.723798,18.69986054
2.379,20.875568,18.76923059
2.38,21.06624,18.83563774
2.381,21.074257,18.89907151
2.382,21.073725,18.95952189
2.383,21.130139,19.01697934
2.384,21.118724,19.07143478
2.385,20.989472,19.12287961
2.386,20.739443,19.17130573
2.387,20.422925,19.21670548
2.388,20.218498,19.25907169
2.389,20.325149,19.29839769
2.39,20.464817,19.33467725
2.391,20.733451,19.36790466
2.392,20.982662,19.39807466
2.393,21.160911,19.42518251
2.394,21.187519,19.4492239
2.395,21.101293,19.47019506
2.396,20.988807,19.48809267
2.397,20.84938,19.5029139
2.398,20.781397,19.51465642
2.399,20.496295,19.52331837
2.4,20.144167,19.52889839
2.401,19.754781,19.53139559
2.402,19.353131,19.53080958
2.403,19.231459,19.52714045
2.404,19.242097,19.52038879
2.405,19.353903,19.51055564
2.406,19.421441,19.49764258
2.407,19.413191,19.48165164
2.408,19.356195,19.46258534
2.409,19.329207,19.44044669
2.41,19.356521,19.41523919
2.411,19.36666,19.38696681
2.412,19.327624,19.35563402
2.413,19.336419,19.32124577
2.414,19.435184,19.28380748
2.415,19.609822,19.24332507
2.416,20.024615,19.19980492
2.417,20.390789,19.1532539
2.418,20.741323,19.10367936
2.419,21.024889,19.05108914
2.42,21.259579,18.99549152
2.421,21.495858,18.93689529
2.422,21.665437,18.8753097
2.423,21.639682,18.81074447
2.424,21.364244,18.74320979
2.425,21.169669,18.67271632
2.426,20.949925,18.59927519
2.427,20.718867,18.52289799
2.428,20.453597,18.44359678
2.429,20.222682,18.36138409
2.43,20.092107,18.27627287
2.431,20.08525,18.18827658
2.432,20.164187,18.09740911
2.433,20.201143,18.00368479
2.434,20.094732,17.90711842
2.435,19.924977,17.80772525
2.436,19.741011,17.70552097
2.437,19.625179,17.60052171
2.438,19.626607,17.49274404
2.439,19.80517,17.38220499
2.44,19.742014,17.26892199
2.441,19.584673,17.15291293
2.442,19.493073,17.03419613
2.443,19.595426,16.91279033
2.444,19.809433,16.78871468
2.445,19.845548,16.66198878
2.446,19.870835,16.53263264
2.447,19.804809,16.40066666
2.448,19.697232,16.26611169
2.449,19.591429,16.12898897
2.45,19.419488,15.98932013
2.451,19.219701,15.84712724
2.452,18.916769,15.70243272
2.453,18.520719,15.55525944
2.454,18.35537,15.40563061
2.455,17.974008,15.25356987
2.456,17.652163,15.09910121
2.457,17.395145,14.94224901
2.458,17.02121,14.78303804
2.459,16.660016,14.62149344
2.46,16.394037,14.4576407
2.461,16.17014,14.29150569
2.462,15.951586,14.12311463
2.463,15.769928,13.9524941
2.464,15.615201,13.77967105
2.465,15.469493,13.60467275
2.466,15.295318,13.42752683
2.467,15.108215,13.24826125
2.468,14.907438,13.06690431
2.469,14.773982,12.88348464
2.47,14.657319,12.69803119
2.471,14.620613,12.51057324
2.472,14.813492,12.32114038
2.473,14.856555,12.12976251
2.474,14.874017,11.93646985
2.475,14.871344,11.74129291
2.476,14.827134,11.5442625
2.477,14.675442,11.34540972
2.478,14.559809,11.14476597
2.479,14.471575,10.94236291
2.48,13.956219,10.73823249
2.481,13.59112,10.53240695
2.482,13.139941,10.32491877
2.483,12.662401,10.11580071
2.484,12.104814,9.905085774
2.485,11.466782,9.69280723
2.486,10.949307,9.478998587
2.487,10.65249,9.263693597
2.488,10.291696,9.046926248
2.489,10.025576,8.828730759
2.49,9.805306,8.609141573
2.491,9.71887,8.388193355
2.492,9.64882,8.165920983
2.493,9.820138,7.942359546
2.494,10.002672,7.717544334
2.495,10.132431,7.491510836
2.496,10.09827,7.264294735
2.497,10.140171,7.035931898
2.498,10.215057,6.806458375
2.499,10.350241,6.575910389
2.5,10.477323,6.344324336
2.501,10.566307,6.111736772
2.502,10.599531,5.878184415
2.503,10.443572,5.643704132
2.504,10.143106,5.408332939
2.505,9.7947,5.17210799
2.506,9.413555,4.935066577
2.507,8.99585,4.697246118
2.508,8.497242,4.458684155
2.509,7.934048,4.219418348
2.51,7.532335,3.979486468
2.511,7.059785,3.738926388
2.512,6.857174,3.497776085
2.513,6.492376,3.256073625
2.514,6.28721,3.013857165
2.515,6.178362,2.771164939
2.516,6.051993,2.528035259
2.517,6.083746,2.284506506
2.518,6.08775,2.040617123
2.519,6.28396,1.796405609
2.52,6.373891,1.551910516
2.521,6.333092,1.30717044
2.522,6.009708,1.062224015
2.523,5.755742,0.817109908
2.524,5.489575,0.571866812
2.525,5.117563,0.326533443
2.526,4.771865,0.081148527
2.527,4.325296,-0.164249199
2.528,3.788486,-0.409620997
2.529,3.311807,-0.654928133
2.53,2.736938,-0.900131882
2.531,2.248252,-1.145193536
2.532,1.72614,-1.390074412
2.533,1.19511,-1.634735851
2.534,0.879957,-1.879139233
2.535,0.622046,-2.123245975
2.536,0.372006,-2.367017543
2.537,0.179333,-2.610415455
2.538,-0.097373,-2.85340129
2.539,-0.376248,-3.095936689
2.54,-0.642035,-3.337983365
2.541,-0.76064,-3.579503111
2.542,-0.811292,-3.820457799
2.543,-0.824248,-4.060809392
2.544,-0.880572,-4.30051995
2.545,-1.015763,-4.53955163
2.546,-1.120233,-4.777866701
2.547,-1.405023,-5.015427541
2.548,-1.578077,-5.252196651
2.549,-1.976175,-5.488136652
2.55,-2.4317,-5.723210301
2.551,-3.048877,-5.957380488
2.552,-3.819176,-6.190610248
2.553,-4.513185,-6.422862764
2.554,-5.171841,-6.654101371
2.555,-5.629938,-6.884289567
2.556,-6.072769,-7.113391015
2.557,-6.2285,-7.341369548
2.558,-6.303917,-7.568189179
2.559,-6.272937,-7.793814102
2.56,-6.195434,-8.018208699
2.561,-6.08702,-8.241337548
2.562,-5.978981,-8.463165426
2.563,-5.870793,-8.683657316
2.564,-5.76315,-8.902778411
2.565,-5.841651,-9.12049412
2.566,-6.073037,-9.336770075
2.567,-6.41664,-9.551572135
2.568,-6.839597,-9.764866392
2.569,-7.212943,-9.976619175
2.57,-7.557948,-10.18679706
2.571,-7.848569,-10.39536686
2.572,-8.083114,-10.60229566
2.573,-8.363303,-10.80755078
2.574,-8.649391,-11.01109984
2.575,-8.887084,-11.21291069
2.576,-9.054499,-11.41295148
2.577,-9.058979,-11.61119064
2.578,-8.990612,-11.80759686
2.579,-8.980064,-12.00213914
2.58,-8.912992,-12.19478677
2.581,-8.864391,-12.38550935
2.582,-8.883191,-12.57427675
2.583,-8.979917,-12.7610592
2.584,-9.235048,-12.94582719
2.585,-9.510292,-13.12855156
2.586,-9.917934,-13.30920347
2.587,-10.317115,-13.4877544
2.588,-10.831108,-13.66417617
2.589,-11.40917,-13.83844092
2.59,-11.925246,-14.01052114
2.591,-12.319689,-14.18038968
2.592,-12.513381,-14.3480197
2.593,-12.888556,-14.51338477
2.594,-12.830921,-14.67645876
2.595,-12.719999,-14.83721593
2.596,-12.686797,-14.99563092
2.597,-12.519693,-15.15167871
2.598,-12.243531,-15.30533466
2.599,-11.876733,-15.45657453
2.6,-11.625642,-15.60537444
2.601,-11.632256,-15.75171089
2.602,-11.731533,-15.89556079
2.603,-11.805362,-16.03690143
2.604,-16.655585,-16.1757105
2.605,-16.586428,-16.31196608
2.606,-16.676826,-16.44564667
2.607,-16.783,-16.57673117
2.608,-17.090031,-16.70519887
2.609,-17.36911,-16.8310295
2.61,-17.706423,-16.95420321
2.611,-18.067564,-17.07470053
2.612,-18.579917,-17.19250246
2.613,-18.849459,-17.30759039
2.614,-19.071441,-17.41994616
2.615,-19.311573,-17.52955202
2.616,-14.782459,-17.63639069
2.617,-15.036232,-17.7404453
2.618,-15.300636,-17.84169941
2.619,-15.539224,-17.94013704
2.62,-15.700795,-18.03574266
2.621,-15.617063,-18.12850117
2.622,-15.506619,-18.21839793
2.623,-15.364117,-18.30541874
2.624,-15.121604,-18.38954988
2.625,-14.746617,-18.47077806
2.626,-14.311693,-18.54909046
2.627,-13.763301,-18.62447471
2.628,-13.291457,-18.69691892
2.629,-12.741899,-18.76641165
2.63,-12.176935,-18.83294192
2.631,-11.62979,-18.89649925
2.632,-11.178304,-18.95707358
2.633,-11.032626,-19.01465537
2.634,-10.960603,-19.06923552
2.635,-11.093159,-19.12080542
2.636,-14.618184,-19.16935692
2.637,-14.978918,-19.21488236
2.638,-15.251512,-19.25737456
2.639,-15.425434,-19.2968268
2.64,-15.49435,-19.33323286
2.641,-15.595285,-19.36658699
2.642,-15.675722,-19.39688393
2.643,-15.739635,-19.42411889
2.644,-15.802289,-19.44828758
2.645,-15.871358,-19.46938617
2.646,-15.99169,-19.48741134
2.647,-16.214189,-19.50236025
2.648,-16.589756,-19.51423053
2.649,-17.075165,-19.52302031
2.65,-17.637377,-19.52872819
2.651,-18.189963,-19.53135329
2.652,-18.698355,-19.53089519
2.653,-19.080375,-19.52735396
2.654,-19.252333,-19.52073015
2.655,-19.292079,-19.51102481
2.656,-19.323118,-19.49823948
2.657,-19.354014,-19.48237618
2.658,-19.317937,-19.4634374
2.659,-19.304185,-19.44142614
2.66,-19.317656,-19.41634587
2.661,-19.360101,-19.38820055
2.662,-19.350431,-19.35699463
2.663,-19.332317,-19.32273303
2.664,-19.341943,-19.28542115
2.665,-19.32046,-19.2450649
2.666,-19.164173,-19.20167063
2.667,-19.087763,-19.15524521
2.668,-18.971918,-19.10579595
2.669,-18.924431,-19.05333066
2.67,-18.913034,-18.99785764
2.671,-18.847853,-18.93938562
2.672,-18.774496,-18.87792385
2.673,-18.763617,-18.81348203
2.674,-18.878288,-18.74607033
2.675,-19.096061,-18.67569938
2.676,-19.284687,-18.6023803
2.677,-19.36001,-18.52612467
2.678,-19.249136,-18.44694452
2.679,-19.025032,-18.36485235
2.68,-18.759599,-18.27986112
2.681,-18.543874,-18.19198424
2.682,-18.371369,-18.10123559
2.683,-18.10695,-18.0076295
2.684,-17.819724,-17.91118073
2.685,-17.533785,-17.81190452
2.686,-17.418349,-17.70981654
2.687,-17.481484,-17.6049329
2.688,-17.742352,-17.49727016
2.689,-18.046094,-17.38684531
2.69,-18.296458,-17.27367579
2.691,-18.384583,-17.15777946
2.692,-18.321074,-17.03917462
2.693,-18.220636,-16.91787999
2.694,-18.129381,-16.79391472
2.695,-18.020764,-16.66729837
2.696,-18.084853,-16.53805093
2.697,-17.89805,-16.40619281
2.698,-17.477696,-16.27174483
2.699,-17.273887,-16.13472819
2.7,-17.157692,-15.99516455
2.701,-17.07108,-15.85307592
2.702,-17.11545,-15.70848473
2.703,-17.086301,-15.56141382
2.704,-17.029314,-15.41188639
2.705,-16.911,-15.25992606
2.706,-16.715348,-15.1055568
2.707,-16.418937,-14.948803
2.708,-16.090492,-14.78968939
2.709,-16.006383,-14.62824109
2.71,-15.659593,-14.46448359
2.711,-15.372714,-14.29844273
2.712,-15.22821,-14.13014474
2.713,-15.270543,-13.95961617
2.714,-15.416618,-13.78688395
2.715,-15.506206,-13.61197534
2.716,-15.564079,-13.43491796
2.717,-15.620743,-13.25573975
2.718,-15.637068,-13.074469
2.719,-15.52958,-12.89113433
2.72,-15.208644,-12.70576467
2.721,-14.742246,-12.51838929
2.722,-14.467119,-12.32903777
2.723,-13.852223,-12.13773999
2.724,-13.268443,-11.94452616
2.725,-12.589547,-11.74942678
2.726,-11.886773,-11.55247264
2.727,-11.179443,-11.35369484
2.728,-10.489978,-11.15312475
2.729,-9.865279,-10.95079404
2.73,-9.449189,-10.74673465
2.731,-9.079308,-10.54097878
2.732,-8.90262,-10.33355893
2.733,-8.705966,-10.12450783
2.734,-8.471372,-9.913858476
2.735,-8.266541,-9.701644133
2.736,-8.036749,-9.487898296
2.737,-7.789384,-9.272654707
2.738,-7.51015,-9.055947345
2.739,-7.260863,-8.837810417
2.74,-6.931233,-8.61827836
2.741,-6.59409,-8.397385829
2.742,-6.198449,-8.175167693
2.743,-5.766127,-7.951659031
2.744,-5.273589,-7.726895127
2.745,-4.815582,-7.500911462
2.746,-4.293769,-7.273743708
2.747,-3.805262,-7.045427728
2.748,-3.330561,-6.815999561
2.749,-2.890509,-6.585495427
2.75,-2.66894,-6.353951711
2.751,-2.413878,-6.121404966
2.752,-2.218469,-5.8878919
2.753,-1.96249,-5.653449377
2.754,-1.754638,-5.418114405
2.755,-1.595562,-5.181924133
2.756,-1.448895,-4.944915847
2.757,-1.515105,-4.707126961
2.758,-1.55744,-4.468595011
2.759,-1.459863,-4.229357653
2.76,-1.40576,-3.989452651
2.761,-1.307803,-3.748917878
2.762,-1.158997,-3.507791304
2.763,-0.904186,-3.266110992
2.764,-0.769291,-3.023915095
2.765,-0.053131,-2.781241845
2.766,0.746925,-2.53812955
2.767,1.572494,-2.294616588
2.768,2.238294,-2.0507414
2.769,2.937851,-1.806542484
2.77,3.661493,-1.562058388
2.771,4.437809,-1.317327707
2.772,5.237629,-1.072389073
2.773,5.916341,-0.827281153
2.774,6.230516,-0.58204264
2.775,6.326937,-0.336712245
2.776,6.50698,-0.091328697
2.777,6.710281,0.154069268
2.778,6.9451,0.399442911
2.779,7.515912,0.644753499
2.78,8.141389,0.889962307
2.781,8.673621,1.135030626
2.782,9.122235,1.379919769
2.783,9.720147,1.62459108
2.784,10.255377,1.869005934
2.785,10.87307,2.113125749
2.786,11.182268,2.356911987
2.787,11.534602,2.600326164
2.788,11.634679,2.843329857
2.789,11.685483,3.085884703
2.79,11.631339,3.327952415
2.791,11.494041,3.569494778
2.792,11.305026,3.810473664
2.793,11.1568,4.050851032
2.794,11.036078,4.290588935
2.795,10.794132,4.529649529
2.796,10.745933,4.767995077
2.797,10.818291,5.005587953
2.798,11.074962,5.24239065
2.799,11.232101,5.478365788
2.8,11.305367,5.713476116
2.801,11.528624,5.947684519
2.802,11.776723,6.180954025
2.803,12.085388,6.413247811
2.804,12.487255,6.644529206
2.805,12.941289,6.874761702
2.806,13.548819,7.103908953
2.807,14.153367,7.331934786
2.808,14.70743,7.558803207
2.809,15.293274,7.784478401
2.81,15.917449,8.008924743
2.811,16.458755,8.232106803
2.812,17.090652,8.453989349
2.813,17.668377,8.674537354
2.814,18.152731,8.893716005
2.815,18.428269,9.111490701
2.816,18.679271,9.327827063
2.817,18.661969,9.542690943
2.818,18.596177,9.756048421
2.819,18.282251,9.967865817
2.82,17.9333,10.17810969
2.821,17.467638,10.38674686
2.822,17.057576,10.59374439
2.823,16.765194,10.79906959
2.824,16.670838,11.00269007
2.825,16.892927,11.20457366
2.826,17.240389,11.40468851
2.827,17.737599,11.60300303
2.828,18.344652,11.79948591
2.829,18.765465,11.99410612
2.83,19.057679,12.18683296
2.831,19.174755,12.377636
2.832,19.303886,12.56648511
2.833,19.525425,12.75335048
2.834,19.671819,12.93820263
2.835,19.709324,13.12101235
2.836,19.60156,13.30175081
2.837,19.447565,13.48038946
2.838,19.269183,13.65690011
2.839,19.303664,13.83125489
2.84,19.422782,14.00342628
2.841,19.531195,14.1733871
2.842,19.568688,14.34111052
2.843,19.535199,14.50657007
2.844,19.435251,14.66973962
2.845,19.299066,14.83059341
2.846,19.074948,14.98910606
2.847,18.715725,15.14525254
2.848,18.273039,15.29900821
2.849,17.861596,15.45034878
2.85,17.523167,15.59925038
2.851,17.068601,15.74568949
2.852,16.704909,15.889643
2.853,16.467237,16.03108818
2.854,16.226274,16.17000271
2.855,16.011033,16.30636465
2.856,15.921133,16.44015248
2.857,16.077814,16.57134509
2.858,16.410205,16.69992175
2.859,16.822869,16.82586218
2.86,17.403364,16.9491465
2.861,18.116694,17.06975523
2.862,18.733143,17.18766934
2.863,19.187843,17.30287023
2.864,19.582803,17.41533969
2.865,19.824841,17.52505999
2.866,20.156146,17.63201379
2.867,20.227601,17.73618422
2.868,20.090373,17.83755483
2.869,19.897755,17.93610961
2.87,19.898708,18.03183302
2.871,19.906594,18.12470993
2.872,20.145049,18.2147257
2.873,20.503054,18.3018661
2.874,20.894366,18.38611738
2.875,21.199942,18.46746624
2.876,21.350895,18.54589985
2.877,21.432872,18.62140581
2.878,21.55624,18.69397222
2.879,21.663784,18.76358761
2.88,21.66405,18.83024099
2.881,21.574043,18.89392185
2.882,21.265964,18.95462013
2.883,20.931359,19.01232624
2.884,20.620557,19.06703109
2.885,20.345361,19.11872603
2.886,20.161793,19.1674029
2.887,19.993447,19.21305402
2.888,19.591641,19.25567219
2.889,19.28105,19.29525067
2.89,19.020157,19.33178322
2.891,18.580246,19.36526406
2.892,18.142372,19.39568793
2.893,17.738913,19.42305
2.894,17.360937,19.44734597
2.895,17.04055,19.46857199
2.896,16.811226,19.48672472
2.897,16.70918,19.5018013
2.898,16.807581,19.51379933
2.899,16.987591,19.52271693
2.9,16.920138,19.52855269
2.901,16.795435,19.53130569
2.902,16.838527,19.5309755
2.903,17.110643,19.52756215
2.904,17.26004,19.52106621
2.905,17.383427,19.51148868
2.906,17.510522,19.49883109
2.907,17.831549,19.48309542
2.908,18.304308,19.46428417
2.909,18.923668,19.44240031
2.91,19.655592,19.41744728
2.911,20.242947,19.38942903
2.912,20.783164,19.35834998
2.913,21.206599,19.32421503
2.914,21.589221,19.28702958
2.915,21.863637,19.2467995
2.916,22.100553,19.20353113
2.917,22.17685,19.15723131
2.918,22.111634,19.10790734
2.919,21.917897,19.05556701
2.92,21.575828,19.00021859
2.921,21.140501,18.94187081
2.922,20.668819,18.88053288
2.923,20.083504,18.81621448
2.924,19.395079,18.74892577
2.925,18.741211,18.67867737
2.926,18.148743,18.60548037
2.927,17.632516,18.52934632
2.928,17.153583,18.45028725
2.929,16.9494,18.36831562
2.93,16.819887,18.28344439
2.931,16.910994,18.19568695
2.932,17.141244,18.10505716
2.933,17.445601,18.01156931
2.934,17.800255,17.91523817
2.935,18.148325,17.81607895
2.936,18.435324,17.71410729
2.937,18.644477,17.6093393
2.938,18.796597,17.50179152
2.939,18.906144,17.39148091
2.94,18.912957,17.2784249
2.941,18.797492,17.16264133
2.942,18.618132,17.04414848
2.943,18.486062,16.92296506
2.944,18.441044,16.79911019
2.945,18.475225,16.67260342
2.946,18.548819,16.54346473
2.947,18.647775,16.41171451
2.948,18.6618,16.27737354
2.949,18.640988,16.14046304
2.95,18.427292,16.00100462
2.951,18.167768,15.85902029
2.952,17.951014,15.71453247
2.953,17.76451,15.56756397
2.954,17.74879,15.41813798
2.955,17.560836,15.2662781
2.956,17.405854,15.1120083
2.957,17.347158,14.95535293
2.958,17.411997,14.79633672
2.959,17.461641,14.63498477
2.96,17.468464,14.47132255
2.961,17.481463,14.3053759
2.962,17.449185,14.13717102
2.963,17.358647,13.96673445
2.964,17.244752,13.79409311
2.965,17.071615,13.61927424
2.966,16.839443,13.44230544
2.967,16.501586,13.26321465
2.968,16.056142,13.08203015
2.969,15.596232,12.89878052
2.97,15.175478,12.7134947
2.971,14.767939,12.52620194
2.972,14.303145,12.3369318
2.973,13.769879,12.14571417
2.974,13.212821,11.95257922
2.975,12.723871,11.75755745
2.976,12.176727,11.56067964
2.977,11.664776,11.36197687
2.978,11.278644,11.16148051
2.979,11.016446,10.9592222
2.98,10.853124,10.75523388
2.981,10.892697,10.54954775
2.982,11.095455,10.34219628
2.983,11.354599,10.13321219
2.984,11.507099,9.922628485
2.985,11.478071,9.710478401
2.986,11.314111,9.496795428
2.987,11.06266,9.281613298
2.988,10.765217,9.064965981
2.989,10.501517,8.846887675
2.99,10.144564,8.627412807
2.991,9.657412,8.406576022
2.992,9.199259,8.184412182
2.993,8.741064,7.960956357
2.994,8.711973,7.736243822
2.995,8.738665,7.510310049
2.996,8.914767,7.283190705
2.997,9.153449,7.054921643
2.998,9.361421,6.825538896
2.999,9.424068,6.595078675
3,10.582347,6.36357736
3.001,10.36108,6.131071496
3.002,10.012607,5.897597786
3.003,9.58044,5.663193086
3.004,9.034614,5.427894399
3.005,8.480933,5.191738869
3.006,7.907655,4.954763775
3.007,7.309416,4.717006526
3.008,6.740912,4.478504654
3.009,6.419173,4.239295809
3.01,6.082208,3.999417752
3.011,6.021405,3.75890835
3.012,6.028361,3.51780557
3.013,6.258964,3.276147472
3.014,6.266569,3.033972204
3.015,6.187544,2.791317995
3.016,6.117937,2.548223151
3.017,6.114232,2.304726047
3.018,6.096666,2.060865121
3.019,5.759104,1.816678868
3.02,5.590081,1.572205835
3.021,5.406483,1.327484616
3.022,5.197727,1.082553841
3.023,2.185507,0.837452174
3.024,1.939842,0.592218309
3.025,1.677669,0.346890956
3.026,1.269679,0.101508843
3.027,0.873189,-0.143889294
3.028,0.201917,-0.389264717
3.029,-0.37425,-0.63457869
3.03,-0.913885,-0.87979249
3.031,-1.526684,-1.124867406
3.032,-2.196276,-1.369764752
3.033,1.076781,-1.614445868
3.034,0.402775,-1.858872128
3.035,-0.109237,-2.103004948
3.036,-0.595609,-2.34680579
3.037,-0.965979,-2.590236167
3.038,-1.348543,-2.833257651
3.039,-1.617463,-3.07583188
3.04,-1.897521,-3.31792056
3.041,-2.150176,-3.559485476
3.042,-2.375823,-3.800488494
3.043,-2.493971,-4.04089157
3.044,-2.570884,-4.280656755
3.045,-2.589589,-4.519746198
3.046,-2.488658,-4.758122158
3.047,-2.463908,-4.995747004
3.048,-2.450076,-5.232583226
3.049,-2.267381,-5.468593436
3.05,-2.187046,-5.703740379
3.051,-2.194049,-5.937986934
3.052,-2.230313,-6.171296123
3.053,-2.30697,-6.403631116
3.054,-2.431225,-6.634955237
3.055,-2.620702,-6.865231969
3.056,-2.854642,-7.094424961
3.057,-3.177391,-7.322498033
3.058,-3.54927,-7.549415181
3.059,-3.919008,-7.775140585
3.06,-4.196625,-7.999638611
3.061,-4.485232,-8.222873821
3.062,-4.807334,-8.444810974
3.063,-5.107804,-8.665415036
3.064,-5.403633,-8.884651183
3.065,-5.763263,-9.102484806
3.066,-6.19349,-9.318881518
3.067,-6.602747,-9.533807158
3.068,-7.041078,-9.7472278
3.069,-7.540281,-9.959109752
3.07,-7.896843,-10.16941957
3.071,-8.324458,-10.37812405
3.072,-8.673335,-10.58519024
3.073,-9.022586,-10.79058547
3.074,-9.293274,-10.9942773
3.075,-9.452594,-11.19623359
3.076,-9.513888,-11.39642244
3.077,-9.58843,-11.59481227
3.078,-9.623468,-11.79137175
3.079,-9.72426,-11.98606985
3.08,-9.796615,-12.17887584
3.081,-10.045634,-12.36975929
3.082,-10.22273,-12.55869005
3.083,-10.381003,-12.74563831
3.084,-10.532536,-12.93057455
3.085,-10.684126,-13.11346958
3.086,-10.816597,-13.29429453
3.087,-10.987389,-13.47302086
3.088,-11.136342,-13.64962034
3.089,-11.279128,-13.82406511
3.09,-11.426723,-13.99632762
3.091,-11.557827,-14.16638068
3.092,-11.681096,-14.33419744
3.093,-11.600718,-14.49975142
3.094,-11.613363,-14.66301649
3.095,-11.69172,-14.82396686
3.096,-11.796887,-14.98257713
3.097,-12.026457,-15.13882226
3.098,-12.205492,-15.29267759
3.099,-12.41459,-15.44411884
3.1,-12.617747,-15.59312208
3.101,-12.85588,-15.73966381
3.102,-13.026062,-15.88372088
3.103,-13.184965,-16.02527057
3.104,-13.480445,-16.16429052
3.105,-13.63331,-16.30075879
3.106,-13.604117,-16.43465383
3.107,-13.53497,-16.56595451
3.108,-13.410199,-16.6946401
3.109,-13.309151,-16.82069029
3.11,-13.113203,-16.94408518
3.111,-12.893373,-17.06480529
3.112,-12.674921,-17.18283156
3.113,-12.595995,-17.29814537
3.114,-12.372851,-17.4107285
3.115,-12.172997,-17.52056319
3.116,-16.661172,-17.6276321
3.117,-16.345216,-17.73191832
3.118,-16.179403,-17.8334054
3.119,-12.017845,-17.93207731
3.12,-12.273382,-18.02791848
3.121,-12.753829,-18.12091377
3.122,-13.252704,-18.21104852
3.123,-13.830151,-18.29830848
3.124,-14.345966,-18.38267988
3.125,-14.876012,-18.46414941
3.126,-15.252045,-18.5427042
3.127,-15.508694,-18.61833186
3.128,-15.590256,-18.69102044
3.129,-15.516082,-18.76075847
3.13,-15.313213,-18.82753494
3.131,-15.091074,-18.89133932
3.132,-14.805189,-18.95216152
3.133,-14.508888,-19.00999195
3.134,-14.287811,-19.06482147
3.135,-16.771766,-19.11664144
3.136,-16.570967,-19.16544368
3.137,-16.40803,-19.21122047
3.138,-16.323265,-19.25396459
3.139,-16.378665,-19.2936693
3.14,-16.537445,-19.33032832
3.141,-16.804769,-19.36393587
3.142,-17.040402,-19.39448665
3.143,-17.358877,-19.42197583
3.144,-17.547145,-19.44639907
3.145,-17.612051,-19.46775252
3.146,-17.614821,-19.48603281
3.147,-17.641498,-19.50123705
3.148,-17.689586,-19.51336283
3.149,-17.722594,-19.52240825
3.15,-17.652489,-19.52837189
3.151,-17.518565,-19.53125278
3.152,-17.298397,-19.53105049
3.153,-16.980142,-19.52776505
3.154,-16.561061,-19.52139696
3.155,-16.340912,-19.51194725
3.156,-16.5194,-19.49941739
3.157,-16.614932,-19.48380937
3.158,-16.672479,-19.46512566
3.159,-16.671661,-19.44336919
3.16,-16.678666,-19.41854341
3.161,-16.739681,-19.39065223
3.162,-16.935646,-19.35970007
3.163,-17.082563,-19.32569179
3.164,-17.523549,-19.28863277
3.165,-17.910935,-19.24852887
3.166,-18.148578,-19.20538641
3.167,-18.313964,-19.15921221
3.168,-18.555568,-19.11001354
3.169,-18.828456,-19.05779819
3.17,-19.02533,-19.00257438
3.171,-19.130078,-18.94435085
3.172,-19.063711,-18.88313677
3.173,-18.968875,-18.81894182
3.174,-18.797939,-18.75177612
3.175,-18.618231,-18.68165028
3.176,-18.510371,-18.60857538
3.177,-18.513062,-18.53256294
3.178,-18.555487,-18.45362496
3.179,-18.646439,-18.37177391
3.18,-18.809212,-18.2870227
3.181,-18.944472,-18.19938472
3.182,-19.046597,-18.1088738
3.183,-18.994059,-18.01550423
3.184,-18.963394,-17.91929075
3.185,-18.749582,-17.82024854
3.186,-18.578851,-17.71839324
3.187,-18.291373,-17.61374092
3.188,-17.899493,-17.50630812
3.189,-17.505798,-17.39611179
3.19,-17.143958,-17.28316932
3.191,-16.902835,-17.16749854
3.192,-16.789054,-17.04911771
3.193,-16.773952,-16.92804553
3.194,-16.958564,-16.80430109
3.195,-17.359337,-16.67790395
3.196,-17.786443,-16.54887404
3.197,-18.201535,-16.41723174
3.198,-18.539608,-16.28299783
3.199,-18.874609,-16.1461935
3.2,-19.069774,-16.00684034
3.201,-19.11368,-15.86496036
3.202,-19.127225,-15.72057594
3.203,-19.304485,-15.57370989
3.204,-19.215205,-15.42438539
3.205,-19.13608,-15.272626
3.206,-19.061078,-15.11845569
3.207,-18.984225,-14.96189879
3.208,-18.825325,-14.80298002
3.209,-18.641204,-14.64172447
3.21,-18.520068,-14.47815758
3.211,-18.611959,-14.31230518
3.212,-18.645635,-14.14419345
3.213,-18.641947,-13.97384893
3.214,-18.479827,-13.80129851
3.215,-18.148724,-13.62656943
3.216,-17.761218,-13.44968927
3.217,-17.389979,-13.27068595
3.218,-16.949259,-13.08958773
3.219,-16.494713,-12.90642321
3.22,-15.849226,-12.72122128
3.221,-15.025574,-12.53401119
3.222,-13.882495,-12.34482249
3.223,-13.065808,-12.15368505
3.224,-12.355574,-11.96062904
3.225,-11.713994,-11.76568493
3.226,-11.149261,-11.5688835
3.227,-10.552931,-11.37025581
3.228,-10.418545,-11.16983323
3.229,-10.023896,-10.96764739
3.23,-9.789036,-10.7637302
3.231,-9.628409,-10.55811385
3.232,-9.494291,-10.35083082
3.233,-9.291134,-10.1419138
3.234,-9.052615,-9.931395799
3.235,-8.844704,-9.71931003
3.236,-8.536204,-9.505689979
3.237,-8.203625,-9.290569368
3.238,-7.821341,-9.073982154
3.239,-7.33407,-8.855962529
3.24,-6.766779,-8.636544909
3.241,-6.516643,-8.415763931
3.242,-5.896379,-8.193654447
3.243,-5.398827,-7.97025152
3.244,-5.080265,-7.745590414
3.245,-4.824566,-7.519706597
3.246,-4.55683,-7.292635724
3.247,-4.251551,-7.064413642
3.248,-3.899969,-6.835076377
3.249,-3.611064,-6.604660132
3.25,-3.637814,-6.373201281
3.251,-3.824428,-6.140736361
3.252,-4.075126,-5.90730207
3.253,-4.417142,-5.672935257
3.254,-4.448536,-5.437672919
3.255,-4.444704,-5.201552194
3.256,-4.328868,-4.964610356
3.257,-4.304851,-4.726884809
3.258,-4.33825,-4.488413079
3.259,-4.448308,-4.249232812
3.26,-4.221486,-4.009381765
3.261,-4.27744,-3.7688978
3.262,-3.849659,-3.52781888
3.263,-3.343537,-3.286183061
3.264,-2.786553,-3.044028488
3.265,-2.077627,-2.801393387
3.266,-1.463597,-2.55831606
3.267,-0.62123,-2.31483488
3.268,0.119778,-2.070988281
3.269,0.794185,-1.826814758
3.27,1.38719,-1.582352856
3.271,1.800066,-1.337641164
3.272,2.073952,-1.092718314
3.273,2.232194,-0.847622968
3.274,2.327754,-0.602393817
3.275,-1.646018,-0.357069572
3.276,-1.528364,-0.111688961
3.277,-1.38269,0.133709281
3.278,-1.17623,0.379086417
3.279,-0.898995,0.624403709
3.28,-0.572277,0.869622434
3.281,-0.224224,1.114703881
3.282,0.131461,1.359609362
3.283,0.547454,1.604300216
3.284,1.014838,1.848737817
3.285,1.573555,2.092883577
3.286,2.028167,2.336698956
3.287,7.615445,2.580145466
3.288,8.241901,2.823184676
3.289,8.786244,3.065778221
3.29,9.282839,3.307887804
3.291,9.455922,3.549475206
3.292,9.68578,3.790502292
3.293,9.907851,4.030931011
3.294,10.083736,4.270723411
3.295,10.251047,4.509841639
3.296,10.558625,4.748247946
3.297,10.834973,4.985904698
3.298,4.963247,5.22277438
3.299,5.164285,5.458819599
3.3,5.354471,5.694003092
3.301,5.527685,5.928287735
3.302,5.786875,6.161636544
3.303,6.049658,6.394012681
3.304,6.245953,6.625379464
3.305,6.31332,6.855700371
3.306,6.168651,7.084939042
3.307,5.982874,7.31305929
3.308,5.781889,7.540025104
3.309,5.639637,7.765800657
3.31,5.682073,7.990350306
3.311,5.81539,8.213638605
3.312,5.981359,8.435630305
3.313,6.182484,8.656290364
3.314,6.402102,8.875583947
3.315,6.648148,9.093476438
3.316,7.092346,9.30993344
3.317,7.633371,9.524920784
3.318,8.192189,9.738404531
3.319,8.693763,9.950350981
3.32,9.067986,10.16072668
3.321,9.326568,10.36949841
3.322,9.684254,10.57663322
3.323,9.964634,10.78209841
3.324,10.324446,10.98586155
3.325,10.730436,11.18789047
3.326,11.015932,11.38815328
3.327,11.21801,11.58661836
3.328,11.373274,11.78325439
3.329,11.455433,11.97803032
3.33,11.698799,12.17091542
3.331,11.935161,12.36187922
3.332,12.216977,12.55089158
3.333,12.514842,12.73792267
3.334,12.883126,12.92294296
3.335,13.271665,13.10592325
3.336,13.722395,13.28683465
3.337,14.043317,13.46564859
3.338,14.39561,13.64233686
3.339,14.58933,13.81687157
3.34,14.695137,13.98922515
3.341,14.707611,14.1593704
3.342,14.615668,14.32728047
3.343,14.507903,14.49292884
3.344,14.466916,14.65628938
3.345,19.486029,14.81733628
3.346,19.457641,14.97604413
3.347,14.689903,15.13238787
3.348,19.318732,15.28634283
3.349,19.243524,15.43788469
3.35,14.884099,15.58698955
3.351,19.521907,15.73363385
3.352,15.396378,15.87779446
3.353,15.666968,16.01944861
3.354,15.880229,16.15857394
3.355,16.062248,16.29514849
3.356,16.29568,16.42915071
3.357,16.375622,16.56055943
3.358,16.41938,16.68935391
3.359,16.289535,16.81551383
3.36,15.817776,16.93901926
3.361,15.175643,17.05985072
3.362,14.371223,17.17798911
3.363,13.682408,17.29341581
3.364,16.173276,17.40611258
3.365,15.656344,17.51606163
3.366,12.571034,17.62324562
3.367,15.401947,17.72764761
3.368,15.669842,17.82925113
3.369,16.250515,17.92804014
3.37,16.959767,18.02399904
3.371,17.743707,18.11711269
3.372,18.461493,18.20736639
3.373,19.032965,18.29474588
3.374,19.413233,18.37923738
3.375,19.590986,18.46082755
3.376,19.63171,18.53950351
3.377,19.668938,18.61525284
3.378,19.530471,18.68806358
3.379,19.367154,18.75792423
3.38,19.120897,18.82482378
3.381,18.915576,18.88875165
3.382,18.776491,18.94969776
3.383,18.666132,19.00765249
3.384,18.598375,19.06260668
3.385,18.6572,19.11455167
3.386,18.657254,19.16347924
3.387,18.712926,19.20938169
3.388,18.868711,19.25225176
3.389,19.142454,19.29208268
3.39,19.411353,19.32886817
3.391,19.584717,19.36260242
3.392,19.634398,19.39328011
3.393,19.602191,19.42089639
3.394,19.543619,19.4454469
3.395,19.472666,19.46692777
3.396,19.362102,19.4853356
3.397,19.209206,19.5006675
3.398,19.02838,19.51292103
3.399,18.865944,19.52209427
3.4,18.843251,19.52818577
3.401,19.019005,19.53119457
3.402,19.404526,19.53112019
3.403,19.861612,19.52796264
3.404,20.336178,19.52172242
3.405,20.643855,19.51240051
3.406,21.001146,19.4999984
3.407,21.267648,19.48451803
3.408,21.50217,19.46596185
3.409,21.647004,19.44433279
3.41,21.639558,19.41963427
3.411,21.42544,19.39187017
3.412,21.010573,19.36104489
3.413,20.541473,19.3271633
3.414,20.313203,19.29023073
3.415,20.066224,19.25025302
3.416,19.899924,19.20723648
3.417,19.882832,19.1611879
3.418,19.992621,19.11211455
3.419,20.170627,19.06002418
3.42,20.631019,19.00492501
3.421,21.174313,18.94682574
3.422,21.654986,18.88573553
3.423,21.97765,18.82166404
3.424,22.039652,18.75462138
3.425,21.883956,18.68461812
3.426,21.663974,18.61166533
3.427,21.229722,18.53577452
3.428,20.727568,18.45695766
3.429,20.170569,18.3752272
3.43,19.545748,18.29059605
3.431,19.002811,18.20307755
3.432,18.643783,18.11268553
3.433,18.469769,18.01943426
3.434,18.417583,17.92333845
3.435,18.433304,17.82441328
3.436,18.426908,17.72267436
3.437,18.399685,17.61813776
3.438,18.199915,17.51081997
3.439,17.932234,17.40073794
3.44,17.685693,17.28790904
3.441,17.41561,17.17235108
3.442,17.115415,17.05408231
3.443,16.80293,16.9331214
3.444,16.515366,16.80948743
3.445,16.361131,16.68319994
3.446,16.365924,16.55427885
3.447,16.453992,16.42274451
3.448,16.562122,16.2886177
3.449,16.713123,16.15191957
3.45,16.854987,16.01267171
3.451,16.877249,15.87089611
3.452,16.876013,15.72661514
3.453,16.887818,15.57985158
3.454,16.896014,15.4306286
3.455,16.868938,15.27896975
3.456,16.783918,15.12489897
3.457,16.714164,14.96844059
3.458,16.729949,14.80961931
3.459,16.747216,14.64846019
3.46,16.780212,14.48498867
3.461,16.797025,14.31923057
3.462,16.782744,14.15121204
3.463,16.674473,13.98095962
3.464,16.385448,13.80850017
3.465,15.959604,13.63386092
3.466,15.490451,13.45706945
3.467,15.046296,13.27815365
3.468,14.94491,13.09714177
3.469,14.620467,12.91406239
3.47,14.261978,12.7289444
3.471,13.975229,12.54181703
3.472,13.650052,12.35270982
3.473,13.35546,12.16165263
3.474,13.324293,11.9686756
3.475,13.329647,11.77380921
3.476,13.360974,11.57708421
3.477,13.334096,11.37853167
3.478,13.2337,11.17818292
3.479,13.188528,10.97606959
3.48,13.043313,10.77222359
3.481,12.795725,10.56667709
3.482,12.384393,10.35946254
3.483,11.938831,10.15061266
3.484,11.530316,9.940160414
3.485,10.899246,9.728139019
3.486,10.347922,9.514581948
3.487,9.843946,9.299522913
3.488,9.367144,9.082995863
3.489,8.811055,8.865034978
3.49,8.225742,8.645674666
3.491,7.633538,8.424949554
3.492,7.082837,8.202894487
3.493,6.674959,7.979544517
3.494,6.310661,7.754934903
3.495,6.009586,7.529101101
3.496,5.791827,7.302078761
3.497,5.599467,7.073903721
3.498,5.543025,6.844612
3.499,5.42439,6.614239794
3.5,5.306556,6.38282347
3.501,5.152288,6.150399558
3.502,4.981726,5.917004749
3.503,4.771969,5.682675886
3.504,4.492882,5.447449961
3.505,4.122357,5.211364105
3.506,3.620443,4.974455588
3.507,3.152941,4.736761807
3.508,2.676572,4.498320285
3.509,2.156189,4.259168662
3.51,2.067885,4.01934469
3.511,1.974875,3.778886227
3.512,1.898952,3.537831232
3.513,1.661804,3.296217758
3.514,1.881557,3.054083945
3.515,1.940831,2.811468018
3.516,4.174459,2.568408274
3.517,4.277726,2.324943083
3.518,4.194178,2.081110879
3.519,4.129478,1.836950153
3.52,3.930564,1.592499446
3.521,3.646051,1.347797349
3.522,3.209331,1.10288249
3.523,2.670705,0.857793531
3.524,2.117302,0.612569161
3.525,1.554776,0.367248092
3.526,1.020061,0.121869049
3.527,0.571698,-0.123529232
3.528,0.124723,-0.368908013
3.529,-0.09606,-0.614228559
3.53,-0.180526,-0.859452142
3.531,-0.287398,-1.104540054
3.532,-0.313471,-1.349453603
3.533,-0.295512,-1.594154129
3.534,-0.257312,-1.838603003
3.535,-0.285787,-2.082761637
3.536,-0.288779,-2.326591487
3.537,-0.402586,-2.570054064
3.538,-0.558586,-2.813110934
3.539,-0.74176,-3.055723728
3.54,-0.944873,-3.297854149
3.541,-1.093931,-3.539463973
3.542,-1.252247,-3.78051506
3.543,-1.436436,-4.020969357
3.544,-1.607839,-4.260788908
3.545,-1.590625,-4.499935854
3.546,-1.735754,-4.738372444
3.547,-1.918624,-4.976061038
3.548,-2.144282,-5.212964115
3.549,-2.344087,-5.449044278
3.55,-2.571959,-5.684264259
3.551,-2.824056,-5.918586926
3.552,-3.169578,-6.151975291
3.553,-3.479374,-6.384392509
3.554,-3.832457,-6.615801892
3.555,-4.188746,-6.84616691
3.556,-4.554576,-7.075451198
3.557,-4.71167,-7.30361856
3.558,-4.868605,-7.530632979
3.559,-5.130546,-7.756458619
3.56,-5.411545,-7.98105983
3.561,-5.656104,-8.204401157
3.562,-5.86462,-8.426447345
3.563,-5.949305,-8.64716334
3.564,-6.090613,-8.8665143
3.565,-6.267276,-9.0844656
3.566,-6.516104,-9.300982834
3.567,-6.852102,-9.516031821
3.568,-7.221785,-9.729578616
3.569,-7.534535,-9.941589507
3.57,-7.773529,-10.15203103
3.571,-7.978289,-10.36086995
3.572,-8.178927,-10.56807332
3.573,-8.417932,-10.77360843
3.574,-8.699367,-10.97744281
3.575,-8.79197,-11.17954431
3.576,-8.857356,-11.37988102
3.577,-8.883852,-11.5784213
3.578,-8.902885,-11.77513383
3.579,-8.964004,-11.96998754
3.58,-9.054627,-12.16295168
3.581,-9.053103,-12.35399579
3.582,-9.114247,-12.5430897
3.583,-9.111035,-12.73020357
3.584,-9.155591,-12.91530786
3.585,-9.212714,-13.09837336
3.586,-9.32036,-13.27937115
3.587,-9.415676,-13.45827267
3.588,-9.513629,-13.63504968
3.589,-9.623542,-13.80967427
3.59,-9.765865,-13.98211888
3.591,-9.890387,-14.15235628
3.592,-10.184815,-14.3203596
3.593,-10.419245,-14.48610233
3.594,-10.593199,-14.64955828
3.595,-10.842115,-14.81070167
3.596,-11.179544,-14.96950706
3.597,-11.736977,-15.12594937
3.598,-12.278077,-15.28000391
3.599,-12.77523,-15.43164636
3.6,-13.216723,-15.58085278
3.601,-13.571849,-15.72759962
3.602,-13.687135,-15.87186372
3.603,-13.550058,-16.01362229
3.604,-13.399101,-16.15285297
3.605,-13.201208,-16.28953377
3.606,-13.05263,-16.42364312
3.607,-12.935378,-16.55515985
3.608,-12.744971,-16.68406319
3.609,-12.621174,-16.8103328
3.61,-12.5071,-16.93394874
3.611,-12.435898,-17.05489151
3.612,-12.40379,-17.173142
3.613,-12.435865,-17.28868155
3.614,-12.474169,-17.40149193
3.615,-12.392086,-17.51155532
3.616,-12.309323,-17.61885435
3.617,-12.136522,-17.72337208
3.618,-11.988833,-17.82509202
3.619,-11.838649,-17.9239981
3.62,-11.767179,-18.02007471
3.621,-14.644959,-18.11330669
3.622,-14.724241,-18.20367931
3.623,-14.973976,-18.29117832
3.624,-15.374716,-18.3757899
3.625,-15.861282,-18.45750069
3.626,-16.419066,-18.53629779
3.627,-16.958747,-18.61216877
3.628,-17.497942,-18.68510164
3.629,-18.021604,-18.7550849
3.63,-18.485333,-18.8221075
3.631,-18.98069,-18.88615886
3.632,-19.339658,-18.94722886
3.633,-19.648102,-19.00530786
3.634,-19.816595,-19.06038671
3.635,-19.861904,-19.1124567
3.636,-19.783299,-19.16150961
3.637,-19.6463,-19.20753769
3.638,-19.440299,-19.2505337
3.639,-19.268049,-19.29049083
3.64,-19.183549,-19.32740277
3.641,-19.191874,-19.36126371
3.642,-19.280773,-19.3920683
3.643,-19.425955,-19.41981167
3.644,-19.608772,-19.44448944
3.645,-19.773562,-19.46609772
3.646,-19.936422,-19.4846331
3.647,-19.910643,-19.50009265
3.648,-19.977121,-19.51247393
3.649,-20.086519,-19.52177499
3.65,-20.087435,-19.52799436
3.651,-20.022954,-19.53113105
3.652,-19.810539,-19.53118457
3.653,-19.543991,-19.52815492
3.654,-19.167953,-19.52204257
3.655,-18.816466,-19.51284848
3.656,-18.522026,-19.50057411
3.657,-18.31485,-19.4852214
3.658,-18.116293,-19.46679276
3.659,-17.955307,-19.44529111
3.66,-17.824454,-19.42071985
3.661,-17.657646,-19.39308284
3.662,-17.456874,-19.36238446
3.663,-17.291159,-19.32862955
3.664,-17.265007,-19.29182344
3.665,-17.325375,-19.25197193
3.666,-17.316966,-19.20908132
3.667,-17.286185,-19.16315839
3.668,-17.167405,-19.11421037
3.669,-17.093735,-19.062245
3.67,-16.946783,-19.00727048
3.671,-16.86361,-18.94929548
3.672,-16.914335,-18.88832916
3.673,-17.107069,-18.82438115
3.674,-17.367304,-18.75746154
3.675,-17.644543,-18.68758089
3.676,-17.85745,-18.61475023
3.677,-18.060994,-18.53898106
3.678,-18.19782,-18.46028535
3.679,-18.248829,-18.3786755
3.68,-18.215766,-18.29416442
3.681,-18.123665,-18.20676543
3.682,-17.927805,-18.11649234
3.683,-17.712366,-18.02335939
3.684,-17.422666,-17.92738129
3.685,-17.111692,-17.82857319
3.686,-16.883079,-17.72695068
3.687,-16.765826,-17.62252981
3.688,-16.664727,-17.51532706
3.689,-16.591897,-17.40535936
3.69,-16.536578,-17.29264406
3.691,-16.417013,-17.17719896
3.692,-16.28081,-17.05904228
3.693,-15.958369,-16.93819267
3.694,-15.618724,-16.81466921
3.695,-15.301682,-16.6884914
3.696,-14.860578,-16.55967916
3.697,-14.493945,-16.42825282
3.698,-14.178632,-16.29423314
3.699,-13.962329,-16.15764125
3.7,-13.734887,-16.01849874
3.701,-13.570835,-15.87682756
3.702,-13.58061,-15.73265007
3.703,-13.741049,-15.58598904
3.704,-13.923362,-15.43686762
3.705,-14.082982,-15.28530935
3.706,-14.142308,-15.13133815
3.707,-13.982028,-14.97497833
3.708,-13.721256,-14.81625457
3.709,-13.41262,-14.65519193
3.71,-13.024839,-14.49181583
3.711,-12.585049,-14.32615207
3.712,-12.025811,-14.15822679
3.713,-11.603294,-13.9880665
3.714,-10.951682,-13.81569807
3.715,-10.410489,-13.64114871
3.716,-10.041507,-13.46444596
3.717,-9.744344,-13.28561773
3.718,-9.542417,-13.10469224
3.719,-9.444319,-12.92169806
3.72,-9.46816,-12.73666406
3.721,-9.734658,-12.54961947
3.722,-9.930545,-12.3605938
3.723,-10.203614,-12.1696169
3.724,-10.521902,-11.97671891
3.725,-10.867886,-11.78193029
3.726,-11.202784,-11.58528179
3.727,-11.693296,-11.38680443
3.728,-12.018329,-11.18652957
3.729,-12.154553,-10.98448881
3.73,-12.087876,-10.78071405
3.731,-11.86092,-10.57523745
3.732,-11.521113,-10.36809146
3.733,-11.006544,-10.15930876
3.734,-10.326235,-9.948922329
3.735,-9.575853,-9.736965365
3.736,-8.832794,-9.523471332
3.737,-8.074546,-9.308473932
3.738,-7.412523,-9.092007103
3.739,-6.909038,-8.874105018
3.74,-6.508688,-8.654802073
3.741,-6.28736,-8.434132888
3.742,-5.990371,-8.212132298
3.743,-5.718725,-7.988835347
3.744,-5.453887,-7.764277285
3.745,-5.210776,-7.53849356
3.746,-5.113991,-7.311519815
3.747,-4.804452,-7.083391879
3.748,-4.536747,-6.854145764
3.749,-4.314438,-6.62381766
3.75,-4.230002,-6.392443925
3.751,-4.009503,-6.160061084
3.752,-3.800476,-5.92670582
3.753,-3.61343,-5.692414972
3.754,-3.472231,-5.457225523
3.755,-3.510573,-5.221174601
3.756,-3.59633,-4.984299469
3.757,-3.503427,-4.74663752
3.758,-3.228704,-4.508226269
3.759,-2.860088,-4.269103354
3.76,-2.481385,-4.029306522
3.761,-2.105802,-3.788873626
3.762,-1.830825,-3.547842622
3.763,-1.354479,-3.306251559
3.764,-0.833071,-3.064138573
3.765,-0.174673,-2.821541885
3.766,-2.654429,-2.57849979
3.767,-2.215142,-2.335050656
3.768,1.659591,-2.091232912
3.769,-1.514501,-1.847085048
3.77,-1.170749,-1.602645604
3.771,-1.005635,-1.357953168
3.772,-0.74922,-1.113046367
3.773,-0.521007,-0.867963861
3.774,-0.297384,-0.622744339
3.775,-0.229742,-0.377426512
3.776,-0.146417,-0.132049103
3.777,-0.004579,0.11334915
3.778,0.054656,0.35872951
3.779,0.113043,0.604053241
3.78,0.207096,0.849281617
3.781,0.298677,1.094375926
3.782,0.478825,1.339297478
3.783,0.695433,1.584007609
3.784,1.052267,1.82846769
3.785,1.487078,2.072639131
3.786,2.045469,2.316483386
3.787,2.602689,2.559961964
3.788,3.288205,2.803036427
3.789,4.052443,3.045668406
3.79,4.745553,3.287819598
3.791,5.331149,3.529451777
3.792,5.964123,3.7705268
3.793,6.329961,4.011006611
3.794,6.618399,4.250853247
3.795,6.666383,4.490028847
3.796,6.659947,4.728495655
3.797,6.570129,4.966216026
3.798,6.434952,5.203152434
3.799,6.196546,5.439267477
3.8,6.088638,5.674523881
3.801,5.994117,5.90888451
3.802,5.955605,6.142312366
3.803,6.050794,6.374770603
3.804,6.313323,6.606222523
3.805,6.584755,6.83663159
3.806,7.146772,7.065961431
3.807,7.80605,7.294175846
3.808,8.563573,7.521238808
3.809,15.718764,7.747114474
3.81,16.669349,7.971767186
3.811,17.301645,8.195161481
3.812,17.971095,8.417262095
3.813,18.548108,8.638033966
3.814,18.907899,8.857442245
3.815,19.203745,9.075452294
3.816,19.364441,9.2920297
3.817,19.402171,9.507140274
3.818,19.20575,9.720750058
3.819,19.037359,9.932825332
3.82,18.758533,10.14333262
3.821,18.459567,10.35223869
3.822,12.602219,10.55951056
3.823,12.398622,10.76511551
3.824,12.207587,10.9690211
3.825,12.12072,11.17119512
3.826,12.158839,11.37160567
3.827,12.33219,11.5702211
3.828,12.418172,11.76701007
3.829,12.574672,11.96194151
3.83,12.612182,12.15498464
3.831,12.679189,12.346109
3.832,12.628002,12.53528441
3.833,17.016692,12.72248101
3.834,16.891411,12.90766926
3.835,16.788897,13.0908199
3.836,16.86436,13.27190404
3.837,17.048352,13.45089309
3.838,17.278392,13.62775879
3.839,13.417732,13.80247323
3.84,13.813043,13.97500881
3.841,14.320357,14.14533832
3.842,14.849319,14.31343485
3.843,15.443803,14.47927187
3.844,16.123051,14.64282321
3.845,16.642272,14.80406304
3.846,16.90842,14.96296592
3.847,17.079236,15.11950675
3.848,17.213636,15.27366083
3.849,17.31493,15.42540383
3.85,17.33259,15.57471178
3.851,17.447076,15.72156112
3.852,17.673525,15.86592866
3.853,17.959313,16.00779163
3.854,18.319993,16.14712761
3.855,18.711855,16.28391463
3.856,19.032836,16.41813108
3.857,19.339168,16.54975577
3.858,19.600447,16.67876794
3.859,19.821666,16.8051472
3.86,19.930396,16.92887362
3.861,20.013776,17.04992766
3.862,20.018793,17.16829022
3.863,19.990766,17.2839426
3.864,23.118424,17.39686655
3.865,22.77811,17.50704425
3.866,22.36822,17.61445829
3.867,21.905231,17.71909174
3.868,21.558927,17.82092806
3.869,21.319116,17.91995119
3.87,21.211319,18.01614548
3.871,21.167616,18.10949576
3.872,21.146069,18.19998729
3.873,21.154438,18.28760579
3.874,21.111206,18.37233742
3.875,20.934101,18.4541688
3.876,20.739613,18.53308703
3.877,20.42833,18.60907964
3.878,20.254126,18.68213463
3.879,20.033192,18.75224048
3.88,19.757245,18.81938611
3.881,19.478833,18.88356093
3.882,19.331713,18.94475481
3.883,19.214248,19.00295808
3.884,19.26081,19.05816156
3.885,19.430798,19.11035653
3.886,19.693581,19.15953476
3.887,19.964111,19.20568848
3.888,20.113789,19.24881041
3.889,20.218247,19.28889373
3.89,20.359606,19.32593212
3.891,20.239325,19.35991974
3.892,19.994414,19.39085122
3.893,19.549485,19.41872167
3.894,18.926347,19.4435267
3.895,18.324412,19.46526239
3.896,17.756338,19.4839253
3.897,17.3127,19.49951251
3.898,16.958944,19.51202153
3.899,16.750239,19.5214504
3.9,16.638556,19.52779763
3.901,16.681431,19.53106222
3.902,16.741712,19.53124365
3.903,17.207377,19.5283419
3.904,17.955734,19.52235741
3.905,18.728623,19.51329114
3.906,19.608087,19.50114452
3.907,20.598648,19.48591947
3.908,21.481539,19.46761838
3.909,22.094674,19.44624415
3.91,22.352172,19.42180015
3.911,22.206084,19.39429025
3.912,21.941336,19.36371877
3.913,21.321872,19.33009055
3.914,20.699627,19.29341091
3.915,20.140802,19.25368561
3.916,19.575193,19.21092095
3.917,18.997051,19.16512367
3.918,18.483856,19.11630099
3.919,18.030585,19.06446064
3.92,17.746029,19.00961078
3.921,17.468746,18.95176008
3.922,17.472811,18.89091767
3.923,17.60399,18.82709315
3.924,17.839797,18.7602966
3.925,18.185279,18.69053857
3.926,18.387436,18.61783007
3.927,18.527452,18.54218257
3.928,18.702301,18.46360802
3.929,18.895986,18.38211881
3.93,19.045475,18.29772782
3.931,19.126761,18.21044836
3.932,19.074912,18.12029422
3.933,18.915131,18.02727962
3.934,18.635876,17.93141926
3.935,18.288407,17.83272825
3.936,18.007504,17.73122218
3.937,17.904446,17.62691707
3.938,17.936604,17.51982939
3.939,18.029152,17.40997605
3.94,18.259612,17.29737438
3.941,18.477728,17.18204217
3.942,18.718516,17.06399761
3.943,18.884228,16.94325934
3.944,19.024005,16.81984642
3.945,19.078647,16.69377833
3.946,19.309817,16.56507498
3.947,19.313657,16.43375667
3.948,19.407836,16.29984415
3.949,19.29218,16.16335855
3.95,19.096088,16.02432141
3.951,18.708506,15.88275469
3.952,18.514389,15.73868072
3.953,18.381946,15.59212227
3.954,18.285272,15.44310245
3.955,18.146718,15.29164479
3.956,17.887071,15.13777321
3.957,17.4013,14.98151199
3.958,16.967582,14.82288581
3.959,16.521279,14.66191969
3.96,16.100983,14.49863905
3.961,15.723158,14.33306968
3.962,15.403108,14.16523769
3.963,15.290285,13.99516959
3.964,15.042968,13.82289223
3.965,14.794397,13.64843279
3.966,14.746446,13.47181883
3.967,14.678066,13.29307821
3.968,14.600056,13.11223916
3.969,14.540402,12.92933022
3.97,14.482083,12.74438027
3.971,14.490644,12.55741849
3.972,14.489128,12.36847442
3.973,14.512393,12.17757787
3.974,14.474384,11.98475897
3.975,14.196861,11.79004817
3.976,13.607,11.59347621
3.977,12.887839,11.3950741
3.978,12.043645,11.19487318
3.979,11.397529,10.99290505
3.98,11.123672,10.78920158
3.981,10.640629,10.58379494
3.982,10.1023,10.37671755
3.983,9.509321,10.1680021
3.984,9.098829,9.957681541
3.985,9.0716,9.745789066
3.986,9.460192,9.532358129
3.987,10.029214,9.317422422
3.988,10.537932,9.101015874
3.989,10.780937,8.883172647
3.99,10.758663,8.663927129
3.991,10.570907,8.443313931
3.992,10.331373,8.221367878
3.993,9.980047,7.998124006
3.994,9.482566,7.773617557
3.995,8.82615,7.547883971
3.996,7.952493,7.320958882
3.997,6.990833,7.092878112
3.998,5.976499,6.863677666
3.999,5.049539,6.633393726
4,4.281381,6.402062643
